<?xml version="1.0" encoding="UTF-8"?>
<kml xmlns="http://www.opengis.net/kml/2.2">
  <Document>
    <name>Vendite</name>
    <description/>
    <Style id="icon-1899-0288D1-normal">
      <IconStyle>
        <color>ffd18802</color>
        <scale>1</scale>
        <Icon>
          <href>https://www.gstatic.com/mapspro/images/stock/503-wht-blank_maps.png</href>
        </Icon>
        <hotSpot x="32" xunits="pixels" y="64" yunits="insetPixels"/>
      </IconStyle>
      <LabelStyle>
        <scale>0</scale>
      </LabelStyle>
    </Style>
    <Style id="icon-1899-0288D1-highlight">
      <IconStyle>
        <color>ffd18802</color>
        <scale>1</scale>
        <Icon>
          <href>https://www.gstatic.com/mapspro/images/stock/503-wht-blank_maps.png</href>
        </Icon>
        <hotSpot x="32" xunits="pixels" y="64" yunits="insetPixels"/>
      </IconStyle>
      <LabelStyle>
        <scale>1</scale>
      </LabelStyle>
    </Style>
    <StyleMap id="icon-1899-0288D1">
      <Pair>
        <key>normal</key>
        <styleUrl>#icon-1899-0288D1-normal</styleUrl>
      </Pair>
      <Pair>
        <key>highlight</key>
        <styleUrl>#icon-1899-0288D1-highlight</styleUrl>
      </Pair>
    </StyleMap>
    <Style id="icon-1899-0288D1-nodesc-normal">
      <IconStyle>
        <color>ffd18802</color>
        <scale>1</scale>
        <Icon>
          <href>https://www.gstatic.com/mapspro/images/stock/503-wht-blank_maps.png</href>
        </Icon>
        <hotSpot x="32" xunits="pixels" y="64" yunits="insetPixels"/>
      </IconStyle>
      <LabelStyle>
        <scale>0</scale>
      </LabelStyle>
      <BalloonStyle>
        <text><![CDATA[<h3>$[name]</h3>]]></text>
      </BalloonStyle>
    </Style>
    <Style id="icon-1899-0288D1-nodesc-highlight">
      <IconStyle>
        <color>ffd18802</color>
        <scale>1</scale>
        <Icon>
          <href>https://www.gstatic.com/mapspro/images/stock/503-wht-blank_maps.png</href>
        </Icon>
        <hotSpot x="32" xunits="pixels" y="64" yunits="insetPixels"/>
      </IconStyle>
      <LabelStyle>
        <scale>1</scale>
      </LabelStyle>
      <BalloonStyle>
        <text><![CDATA[<h3>$[name]</h3>]]></text>
      </BalloonStyle>
    </Style>
    <StyleMap id="icon-1899-0288D1-nodesc">
      <Pair>
        <key>normal</key>
        <styleUrl>#icon-1899-0288D1-nodesc-normal</styleUrl>
      </Pair>
      <Pair>
        <key>highlight</key>
        <styleUrl>#icon-1899-0288D1-nodesc-highlight</styleUrl>
      </Pair>
    </StyleMap>
    <Style id="icon-1899-DB4436-nodesc-normal">
      <IconStyle>
        <color>ff3644db</color>
        <scale>1</scale>
        <Icon>
          <href>https://www.gstatic.com/mapspro/images/stock/503-wht-blank_maps.png</href>
        </Icon>
        <hotSpot x="32" xunits="pixels" y="64" yunits="insetPixels"/>
      </IconStyle>
      <LabelStyle>
        <scale>0</scale>
      </LabelStyle>
      <BalloonStyle>
        <text><![CDATA[<h3>$[name]</h3>]]></text>
      </BalloonStyle>
    </Style>
    <Style id="icon-1899-DB4436-nodesc-highlight">
      <IconStyle>
        <color>ff3644db</color>
        <scale>1</scale>
        <Icon>
          <href>https://www.gstatic.com/mapspro/images/stock/503-wht-blank_maps.png</href>
        </Icon>
        <hotSpot x="32" xunits="pixels" y="64" yunits="insetPixels"/>
      </IconStyle>
      <LabelStyle>
        <scale>1</scale>
      </LabelStyle>
      <BalloonStyle>
        <text><![CDATA[<h3>$[name]</h3>]]></text>
      </BalloonStyle>
    </Style>
    <StyleMap id="icon-1899-DB4436-nodesc">
      <Pair>
        <key>normal</key>
        <styleUrl>#icon-1899-DB4436-nodesc-normal</styleUrl>
      </Pair>
      <Pair>
        <key>highlight</key>
        <styleUrl>#icon-1899-DB4436-nodesc-highlight</styleUrl>
      </Pair>
    </StyleMap>
    <Style id="line-1267FF-5000-nodesc-normal">
      <LineStyle>
        <color>ffff6712</color>
        <width>5</width>
      </LineStyle>
      <BalloonStyle>
        <text><![CDATA[<h3>$[name]</h3>]]></text>
      </BalloonStyle>
    </Style>
    <Style id="line-1267FF-5000-nodesc-highlight">
      <LineStyle>
        <color>ffff6712</color>
        <width>7.5</width>
      </LineStyle>
      <BalloonStyle>
        <text><![CDATA[<h3>$[name]</h3>]]></text>
      </BalloonStyle>
    </Style>
    <StyleMap id="line-1267FF-5000-nodesc">
      <Pair>
        <key>normal</key>
        <styleUrl>#line-1267FF-5000-nodesc-normal</styleUrl>
      </Pair>
      <Pair>
        <key>highlight</key>
        <styleUrl>#line-1267FF-5000-nodesc-highlight</styleUrl>
      </Pair>
    </StyleMap>
    <Folder>
      <name>Soggetti.csv</name>
      <Placemark>
        <name>100 Cose snc dei F.lli Puddu</name>
        <address><![CDATA[Via Fontana Nuova 8 Villa Sant'Antonio  09080 Oristano (OR)]]></address>
        <description><![CDATA[Via Fontana Nuova 8 Villa Sant'Antonio  09080 Oristano (OR)]]></description>
        <styleUrl>#icon-1899-0288D1</styleUrl>
      </Placemark>
      <Placemark>
        <name>131 Trasporti S.r.l.</name>
        <address>Via Colombo 21  09030 Pabillonis (VS)</address>
        <description>Via Colombo 21  09030 Pabillonis (VS)</description>
        <styleUrl>#icon-1899-0288D1</styleUrl>
      </Placemark>
      <Placemark>
        <name><![CDATA[2 A Trasporti di Roberto Arrus & C. Sas]]></name>
        <address>Via Donizetti 10/A  09010 San Giovanni Suergiu (CI)</address>
        <description>Via Donizetti 10/A  09010 San Giovanni Suergiu (CI)</description>
        <styleUrl>#icon-1899-0288D1</styleUrl>
      </Placemark>
      <Placemark>
        <name><![CDATA[2 C di Cocco O & Contini G.]]></name>
        <address>S.P. 15 bivio Mara  09040 Maracalagonis (CA)</address>
        <description>S.P. 15 bivio Mara  09040 Maracalagonis (CA)</description>
        <styleUrl>#icon-1899-0288D1</styleUrl>
      </Placemark>
      <Placemark>
        <name><![CDATA[2 Emme di Manconi Angelo & Marrazzu Massimiliano S.N.C.]]></name>
        <address>Località Sa Tanchitta  07047 Thiesi (SS)</address>
        <description>Località Sa Tanchitta  07047 Thiesi (SS)</description>
        <styleUrl>#icon-1899-0288D1</styleUrl>
      </Placemark>
      <Placemark>
        <name>2 P Logistica Srl</name>
        <address>Via San Martino 13  08100 Nuoro (NU)</address>
        <description>Via San Martino 13  08100 Nuoro (NU)</description>
        <styleUrl>#icon-1899-0288D1</styleUrl>
      </Placemark>
      <Placemark>
        <name>2A Forniture Industriali srl</name>
        <address>via Giulio Cesare 143/145  09010 Portoscuso (CI)</address>
        <description>via Giulio Cesare 143/145  09010 Portoscuso (CI)</description>
        <styleUrl>#icon-1899-0288D1</styleUrl>
      </Placemark>
      <Placemark>
        <name>2A Logistica S.R.L.S.</name>
        <address>Via Pietro Nenni 11/B  08015 Macomer (NU)</address>
        <description>Via Pietro Nenni 11/B  08015 Macomer (NU)</description>
        <styleUrl>#icon-1899-0288D1</styleUrl>
      </Placemark>
      <Placemark>
        <name>2emme Traspolog Srl</name>
        <address>Piazza Colombo 4  07046 Porto Torres (SS)</address>
        <description>Piazza Colombo 4  07046 Porto Torres (SS)</description>
        <styleUrl>#icon-1899-0288D1</styleUrl>
      </Placemark>
      <Placemark>
        <name>2G Tabacchi di Gianluca Perre</name>
        <address>Via Pierluigi da Palestrina 56  09129 Cagliari (CA)</address>
        <description>Via Pierluigi da Palestrina 56  09129 Cagliari (CA)</description>
        <styleUrl>#icon-1899-0288D1</styleUrl>
      </Placemark>
      <Placemark>
        <name>2L S.R.L.S.</name>
        <address>Zona Industriale Sologo - Lotto N. 8 sn  08020 Lula (NU)</address>
        <description>Zona Industriale Sologo - Lotto N. 8 sn  08020 Lula (NU)</description>
        <styleUrl>#icon-1899-0288D1</styleUrl>
      </Placemark>
      <Placemark>
        <name>2M Car Service di Mattia Mascia</name>
        <address>Via Pantelleria 41/A  09012 Capoterra (CA)</address>
        <description>Via Pantelleria 41/A  09012 Capoterra (CA)</description>
        <styleUrl>#icon-1899-0288D1</styleUrl>
      </Placemark>
      <Placemark>
        <name>2T società Cooperativa Sociale</name>
        <address>via XXVIII Aprile snc  09010 Villamassargia (SU)</address>
        <description>via XXVIII Aprile snc  09010 Villamassargia (SU)</description>
        <styleUrl>#icon-1899-0288D1</styleUrl>
      </Placemark>
      <Placemark>
        <name>3 D Deiana Nicola</name>
        <address>Via Enrico Fermi 3  09071 Abbasanta (OR)</address>
        <description>Via Enrico Fermi 3  09071 Abbasanta (OR)</description>
        <styleUrl>#icon-1899-0288D1</styleUrl>
      </Placemark>
      <Placemark>
        <name>3D di Marcello Deidda</name>
        <address>Via Azuni Domenico Alberto 21  09039 Villacidro (CA)</address>
        <description>Via Azuni Domenico Alberto 21  09039 Villacidro (CA)</description>
        <styleUrl>#icon-1899-0288D1</styleUrl>
      </Placemark>
      <Placemark>
        <name>3F Autrasporti di Farris Marco</name>
        <address>Via Bellisario 42 c/o Bar da Ugo  08100 Nuoro (NU)</address>
        <description>Via Bellisario 42 c/o Bar da Ugo  08100 Nuoro (NU)</description>
        <styleUrl>#icon-1899-0288D1</styleUrl>
      </Placemark>
      <Placemark>
        <name>3J S.R.L. Unipersonale</name>
        <address>Via Giua snc  09122 Cagliari (CA)</address>
        <description>Via Giua snc  09122 Cagliari (CA)</description>
        <styleUrl>#icon-1899-0288D1</styleUrl>
      </Placemark>
      <Placemark>
        <name>3S Ricambi di Alice Sarobba</name>
        <address>Loc. Contrabile  07014 Ozieri (SS)</address>
        <description>Loc. Contrabile  07014 Ozieri (SS)</description>
        <styleUrl>#icon-1899-0288D1</styleUrl>
      </Placemark>
      <Placemark>
        <name>4 Beton Service S.R.L.S.</name>
        <address>Via Lu Neddu Snc  07020 Loiri Porto San Paolo (SS)</address>
        <description>Via Lu Neddu Snc  07020 Loiri Porto San Paolo (SS)</description>
        <styleUrl>#icon-1899-0288D1</styleUrl>
      </Placemark>
      <Placemark>
        <name>4 Venti ASD</name>
        <address>via Mazzini 3A  09023 Monastir (CA)</address>
        <description>via Mazzini 3A  09023 Monastir (CA)</description>
        <styleUrl>#icon-1899-0288D1</styleUrl>
      </Placemark>
      <Placemark>
        <name>4M Service di Boni Valentina</name>
        <address>Via Sassari snc  08020 Oniferi (NU)</address>
        <description>Via Sassari snc  08020 Oniferi (NU)</description>
        <styleUrl>#icon-1899-0288D1</styleUrl>
      </Placemark>
      <Placemark>
        <name><![CDATA[A&D Carni e Autotrasporti Cooperativa A R.L.]]></name>
        <address>Località Badu Angiones 1  07010 Ardara (SS)</address>
        <description>Località Badu Angiones 1  07010 Ardara (SS)</description>
        <styleUrl>#icon-1899-0288D1</styleUrl>
      </Placemark>
      <Placemark>
        <name>A.C. Autocarrozzeria di Cadeddu Angelo</name>
        <address>via M. Carta 1  09039 Villacidro (SU)</address>
        <description>via M. Carta 1  09039 Villacidro (SU)</description>
        <styleUrl>#icon-1899-0288D1</styleUrl>
      </Placemark>
      <Placemark>
        <name>A.C. Autotrasporti srl</name>
        <address>Strada XVI Est  09092 Arborea (OR)</address>
        <description>Strada XVI Est  09092 Arborea (OR)</description>
        <styleUrl>#icon-1899-0288D1</styleUrl>
      </Placemark>
      <Placemark>
        <name>A.C. Service Carrelli Elevatori di Paolo Copez</name>
        <address>via Karol Woityla 5  09033 Decimomannu (CA)</address>
        <description>via Karol Woityla 5  09033 Decimomannu (CA)</description>
        <styleUrl>#icon-1899-0288D1</styleUrl>
      </Placemark>
      <Placemark>
        <name><![CDATA[A.D. di Murino Paolo & C. S.A.S.]]></name>
        <address>S.P. 8 Monserrato/Sestu SNC  09047 Selargius (CA)</address>
        <description>S.P. 8 Monserrato/Sestu SNC  09047 Selargius (CA)</description>
        <styleUrl>#icon-1899-0288D1</styleUrl>
      </Placemark>
      <Placemark>
        <name>A.F.G.S. - F.Lli Piredda S.R.L.</name>
        <address>Via Italia 18  07040 Tissi (SS)</address>
        <description>Via Italia 18  07040 Tissi (SS)</description>
        <styleUrl>#icon-1899-0288D1</styleUrl>
      </Placemark>
      <Placemark>
        <name>A.L. Costruzioni e Servizi S.R.L. Semplificata</name>
        <address>Via Grazia Deledda 9/A  07020 Loiri Porto San Paolo (SS)</address>
        <description>Via Grazia Deledda 9/A  07020 Loiri Porto San Paolo (SS)</description>
        <styleUrl>#icon-1899-0288D1</styleUrl>
      </Placemark>
      <Placemark>
        <name>A.L. Trasporti Srl Semplificata</name>
        <address>Via Machiavelli 8  07025 Luras (SS)</address>
        <description>Via Machiavelli 8  07025 Luras (SS)</description>
        <styleUrl>#icon-1899-0288D1</styleUrl>
      </Placemark>
      <Placemark>
        <name>A.M. S.R.L.S.</name>
        <address>Via Salvatore Petta 110  07026 Olbia (SS)</address>
        <description>Via Salvatore Petta 110  07026 Olbia (SS)</description>
        <styleUrl>#icon-1899-0288D1</styleUrl>
      </Placemark>
      <Placemark>
        <name>A.M.A. Produzioni Società Cooperativa</name>
        <address>Via Bernini 21  09020 Ussana (SU)</address>
        <description>Via Bernini 21  09020 Ussana (SU)</description>
        <styleUrl>#icon-1899-0288D1</styleUrl>
      </Placemark>
      <Placemark>
        <name>A.S. Trasporti S.R.L.</name>
        <address>Località Macchiareddu Snc  09010 Uta (CA)</address>
        <description>Località Macchiareddu Snc  09010 Uta (CA)</description>
        <styleUrl>#icon-1899-0288D1</styleUrl>
      </Placemark>
      <Placemark>
        <name>A.S.D. Racing Team Sorso</name>
        <address>Via Cottoni 48  07037 Sorso (SS)</address>
        <description>Via Cottoni 48  07037 Sorso (SS)</description>
        <styleUrl>#icon-1899-0288D1</styleUrl>
      </Placemark>
      <Placemark>
        <name>A.T.R. di Arrius Roberto</name>
        <address><![CDATA[via Eleonora D'Arborea 4  09010 Uta (CA)]]></address>
        <description><![CDATA[via Eleonora D'Arborea 4  09010 Uta (CA)]]></description>
        <styleUrl>#icon-1899-0288D1</styleUrl>
      </Placemark>
      <Placemark>
        <name>A.Tor. S.R.L.S.</name>
        <address>Via Carmine 42  09032 Assemini (CA)</address>
        <description>Via Carmine 42  09032 Assemini (CA)</description>
        <styleUrl>#icon-1899-0288D1</styleUrl>
      </Placemark>
      <Placemark>
        <name>Abiotec S.R.L.</name>
        <address><![CDATA[Via dell'Artigianato 6  09122 Cagliari (CA)]]></address>
        <description><![CDATA[Via dell'Artigianato 6  09122 Cagliari (CA)]]></description>
        <styleUrl>#icon-1899-0288D1</styleUrl>
      </Placemark>
      <Placemark>
        <name>ABN Autoricambi srl</name>
        <address>via Degli Artigiani 105  08015 Macomer (NU)</address>
        <description>via Degli Artigiani 105  08015 Macomer (NU)</description>
        <styleUrl>#icon-1899-0288D1</styleUrl>
      </Placemark>
      <Placemark>
        <name>Accareddu Giovanni Srl</name>
        <address>Via Case Sparse Loc. San Quirico podere 28  09170 Oristano (OR)</address>
        <description>Via Case Sparse Loc. San Quirico podere 28  09170 Oristano (OR)</description>
        <styleUrl>#icon-1899-0288D1</styleUrl>
      </Placemark>
      <Placemark>
        <name>Acentrass V.I. S.R.L.</name>
        <address>Via Natta  09122 Cagliari (CA)</address>
        <description>Via Natta  09122 Cagliari (CA)</description>
        <styleUrl>#icon-1899-0288D1</styleUrl>
      </Placemark>
      <Placemark>
        <name>Adamu Maria Elisabetta</name>
        <address><![CDATA[Piazza Domenico Alberto Azuni 15  09045 Quartu Sant'Elena (CA)]]></address>
        <description><![CDATA[Piazza Domenico Alberto Azuni 15  09045 Quartu Sant'Elena (CA)]]></description>
        <styleUrl>#icon-1899-0288D1</styleUrl>
      </Placemark>
      <Placemark>
        <name>Adho Service Srl</name>
        <address>Via Madagascar 11/B  07026 Olbia (SS)</address>
        <description>Via Madagascar 11/B  07026 Olbia (SS)</description>
        <styleUrl>#icon-1899-0288D1</styleUrl>
      </Placemark>
      <Placemark>
        <name>Agenzia Funebre di Puddu Marco</name>
        <address>Via XXI Aprile Snc Snc  09044 Quartucciu (CA)</address>
        <description>Via XXI Aprile Snc Snc  09044 Quartucciu (CA)</description>
        <styleUrl>#icon-1899-0288D1</styleUrl>
      </Placemark>
      <Placemark>
        <name><![CDATA[Agenzia Funebre Santa Barbara di Secci Vittorio & C. sas]]></name>
        <address><![CDATA[via Venezia 39  09045 Quartu Sant'Elena (CA)]]></address>
        <description><![CDATA[via Venezia 39  09045 Quartu Sant'Elena (CA)]]></description>
        <styleUrl>#icon-1899-0288D1</styleUrl>
      </Placemark>
      <Placemark>
        <name>Agenzia marittima Enrico Pernis LTD srl</name>
        <address>Z Ind. Cacip - Porto Canale  09123 Cagliari (CA)</address>
        <description>Z Ind. Cacip - Porto Canale  09123 Cagliari (CA)</description>
        <styleUrl>#icon-1899-0288D1</styleUrl>
      </Placemark>
      <Placemark>
        <name>Agri Fresco Secco S.R.L.</name>
        <description>39.22768110806049, 8.976990743343242</description>
        <styleUrl>#icon-1899-0288D1</styleUrl>
        <Point>
          <coordinates>
            8.97699074334324,39.2276811080605,0
          </coordinates>
        </Point>
      </Placemark>
      <Placemark>
        <name>Agri-Piga Srl di Antonello Piga</name>
        <address>Zona Artigianale  09020 Samatzai (SU)</address>
        <description>Zona Artigianale  09020 Samatzai (SU)</description>
        <styleUrl>#icon-1899-0288D1</styleUrl>
      </Placemark>
      <Placemark>
        <name>Agricola 2M di Mario Mele</name>
        <address>Via Su Bezzu 5  07032 Nulvi (SS)</address>
        <description>Via Su Bezzu 5  07032 Nulvi (SS)</description>
        <styleUrl>#icon-1899-0288D1</styleUrl>
      </Placemark>
      <Placemark>
        <name>Agricola M.V. Allium srl</name>
        <address>via Goceano 27  09032 Assemini (CA)</address>
        <description>via Goceano 27  09032 Assemini (CA)</description>
        <styleUrl>#icon-1899-0288D1</styleUrl>
      </Placemark>
      <Placemark>
        <name>Agricola Piras di Stefano Piras</name>
        <address>via Nenni 26c  09010 Decimoputzu (SU)</address>
        <description>via Nenni 26c  09010 Decimoputzu (SU)</description>
        <styleUrl>#icon-1899-0288D1</styleUrl>
      </Placemark>
      <Placemark>
        <name>Agricola Pistis</name>
        <address><![CDATA[via Valle d'Aosta 18  09034 Villasor (CA)]]></address>
        <description><![CDATA[via Valle d'Aosta 18  09034 Villasor (CA)]]></description>
        <styleUrl>#icon-1899-0288D1</styleUrl>
      </Placemark>
      <Placemark>
        <name>Agriedil di Melis Renato</name>
        <address><![CDATA[Vico III Diaz 2  09040 Sant'Andrea Frius (CA)]]></address>
        <description><![CDATA[Vico III Diaz 2  09040 Sant'Andrea Frius (CA)]]></description>
        <styleUrl>#icon-1899-0288D1</styleUrl>
      </Placemark>
      <Placemark>
        <name><![CDATA[Agriflor di Saddi Pierangelo & C. S.N.C.]]></name>
        <address>Via Rinascita 25  09069 Maracalagonis (CA)</address>
        <description>Via Rinascita 25  09069 Maracalagonis (CA)</description>
        <styleUrl>#icon-1899-0288D1</styleUrl>
      </Placemark>
      <Placemark>
        <name>Agrimassa Società Agricola - Forestale A R.L.</name>
        <address>Via Giovanni Battista Tuveri 33  09129 Cagliari (CA)</address>
        <description>Via Giovanni Battista Tuveri 33  09129 Cagliari (CA)</description>
        <styleUrl>#icon-1899-0288D1</styleUrl>
      </Placemark>
      <Placemark>
        <name>Agripacking Srl</name>
        <address>S.S. 131 Km. 17500  09023 Monastir (CA)</address>
        <description>S.S. 131 Km. 17500  09023 Monastir (CA)</description>
        <styleUrl>#icon-1899-0288D1</styleUrl>
      </Placemark>
      <Placemark>
        <name>Agripet srl</name>
        <address>Strada Statale 130/DIR km10400  09023 Monastir (SU)</address>
        <description>Strada Statale 130/DIR km10400  09023 Monastir (SU)</description>
        <styleUrl>#icon-1899-0288D1</styleUrl>
      </Placemark>
      <Placemark>
        <name>Agripiù dei Fratelli Andrea e Luca Congiu S.R.L.</name>
        <address>Via Antonio Gramsci 12  08042 Bari Sardo (NU)</address>
        <description>Via Antonio Gramsci 12  08042 Bari Sardo (NU)</description>
        <styleUrl>#icon-1899-0288D1</styleUrl>
      </Placemark>
      <Placemark>
        <name>Agriservice Srl Semplificata</name>
        <address>Loc. Sorabile ZI PIP lotto 10 SN  08023 Fonni (NU)</address>
        <description>Loc. Sorabile ZI PIP lotto 10 SN  08023 Fonni (NU)</description>
        <styleUrl>#icon-1899-0288D1</styleUrl>
      </Placemark>
      <Placemark>
        <name>Agritecno S.R.L.</name>
        <description>39.42546582561159, 9.150346458470379</description>
        <styleUrl>#icon-1899-0288D1</styleUrl>
        <Point>
          <coordinates>
            9.15034645847038,39.4254658256116,0
          </coordinates>
        </Point>
      </Placemark>
      <Placemark>
        <name>Agritutto di Damiano Martis</name>
        <address>via Roma 329  09020 Villamar (SU)</address>
        <description>via Roma 329  09020 Villamar (SU)</description>
        <styleUrl>#icon-1899-0288D1</styleUrl>
      </Placemark>
      <Placemark>
        <name>Agro Mediterranea Distribuzione S.r.l</name>
        <address>S.P. 56 km 0500 loc. Perdalba  09027 Serrenti (SU)</address>
        <description>S.P. 56 km 0500 loc. Perdalba  09027 Serrenti (SU)</description>
        <styleUrl>#icon-1899-0288D1</styleUrl>
      </Placemark>
      <Placemark>
        <name>Agro mediterranea Srl</name>
        <address>S.P. 56 km 0500 loc. Perdalba  09027 Serrenti (SU)</address>
        <description>S.P. 56 km 0500 loc. Perdalba  09027 Serrenti (SU)</description>
        <styleUrl>#icon-1899-0288D1</styleUrl>
      </Placemark>
      <Placemark>
        <name>Agrocui srl</name>
        <address>Via A. Galassi 2  09131 Cagliari (CA)</address>
        <description>Via A. Galassi 2  09131 Cagliari (CA)</description>
        <styleUrl>#icon-1899-0288D1</styleUrl>
      </Placemark>
      <Placemark>
        <name>Agrortofrutta Diemme srl</name>
        <address>via Amsterdam 80  09028 Sestu (CA)</address>
        <description>via Amsterdam 80  09028 Sestu (CA)</description>
        <styleUrl>#icon-1899-0288D1</styleUrl>
      </Placemark>
      <Placemark>
        <name>Agueci Francesco srl</name>
        <address>Via Natta 15/17  09030 Elmas (CA)</address>
        <description>Via Natta 15/17  09030 Elmas (CA)</description>
        <styleUrl>#icon-1899-0288D1</styleUrl>
      </Placemark>
      <Placemark>
        <name>Agus Ambiente srl</name>
        <address>Z.I. Macchiareddu Loc.Grogastu snc  09032 Assemini (CA)</address>
        <description>Z.I. Macchiareddu Loc.Grogastu snc  09032 Assemini (CA)</description>
        <styleUrl>#icon-1899-0288D1</styleUrl>
      </Placemark>
      <Placemark>
        <name>Agus Giuseppe</name>
        <address>via Alghero 6  09074 Ghilarza (OR)</address>
        <description>via Alghero 6  09074 Ghilarza (OR)</description>
        <styleUrl>#icon-1899-0288D1</styleUrl>
      </Placemark>
      <Placemark>
        <name>Agus Trasporti srl</name>
        <description>39.284286508629265, 9.111572875143121</description>
        <styleUrl>#icon-1899-0288D1</styleUrl>
        <Point>
          <coordinates>
            9.11157287514312,39.2842865086293,0
          </coordinates>
        </Point>
      </Placemark>
      <Placemark>
        <name>Ahmetovic Jonathan</name>
        <address><![CDATA[Via dell'Ospedale snc  09013 Carbonia (SU)]]></address>
        <description><![CDATA[Via dell'Ospedale snc  09013 Carbonia (SU)]]></description>
        <styleUrl>#icon-1899-0288D1</styleUrl>
      </Placemark>
      <Placemark>
        <name>AL Logistica S.r.l.</name>
        <address>Via Mozambico 6  07026 Olbia (OT)</address>
        <description>Via Mozambico 6  07026 Olbia (OT)</description>
        <styleUrl>#icon-1899-0288D1</styleUrl>
      </Placemark>
      <Placemark>
        <name>Al Ricambio S.r.l.</name>
        <address>Via Simeto 13  09122 Cagliari (CA)</address>
        <description>Via Simeto 13  09122 Cagliari (CA)</description>
        <styleUrl>#icon-1899-0288D1</styleUrl>
      </Placemark>
      <Placemark>
        <name>Alba Logistic S.R.L.S.</name>
        <description>39.43349919073349, 9.127554726000861</description>
        <styleUrl>#icon-1899-0288D1</styleUrl>
        <Point>
          <coordinates>
            9.12755472600086,39.4334991907335,0
          </coordinates>
        </Point>
      </Placemark>
      <Placemark>
        <name>Albai Donatella</name>
        <address>VIA ALCIDE DE GASPERI 36  09019 TEULADA (SU)</address>
        <description>VIA ALCIDE DE GASPERI 36  09019 TEULADA (SU)</description>
        <styleUrl>#icon-1899-0288D1</styleUrl>
      </Placemark>
      <Placemark>
        <name>Alberto Petza</name>
        <address>Vico II Vittorio Emanuele II 4  09090 Gonnoscodina (OR)</address>
        <description>Vico II Vittorio Emanuele II 4  09090 Gonnoscodina (OR)</description>
        <styleUrl>#icon-1899-0288D1</styleUrl>
      </Placemark>
      <Placemark>
        <name>Ale Games srl</name>
        <address>via Remo Branca 5  07100 Sassari (SS)</address>
        <description>via Remo Branca 5  07100 Sassari (SS)</description>
        <styleUrl>#icon-1899-0288D1</styleUrl>
      </Placemark>
      <Placemark>
        <name>Aledda Enrico</name>
        <address>Via Rettorale 3/a  09040 Burcei (CA)</address>
        <description>Via Rettorale 3/a  09040 Burcei (CA)</description>
        <styleUrl>#icon-1899-0288D1</styleUrl>
      </Placemark>
      <Placemark>
        <name>Alessandro Abbate</name>
        <address><![CDATA[Via Stradella 39A  09045 Quartu Sant'Elena (CA)]]></address>
        <description><![CDATA[Via Stradella 39A  09045 Quartu Sant'Elena (CA)]]></description>
        <styleUrl>#icon-1899-0288D1</styleUrl>
      </Placemark>
      <Placemark>
        <name>Alessandro Angelo Aste</name>
        <address>Via Corea 14/16 - c/o Zidda Bruno Autotrasporti  07026 Olbia (SS)</address>
        <description>Via Corea 14/16 - c/o Zidda Bruno Autotrasporti  07026 Olbia (SS)</description>
        <styleUrl>#icon-1899-0288D1</styleUrl>
      </Placemark>
      <Placemark>
        <name>Alessandro Ena</name>
        <address>Via Alessandro Volta 1  09010 Decimoputzu (CA)</address>
        <description>Via Alessandro Volta 1  09010 Decimoputzu (CA)</description>
        <styleUrl>#icon-1899-0288D1</styleUrl>
      </Placemark>
      <Placemark>
        <name>Alessandro Onnis</name>
        <address>Via Campidano 5  09094 Marrubiu (OR)</address>
        <description>Via Campidano 5  09094 Marrubiu (OR)</description>
        <styleUrl>#icon-1899-0288D1</styleUrl>
      </Placemark>
      <Placemark>
        <name>Alessandro Ventre</name>
        <address><![CDATA[via Parini 14  09045 Quartu Sant'Elena (CA)]]></address>
        <description><![CDATA[via Parini 14  09045 Quartu Sant'Elena (CA)]]></description>
        <styleUrl>#icon-1899-0288D1</styleUrl>
      </Placemark>
      <Placemark>
        <name>Alessio Pinna</name>
        <address>Via Risorgimento 18  09032 Assemini (CA)</address>
        <description>Via Risorgimento 18  09032 Assemini (CA)</description>
        <styleUrl>#icon-1899-0288D1</styleUrl>
      </Placemark>
      <Placemark>
        <name>Alfonso Formisano</name>
        <address>Via Carlo Alberto 13  09050 Villa San Pietro (CA)</address>
        <description>Via Carlo Alberto 13  09050 Villa San Pietro (CA)</description>
        <styleUrl>#icon-1899-0288D1</styleUrl>
      </Placemark>
      <Placemark>
        <name>ALG.I.MAR.di Giuseppe Algieri</name>
        <address>Via Tevere 73  09032 Assemini (CA)</address>
        <description>Via Tevere 73  09032 Assemini (CA)</description>
        <styleUrl>#icon-1899-0288D1</styleUrl>
      </Placemark>
      <Placemark>
        <name>Alice srl</name>
        <address><![CDATA[Via dell'Agricoltura 4  09067 Elmas (CA)]]></address>
        <description><![CDATA[Via dell'Agricoltura 4  09067 Elmas (CA)]]></description>
        <styleUrl>#icon-1899-0288D1</styleUrl>
      </Placemark>
      <Placemark>
        <name>All. Service di Deidda Mila</name>
        <address>Viale Monastir Km 5.400  09122 Cagliari (CA)</address>
        <description>Viale Monastir Km 5.400  09122 Cagliari (CA)</description>
        <styleUrl>#icon-1899-0288D1</styleUrl>
      </Placemark>
      <Placemark>
        <name>Altea Claudio e C. S.A.S.</name>
        <address>Via Puccini 20  09041 Dolianova (SU)</address>
        <description>Via Puccini 20  09041 Dolianova (SU)</description>
        <styleUrl>#icon-1899-0288D1</styleUrl>
      </Placemark>
      <Placemark>
        <name>Amar Teloni di Xhurxhi Elsa</name>
        <description>39.30925133818898, 8.922179437275517</description>
        <styleUrl>#icon-1899-0288D1</styleUrl>
        <Point>
          <coordinates>
            8.92217943727552,39.309251338189,0
          </coordinates>
        </Point>
      </Placemark>
      <Placemark>
        <name>Ambiente e Risorse Srl</name>
        <address>Area PIP - Loc. S.ra Elena  07017 Ploaghe (SS)</address>
        <description>Area PIP - Loc. S.ra Elena  07017 Ploaghe (SS)</description>
        <styleUrl>#icon-1899-0288D1</styleUrl>
      </Placemark>
      <Placemark>
        <name>Amtra di Pasquale Amoroso</name>
        <address>Via San Gemiliano 118  09028 Sestu (CA)</address>
        <description>Via San Gemiliano 118  09028 Sestu (CA)</description>
        <styleUrl>#icon-1899-0288D1</styleUrl>
      </Placemark>
      <Placemark>
        <name>AN.CA. S.r.l.s.</name>
        <address>via Milano 57  08020 Orotelli (NU)</address>
        <description>via Milano 57  08020 Orotelli (NU)</description>
        <styleUrl>#icon-1899-0288D1</styleUrl>
      </Placemark>
      <Placemark>
        <name>Andrea Concu</name>
        <address>Via Corelli 24  09060 Settimo San Pietro (CA)</address>
        <description>Via Corelli 24  09060 Settimo San Pietro (CA)</description>
        <styleUrl>#icon-1899-0288D1</styleUrl>
      </Placemark>
      <Placemark>
        <name>Andrea Cugia</name>
        <address>Via Guido Rossa 6  09020 Ussana (SU)</address>
        <description>Via Guido Rossa 6  09020 Ussana (SU)</description>
        <styleUrl>#icon-1899-0288D1</styleUrl>
      </Placemark>
      <Placemark>
        <name>Andrea Delias</name>
        <address>Piazza Lorenzo Perosi 9  07100 sassari (SS)</address>
        <description>Piazza Lorenzo Perosi 9  07100 sassari (SS)</description>
        <styleUrl>#icon-1899-0288D1</styleUrl>
      </Placemark>
      <Placemark>
        <name>Andrea Demartis</name>
        <address>via Gorizia 6  09047 Selargius (CA)</address>
        <description>via Gorizia 6  09047 Selargius (CA)</description>
        <styleUrl>#icon-1899-0288D1</styleUrl>
      </Placemark>
      <Placemark>
        <name>Andrea Diana</name>
        <address>Via Antonio Urracci 12  09027 Serrenti (SU)</address>
        <description>Via Antonio Urracci 12  09027 Serrenti (SU)</description>
        <styleUrl>#icon-1899-0288D1</styleUrl>
      </Placemark>
      <Placemark>
        <name>Andrea Guidochiappori</name>
        <address>Via Kolbe 15  09032 Assemini (CA)</address>
        <description>Via Kolbe 15  09032 Assemini (CA)</description>
        <styleUrl>#icon-1899-0288D1</styleUrl>
      </Placemark>
      <Placemark>
        <name>Andrea Minnai</name>
        <address>Piazza Martiri1  09022 Lunamatrona (VS)</address>
        <description>Piazza Martiri1  09022 Lunamatrona (VS)</description>
        <styleUrl>#icon-1899-0288D1</styleUrl>
      </Placemark>
      <Placemark>
        <name>Andrea Podda</name>
        <address>Via Caprera 30/A  09012 Capoterra (CA)</address>
        <description>Via Caprera 30/A  09012 Capoterra (CA)</description>
        <styleUrl>#icon-1899-0288D1</styleUrl>
      </Placemark>
      <Placemark>
        <name><![CDATA[Andreuccetti Luciano & Domenico S.R.L.]]></name>
        <address>Via Roma 218  09010 Buggerru (SU)</address>
        <description>Via Roma 218  09010 Buggerru (SU)</description>
        <styleUrl>#icon-1899-0288D1</styleUrl>
      </Placemark>
      <Placemark>
        <name>Anffas</name>
        <address>Via Caboni 3  09125 Cagliari (CA)</address>
        <description>Via Caboni 3  09125 Cagliari (CA)</description>
        <styleUrl>#icon-1899-0288D1</styleUrl>
      </Placemark>
      <Placemark>
        <name><![CDATA[Angeli Trasporti di Angeli Emanuel & F.lli Sas]]></name>
        <address><![CDATA[Via dell'Edera 7  09134 Cagliari (CA)]]></address>
        <description><![CDATA[Via dell'Edera 7  09134 Cagliari (CA)]]></description>
        <styleUrl>#icon-1899-0288D1</styleUrl>
      </Placemark>
      <Placemark>
        <name>Angelo Serra</name>
        <address>Via Capri 3  09126 Cagliari (CA)</address>
        <description>Via Capri 3  09126 Cagliari (CA)</description>
        <styleUrl>#icon-1899-0288D1</styleUrl>
      </Placemark>
      <Placemark>
        <name>Angioni Giovanni Autotrasporti</name>
        <address><![CDATA[Via Perugino 11  09045 Quartu Sant'Elena (CA)]]></address>
        <description><![CDATA[Via Perugino 11  09045 Quartu Sant'Elena (CA)]]></description>
        <styleUrl>#icon-1899-0288D1</styleUrl>
      </Placemark>
      <Placemark>
        <name>Angioni Marco</name>
        <address>via Carrabuffas Traversa I  8  07041 Alghero (SS)</address>
        <description>via Carrabuffas Traversa I  8  07041 Alghero (SS)</description>
        <styleUrl>#icon-1899-0288D1</styleUrl>
      </Placemark>
      <Placemark>
        <name>Angius Autotrasporti srl</name>
        <address>Regione Tallaroga snc  09016 Iglesias (CI)</address>
        <description>Regione Tallaroga snc  09016 Iglesias (CI)</description>
        <styleUrl>#icon-1899-0288D1</styleUrl>
      </Placemark>
      <Placemark>
        <name>Angius Music di Alessandro Angius</name>
        <address>Via Bernini 21  09020 Ussana (SU)</address>
        <description>Via Bernini 21  09020 Ussana (SU)</description>
        <styleUrl>#icon-1899-0288D1</styleUrl>
      </Placemark>
      <Placemark>
        <name>Antonello Gaspa</name>
        <address>S.S. 131  n°40  07046 Porto Torres (SS)</address>
        <description>S.S. 131  n°40  07046 Porto Torres (SS)</description>
        <styleUrl>#icon-1899-0288D1</styleUrl>
      </Placemark>
      <Placemark>
        <name>Antonello Pisano S.R.L</name>
        <address>Viale Monastir km 5200  09122 Cagliari (CA)</address>
        <description>Viale Monastir km 5200  09122 Cagliari (CA)</description>
        <styleUrl>#icon-1899-0288D1</styleUrl>
      </Placemark>
      <Placemark>
        <name><![CDATA[Antonello Tolu & Figli srl]]></name>
        <address>Zona Artigianale P.I.P.  08011 Bolotana (NU)</address>
        <description>Zona Artigianale P.I.P.  08011 Bolotana (NU)</description>
        <styleUrl>#icon-1899-0288D1</styleUrl>
      </Placemark>
      <Placemark>
        <name>Antonio Gregu</name>
        <address>Via Gennargentu 92  08023 Fonni (NU)</address>
        <description>Via Gennargentu 92  08023 Fonni (NU)</description>
        <styleUrl>#icon-1899-0288D1</styleUrl>
      </Placemark>
      <Placemark>
        <name>Apetrii Ana Maria</name>
        <address>Località Reg.Santa Maria  07013 Mores (SS)</address>
        <description>Località Reg.Santa Maria  07013 Mores (SS)</description>
        <styleUrl>#icon-1899-0288D1</styleUrl>
      </Placemark>
      <Placemark>
        <name>Applicazioni Elettriche Telefoniche Società Cooperativa A e T Telecomunicazioni - Cooperativa</name>
        <address>Via Francesco Ciusa 46  09127 Cagliari (CA)</address>
        <description>Via Francesco Ciusa 46  09127 Cagliari (CA)</description>
        <styleUrl>#icon-1899-0288D1</styleUrl>
      </Placemark>
      <Placemark>
        <name>Applicazioni Elettriche Telefoniche Società Cooperativa A e T Telecomunicazioni - Cooperativa</name>
        <address>Via Francesco Ciusa 46  09131 Cagliari (CA)</address>
        <description>Via Francesco Ciusa 46  09131 Cagliari (CA)</description>
        <styleUrl>#icon-1899-0288D1</styleUrl>
      </Placemark>
      <Placemark>
        <name>Aquilina Michela</name>
        <address>Via Isonzo 13  09032 Assemini (CA)</address>
        <description>Via Isonzo 13  09032 Assemini (CA)</description>
        <styleUrl>#icon-1899-0288D1</styleUrl>
      </Placemark>
      <Placemark>
        <name>Arborea Trasporti Soc. Coop.</name>
        <address>Via Roma 183  09098 Terralba (OR)</address>
        <description>Via Roma 183  09098 Terralba (OR)</description>
        <styleUrl>#icon-1899-0288D1</styleUrl>
      </Placemark>
      <Placemark>
        <name>Arca Nicolò Trasporti srl</name>
        <address>Via Molise 19  08017 Silanus (NU)</address>
        <description>Via Molise 19  08017 Silanus (NU)</description>
        <styleUrl>#icon-1899-0288D1</styleUrl>
      </Placemark>
      <Placemark>
        <name>Ardas trasporti S.r.l.</name>
        <address>Loc. Bia 09010 Siliqua (CA)</address>
        <description>Loc. Bia 09010 Siliqua (CA)</description>
        <styleUrl>#icon-1899-0288D1</styleUrl>
      </Placemark>
      <Placemark>
        <name>Ardu Andrea</name>
        <address>Via 1 Maggio 1  09090 Gonnosnò (OR)</address>
        <description>Via 1 Maggio 1  09090 Gonnosnò (OR)</description>
        <styleUrl>#icon-1899-0288D1</styleUrl>
      </Placemark>
      <Placemark>
        <name>Ardu Massimiliano</name>
        <address>Via IV Novembre 21  09090 Gonnosnò (OR)</address>
        <description>Via IV Novembre 21  09090 Gonnosnò (OR)</description>
        <styleUrl>#icon-1899-0288D1</styleUrl>
      </Placemark>
      <Placemark>
        <name>Are Salvatore André</name>
        <address>Via Alagon 22  09075 Santu Lussurgiu (OR)</address>
        <description>Via Alagon 22  09075 Santu Lussurgiu (OR)</description>
        <styleUrl>#icon-1899-0288D1</styleUrl>
      </Placemark>
      <Placemark>
        <name>Aresu Antonio</name>
        <address>via Carmine 197  09032 Assemini (CA)</address>
        <description>via Carmine 197  09032 Assemini (CA)</description>
        <styleUrl>#icon-1899-0288D1</styleUrl>
      </Placemark>
      <Placemark>
        <name>Aresu Armando</name>
        <address>Via Gianaturco 13  09127 Cagliari (CA)</address>
        <description>Via Gianaturco 13  09127 Cagliari (CA)</description>
        <styleUrl>#icon-1899-0288D1</styleUrl>
      </Placemark>
      <Placemark>
        <name>Aresu Giuseppe</name>
        <address>via Case Sparse 1  09061 Orroli (SU)</address>
        <description>via Case Sparse 1  09061 Orroli (SU)</description>
        <styleUrl>#icon-1899-0288D1</styleUrl>
      </Placemark>
      <Placemark>
        <name>Aresu Nicola</name>
        <address>Via Sicilia 32  09040 Senorbì (SU)</address>
        <description>Via Sicilia 32  09040 Senorbì (SU)</description>
        <styleUrl>#icon-1899-0288D1</styleUrl>
      </Placemark>
      <Placemark>
        <name>Arg Trasporti S.R.L.</name>
        <address><![CDATA[Via Parini 62  09045 Quartu Sant'Elena (CA)]]></address>
        <description><![CDATA[Via Parini 62  09045 Quartu Sant'Elena (CA)]]></description>
        <styleUrl>#icon-1899-0288D1</styleUrl>
      </Placemark>
      <Placemark>
        <name>Argiolas Alessandro</name>
        <address><![CDATA[Via dell'acqua bella 28  09067 Elams (CA)]]></address>
        <description><![CDATA[Via dell'acqua bella 28  09067 Elams (CA)]]></description>
        <styleUrl>#icon-1899-0288D1</styleUrl>
      </Placemark>
      <Placemark>
        <name>Argiolas Daniele</name>
        <address>via Rossini 1  09024 Nuraminis (SU)</address>
        <description>via Rossini 1  09024 Nuraminis (SU)</description>
        <styleUrl>#icon-1899-0288D1</styleUrl>
      </Placemark>
      <Placemark>
        <name>Argiolas Ferro srl</name>
        <address>S.S. 554 Km 6300  09042 Monserrato (CA)</address>
        <description>S.S. 554 Km 6300  09042 Monserrato (CA)</description>
        <styleUrl>#icon-1899-0288D1</styleUrl>
      </Placemark>
      <Placemark>
        <name>Argiolas Giancarlo Nicola</name>
        <address>via Nazionale 195  09023 Monastir (SU)</address>
        <description>via Nazionale 195  09023 Monastir (SU)</description>
        <styleUrl>#icon-1899-0288D1</styleUrl>
      </Placemark>
      <Placemark>
        <name>Argiolas Giuseppe Alessandro</name>
        <address>via Mateucci 10  09027 Serrenti (SU)</address>
        <description>via Mateucci 10  09027 Serrenti (SU)</description>
        <styleUrl>#icon-1899-0288D1</styleUrl>
      </Placemark>
      <Placemark>
        <name>Argiolas Marco</name>
        <address><![CDATA[via Dell'Acqua Bella 28  09067 Elmas (CA)]]></address>
        <description><![CDATA[via Dell'Acqua Bella 28  09067 Elmas (CA)]]></description>
        <styleUrl>#icon-1899-0288D1</styleUrl>
      </Placemark>
      <Placemark>
        <name>Argiolas Matteo</name>
        <address>Via Piave 13  09040 Mandas (SU)</address>
        <description>Via Piave 13  09040 Mandas (SU)</description>
        <styleUrl>#icon-1899-0288D1</styleUrl>
      </Placemark>
      <Placemark>
        <name>Aristeo Soc. Coop. Arl</name>
        <description>39.232949470241714, 8.980970266293191</description>
        <styleUrl>#icon-1899-0288D1</styleUrl>
        <Point>
          <coordinates>
            8.98097026629319,39.2329494702417,0
          </coordinates>
        </Point>
      </Placemark>
      <Placemark>
        <name>Arpa Trasporti s.r.l.</name>
        <address>Via 25 Aprile 46  09020 Samatzai (CA)</address>
        <description>Via 25 Aprile 46  09020 Samatzai (CA)</description>
        <styleUrl>#icon-1899-0288D1</styleUrl>
      </Placemark>
      <Placemark>
        <name>Arrica e Dessena snc</name>
        <address>Via Satta 21  07020 Buddusò (OT)</address>
        <description>Via Satta 21  07020 Buddusò (OT)</description>
        <styleUrl>#icon-1899-0288D1</styleUrl>
      </Placemark>
      <Placemark>
        <name>Arte Bianca S.a.s di Garippa Andrea</name>
        <address><![CDATA[Via M. D'Azeglio 41  08027 Orgosolo (NU)]]></address>
        <description><![CDATA[Via M. D'Azeglio 41  08027 Orgosolo (NU)]]></description>
        <styleUrl>#icon-1899-0288D1</styleUrl>
      </Placemark>
      <Placemark>
        <name>Arte Ferro di Fabrizio Atzeni</name>
        <address>Via Circonvallazione 18  09030 Samassi (SU)</address>
        <description>Via Circonvallazione 18  09030 Samassi (SU)</description>
        <styleUrl>#icon-1899-0288D1</styleUrl>
      </Placemark>
      <Placemark>
        <name>Arzesi Sebastiano</name>
        <address>Via Don Rosario Menne 5  08100 Nuoro (NU)</address>
        <description>Via Don Rosario Menne 5  08100 Nuoro (NU)</description>
        <styleUrl>#icon-1899-0288D1</styleUrl>
      </Placemark>
      <Placemark>
        <name>ASC di Sandro Cirina Srl</name>
        <address>Via Franklin 1/3  09047 Selargius (CA)</address>
        <description>Via Franklin 1/3  09047 Selargius (CA)</description>
        <styleUrl>#icon-1899-0288D1</styleUrl>
      </Placemark>
      <Placemark>
        <name>Asitechno S.R.L.</name>
        <address>Via Michelangelo 20/C  09032 Assemini (CA)</address>
        <description>Via Michelangelo 20/C  09032 Assemini (CA)</description>
        <styleUrl>#icon-1899-0288D1</styleUrl>
      </Placemark>
      <Placemark>
        <name>Asp Pani Serramanna</name>
        <address>Via Cagliari 42  09038 Serramanna (CA)</address>
        <description>Via Cagliari 42  09038 Serramanna (CA)</description>
        <styleUrl>#icon-1899-0288D1</styleUrl>
      </Placemark>
      <Placemark>
        <name>Associazione Teatrale Amatoriale Sacro Cuore</name>
        <address><![CDATA[Piazza Sacro Cuore  09045 Quartu Sant'Elena (CA)]]></address>
        <description><![CDATA[Piazza Sacro Cuore  09045 Quartu Sant'Elena (CA)]]></description>
        <styleUrl>#icon-1899-0288D1</styleUrl>
      </Placemark>
      <Placemark>
        <name>Associazione Volontaria di Soccorso Meana Sardo</name>
        <address>Piazza San Salvatore 2  08030 Meana Sardo (NU)</address>
        <description>Piazza San Salvatore 2  08030 Meana Sardo (NU)</description>
        <styleUrl>#icon-1899-0288D1</styleUrl>
      </Placemark>
      <Placemark>
        <name>Assoricambi Società Cooperativa</name>
        <address>Località Seddargia 9  09013 Carbonia (CA)</address>
        <description>Località Seddargia 9  09013 Carbonia (CA)</description>
        <styleUrl>#icon-1899-0288D1</styleUrl>
      </Placemark>
      <Placemark>
        <name>Asuni Giancarlo</name>
        <address>Via Monte Serpeddì 35  09040 Burcei (SU)</address>
        <description>Via Monte Serpeddì 35  09040 Burcei (SU)</description>
        <styleUrl>#icon-1899-0288D1</styleUrl>
      </Placemark>
      <Placemark>
        <name>Atm Trasporti Petri</name>
        <address>Località Predda Niedda strada 14  07100 Sassari (CA)</address>
        <description>Località Predda Niedda strada 14  07100 Sassari (CA)</description>
        <styleUrl>#icon-1899-0288D1</styleUrl>
      </Placemark>
      <Placemark>
        <name>Atz Logistica e Servizi sas</name>
        <address>Loc. Industriale macchiareddu 3° Strada  09032 Assemini (CA)</address>
        <description>Loc. Industriale macchiareddu 3° Strada  09032 Assemini (CA)</description>
        <styleUrl>#icon-1899-0288D1</styleUrl>
      </Placemark>
      <Placemark>
        <name>Atzeni Antonio</name>
        <address>via Vettorio Veneto 3  09093 Gonnostramatza (OR)</address>
        <description>via Vettorio Veneto 3  09093 Gonnostramatza (OR)</description>
        <styleUrl>#icon-1899-0288D1</styleUrl>
      </Placemark>
      <Placemark>
        <name>Atzeni Autotrasporti di Prasciolu Patrizio</name>
        <address>Strada Terza  09032 Assemini (CA)</address>
        <description>Strada Terza  09032 Assemini (CA)</description>
        <styleUrl>#icon-1899-0288D1</styleUrl>
      </Placemark>
      <Placemark>
        <name>Atzeni Bruno</name>
        <address>Piazza Martiri 27  09020 Turri (VS)</address>
        <description>Piazza Martiri 27  09020 Turri (VS)</description>
        <styleUrl>#icon-1899-0288D1</styleUrl>
      </Placemark>
      <Placemark>
        <name>Atzeni Fabrizio autotrasporti</name>
        <address>Vico Cappuccini 8  09090 Siris (OR)</address>
        <description>Vico Cappuccini 8  09090 Siris (OR)</description>
        <styleUrl>#icon-1899-0288D1</styleUrl>
      </Placemark>
      <Placemark>
        <name>Atzeni Francesco</name>
        <address>Via della Pineta 72  09040 Burcei (CA)</address>
        <description>Via della Pineta 72  09040 Burcei (CA)</description>
        <styleUrl>#icon-1899-0288D1</styleUrl>
      </Placemark>
      <Placemark>
        <name>Atzeni Francesco</name>
        <address>Vicolo I Cauppuccini 8  09090 Siris (OR)</address>
        <description>Vicolo I Cauppuccini 8  09090 Siris (OR)</description>
        <styleUrl>#icon-1899-0288D1</styleUrl>
      </Placemark>
      <Placemark>
        <name>Atzeni Intermediazioni Logistiche di Atzeni Patrizia</name>
        <address>Via Palmas31  09047 Selargius (CA)</address>
        <description>Via Palmas31  09047 Selargius (CA)</description>
        <styleUrl>#icon-1899-0288D1</styleUrl>
      </Placemark>
      <Placemark>
        <name>Atzeri Fausto</name>
        <address>Vico I Elmas 154  09122 Cagliari (CA)</address>
        <description>Vico I Elmas 154  09122 Cagliari (CA)</description>
        <styleUrl>#icon-1899-0288D1</styleUrl>
      </Placemark>
      <Placemark>
        <name>Auto Route 66 Di Mauro Meloni</name>
        <address>Via Umberto I 62  09033 Decimomannu (CA)</address>
        <description>Via Umberto I 62  09033 Decimomannu (CA)</description>
        <styleUrl>#icon-1899-0288D1</styleUrl>
      </Placemark>
      <Placemark>
        <name>Autoassistenza di Andrea Fois</name>
        <address>Via del Lavoro 24  09047 Selargius (CA)</address>
        <description>Via del Lavoro 24  09047 Selargius (CA)</description>
        <styleUrl>#icon-1899-0288D1</styleUrl>
      </Placemark>
      <Placemark>
        <name>Autocarrozzeria Antonio Zucca</name>
        <address>via Pasteur 28  09041 Dolianova (CA)</address>
        <description>via Pasteur 28  09041 Dolianova (CA)</description>
        <styleUrl>#icon-1899-0288D1</styleUrl>
      </Placemark>
      <Placemark>
        <name><![CDATA[Autocarrozzeria Cera di Andrea Cera & C. S.A.S.]]></name>
        <address>Località Is Argiddas  09023 Monastir (SU)</address>
        <description>Località Is Argiddas  09023 Monastir (SU)</description>
        <styleUrl>#icon-1899-0288D1</styleUrl>
      </Placemark>
      <Placemark>
        <name>Autocarrozzeria Congiu Pietro Efisio</name>
        <description>39.569831367003545, 9.073920110635207</description>
        <styleUrl>#icon-1899-0288D1</styleUrl>
        <Point>
          <coordinates>
            9.07392011063521,39.5698313670035,0
          </coordinates>
        </Point>
      </Placemark>
      <Placemark>
        <name>Autocarrozzeria Contu Salvatore</name>
        <address>Via degli artigiani s.n.c  08021 Bitti (NU)</address>
        <description>Via degli artigiani s.n.c  08021 Bitti (NU)</description>
        <styleUrl>#icon-1899-0288D1</styleUrl>
      </Placemark>
      <Placemark>
        <name>Autocarrozzeria G.M.A. di Argiolas Matteo</name>
        <address>via Torricelli 3  09047 Selargius (CA)</address>
        <description>via Torricelli 3  09047 Selargius (CA)</description>
        <styleUrl>#icon-1899-0288D1</styleUrl>
      </Placemark>
      <Placemark>
        <name>Autocarrozzeria Giorgio Vacca</name>
        <address>Via Circonvallazione 43  09040 Furtei (SU)</address>
        <description>Via Circonvallazione 43  09040 Furtei (SU)</description>
        <styleUrl>#icon-1899-0288D1</styleUrl>
      </Placemark>
      <Placemark>
        <name>Autocarrozzeria Sanna Riccardo</name>
        <address>Via Roma snc  09013 Carbonia (SU)</address>
        <description>Via Roma snc  09013 Carbonia (SU)</description>
        <styleUrl>#icon-1899-0288D1</styleUrl>
      </Placemark>
      <Placemark>
        <name>Autocarrozzeria Scalas Quartu</name>
        <address><![CDATA[via San Francesco 51  09045 Quartu Sant'Elena (CA)]]></address>
        <description><![CDATA[via San Francesco 51  09045 Quartu Sant'Elena (CA)]]></description>
        <styleUrl>#icon-1899-0288D1</styleUrl>
      </Placemark>
      <Placemark>
        <name>Autocarrozzeria Service Car 2L di Lecca Franco e Omar snc</name>
        <address><![CDATA[via Pardinixeddu 6/A  09045 Quartu Sant'Elena (CA)]]></address>
        <description><![CDATA[via Pardinixeddu 6/A  09045 Quartu Sant'Elena (CA)]]></description>
        <styleUrl>#icon-1899-0288D1</styleUrl>
      </Placemark>
      <Placemark>
        <name>Autocarrozzeria Zonca Sandro</name>
        <address>S.S. 131 Km. 30 - Villagreca  09024 Nuraminis (SU)</address>
        <description>S.S. 131 Km. 30 - Villagreca  09024 Nuraminis (SU)</description>
        <styleUrl>#icon-1899-0288D1</styleUrl>
      </Placemark>
      <Placemark>
        <name>Autodemolizioni Pusceddu Antonio S.R.L.</name>
        <address>Località Sa Turrita Zona 2/D P.I.P Snc  09070 Siamaggiore (OR)</address>
        <description>Località Sa Turrita Zona 2/D P.I.P Snc  09070 Siamaggiore (OR)</description>
        <styleUrl>#icon-1899-0288D1</styleUrl>
      </Placemark>
      <Placemark>
        <name><![CDATA[Autofficina Diesel di Molinas Giovanni & C. snc]]></name>
        <address>Z.I. Settore 7 - via Israele snc  07026 Olbia (OT)</address>
        <description>Z.I. Settore 7 - via Israele snc  07026 Olbia (OT)</description>
        <styleUrl>#icon-1899-0288D1</styleUrl>
      </Placemark>
      <Placemark>
        <name>Autofficina meccanica di Orunesu Arcangelo</name>
        <address>Via Seychelles 34 Z.I. Sett. 4  07026 Olbia (OT)</address>
        <description>Via Seychelles 34 Z.I. Sett. 4  07026 Olbia (OT)</description>
        <styleUrl>#icon-1899-0288D1</styleUrl>
      </Placemark>
      <Placemark>
        <name>Autogru Patteri S.R.L.</name>
        <address>Via Toscanini 3  08022 Dorgali (NU)</address>
        <description>Via Toscanini 3  08022 Dorgali (NU)</description>
        <styleUrl>#icon-1899-0288D1</styleUrl>
      </Placemark>
      <Placemark>
        <name>Autogrù Rimedio di Marras e Bertucci s.n.c.</name>
        <address>S.S 292 Km 128175  09170 Oristano (OR)</address>
        <description>S.S 292 Km 128175  09170 Oristano (OR)</description>
        <styleUrl>#icon-1899-0288D1</styleUrl>
      </Placemark>
      <Placemark>
        <name>Autogru trasporti di Giuseppe Piras s.a.s.</name>
        <address><![CDATA[Via Araolla 19  09045 Quartu Sant'Elena (CA)]]></address>
        <description><![CDATA[Via Araolla 19  09045 Quartu Sant'Elena (CA)]]></description>
        <styleUrl>#icon-1899-0288D1</styleUrl>
      </Placemark>
      <Placemark>
        <name>Autolavaggio Nossardi Carlo</name>
        <address>Via Einstain 5 C  09028 Sestu (CA)</address>
        <description>Via Einstain 5 C  09028 Sestu (CA)</description>
        <styleUrl>#icon-1899-0288D1</styleUrl>
      </Placemark>
      <Placemark>
        <name>Autolinee Antonio Murgia S.R.L.</name>
        <address>Via Gaetano Salvemini 8  09131 Cagliari (CA)</address>
        <description>Via Gaetano Salvemini 8  09131 Cagliari (CA)</description>
        <styleUrl>#icon-1899-0288D1</styleUrl>
      </Placemark>
      <Placemark>
        <name>Autolinee Del Golfo S.R.L.</name>
        <address>Via Salvemini 8  09131 Cagliari (CA)</address>
        <description>Via Salvemini 8  09131 Cagliari (CA)</description>
        <styleUrl>#icon-1899-0288D1</styleUrl>
      </Placemark>
      <Placemark>
        <name>Autonoleggio Deidda di Deidda Marco</name>
        <address>Via Leonardo Da Vinci 37  09010 Portoscuso (SU)</address>
        <description>Via Leonardo Da Vinci 37  09010 Portoscuso (SU)</description>
        <styleUrl>#icon-1899-0288D1</styleUrl>
      </Placemark>
      <Placemark>
        <name>Autonoleggio Le Donne Gerardo</name>
        <address>Via Filippo Turati 8/5  09013 Carbonia (SU)</address>
        <description>Via Filippo Turati 8/5  09013 Carbonia (SU)</description>
        <styleUrl>#icon-1899-0288D1</styleUrl>
      </Placemark>
      <Placemark>
        <name>Autonoleggio Loddo Ivano</name>
        <address>Via Buoncammino  08040 Cardedu (NU)</address>
        <description>Via Buoncammino  08040 Cardedu (NU)</description>
        <styleUrl>#icon-1899-0288D1</styleUrl>
      </Placemark>
      <Placemark>
        <name>Autonoleggio Massa Daniele</name>
        <address><![CDATA[Viale Trieste 32  09017 Sant'Antioco (SU)]]></address>
        <description><![CDATA[Viale Trieste 32  09017 Sant'Antioco (SU)]]></description>
        <styleUrl>#icon-1899-0288D1</styleUrl>
      </Placemark>
      <Placemark>
        <name>Autonoleggio Piras Gianfelice</name>
        <address>Via Verdi 25  08030 Gergei (CA)</address>
        <description>Via Verdi 25  08030 Gergei (CA)</description>
        <styleUrl>#icon-1899-0288D1</styleUrl>
      </Placemark>
      <Placemark>
        <name>Autoparco Service srl</name>
        <address>Zona Industriale - ex comparto irev snc  09039 Villacidro (SU)</address>
        <description>Zona Industriale - ex comparto irev snc  09039 Villacidro (SU)</description>
        <styleUrl>#icon-1899-0288D1</styleUrl>
      </Placemark>
      <Placemark>
        <name>Autoparco Villacidro srl</name>
        <address>Zona Ind.le ex comparto IREV  09039 Villacidro (VS)</address>
        <description>Zona Ind.le ex comparto IREV  09039 Villacidro (VS)</description>
        <styleUrl>#icon-1899-0288D1</styleUrl>
      </Placemark>
      <Placemark>
        <name>Autoparti S.R.L.</name>
        <address>Via Giuseppe Mazzini 7  09040 Senorbì (SU)</address>
        <description>Via Giuseppe Mazzini 7  09040 Senorbì (SU)</description>
        <styleUrl>#icon-1899-0288D1</styleUrl>
      </Placemark>
      <Placemark>
        <name>Autorcambi Serpi di Serpi Stefano</name>
        <address>Via Matteotti 226  09036 Guspini (SU)</address>
        <description>Via Matteotti 226  09036 Guspini (SU)</description>
        <styleUrl>#icon-1899-0288D1</styleUrl>
      </Placemark>
      <Placemark>
        <name>Autoricambi De Luca S.R.L.</name>
        <address>Zona Industriale Settore 5  07026 Olbia (SS)</address>
        <description>Zona Industriale Settore 5  07026 Olbia (SS)</description>
        <styleUrl>#icon-1899-0288D1</styleUrl>
      </Placemark>
      <Placemark>
        <name>Autoricambi Murru Rag. Sergio</name>
        <address><![CDATA[Via Brigata Sassari 54  09045 Quartu Sant'Elena (CA)]]></address>
        <description><![CDATA[Via Brigata Sassari 54  09045 Quartu Sant'Elena (CA)]]></description>
        <styleUrl>#icon-1899-0288D1</styleUrl>
      </Placemark>
      <Placemark>
        <name>Autoricambi Salvatore Pilia SRL</name>
        <address>Via Carlo Sanna 33/37  09040 Senorbì (CA)</address>
        <description>Via Carlo Sanna 33/37  09040 Senorbì (CA)</description>
        <styleUrl>#icon-1899-0288D1</styleUrl>
      </Placemark>
      <Placemark>
        <name>Autoricambi Tharros srl</name>
        <address>Via Campania 160  09170 Oristano (OR)</address>
        <description>Via Campania 160  09170 Oristano (OR)</description>
        <styleUrl>#icon-1899-0288D1</styleUrl>
      </Placemark>
      <Placemark>
        <name>Autoricambi Ve.r.auto srl</name>
        <address>viale Elmas 145 int. 9  09122 Cagliari (CA)</address>
        <description>viale Elmas 145 int. 9  09122 Cagliari (CA)</description>
        <styleUrl>#icon-1899-0288D1</styleUrl>
      </Placemark>
      <Placemark>
        <name>Autoriparazioni Atzori Fabiano</name>
        <address>Via F. Serra 71  09034 Villasor (SU)</address>
        <description>Via F. Serra 71  09034 Villasor (SU)</description>
        <styleUrl>#icon-1899-0288D1</styleUrl>
      </Placemark>
      <Placemark>
        <name>Autoservizi F.lli Serri S.r.l.</name>
        <address>Via San Gavino Monreale n. 39  09042 Monserrato (CA)</address>
        <description>Via San Gavino Monreale n. 39  09042 Monserrato (CA)</description>
        <styleUrl>#icon-1899-0288D1</styleUrl>
      </Placemark>
      <Placemark>
        <name><![CDATA[Autoservizi Manca di Roberto Manca & C. S.A.S.]]></name>
        <address>vico Giordano Bruno 4  09010 Gonnesa (SU)</address>
        <description>vico Giordano Bruno 4  09010 Gonnesa (SU)</description>
        <styleUrl>#icon-1899-0288D1</styleUrl>
      </Placemark>
      <Placemark>
        <name><![CDATA[Autoservizi Vacca di Vacca Fabrizio & C. S.N.C.]]></name>
        <address>Zona Industriale  09039 Villacidro (SU)</address>
        <description>Zona Industriale  09039 Villacidro (SU)</description>
        <styleUrl>#icon-1899-0288D1</styleUrl>
      </Placemark>
      <Placemark>
        <name>Autosoccorso e Riparazione Garau S.R.L.S.</name>
        <address>Loc.Sant Angelo Pip 09012 Capoterra (CA)</address>
        <description>Loc.Sant Angelo Pip 09012 Capoterra (CA)</description>
        <styleUrl>#icon-1899-0288D1</styleUrl>
      </Placemark>
      <Placemark>
        <name>Autosport di Floris Severino</name>
        <address>Via Nazionale 36  09098 Terralba (OR)</address>
        <description>Via Nazionale 36  09098 Terralba (OR)</description>
        <styleUrl>#icon-1899-0288D1</styleUrl>
      </Placemark>
      <Placemark>
        <name>Autospurgo Francesco Pisci</name>
        <address>Via Sanna Rocco 10  09025 Sanluri (SU)</address>
        <description>Via Sanna Rocco 10  09025 Sanluri (SU)</description>
        <styleUrl>#icon-1899-0288D1</styleUrl>
      </Placemark>
      <Placemark>
        <name>Autospurgo Sirigu Paolo</name>
        <address><![CDATA[via Vincenzo Cogoni 11  09045 Quartu Sant'Elena (CA)]]></address>
        <description><![CDATA[via Vincenzo Cogoni 11  09045 Quartu Sant'Elena (CA)]]></description>
        <styleUrl>#icon-1899-0288D1</styleUrl>
      </Placemark>
      <Placemark>
        <name>Autotema C4 di Gabriel Cossu</name>
        <address>Loc. Macusori S.S 125  08028 Orosei (NU)</address>
        <description>Loc. Macusori S.S 125  08028 Orosei (NU)</description>
        <styleUrl>#icon-1899-0288D1</styleUrl>
      </Placemark>
      <Placemark>
        <name>Autotr.Piga Antonio Paolo</name>
        <address><![CDATA[Via Medaglie d'Oro 47  09070 Tramatza (OR)]]></address>
        <description><![CDATA[Via Medaglie d'Oro 47  09070 Tramatza (OR)]]></description>
        <styleUrl>#icon-1899-0288D1</styleUrl>
      </Placemark>
      <Placemark>
        <name>Autotransport Srl</name>
        <address>Viale Azuni 10  09092 Arborea (OR)</address>
        <description>Viale Azuni 10  09092 Arborea (OR)</description>
        <styleUrl>#icon-1899-0288D1</styleUrl>
      </Placemark>
      <Placemark>
        <name>Autotraporti Demontis s.r.l.</name>
        <address>Strada Dei Due Mari Km. 1800 n° 33  07041 Alghero (SS)</address>
        <description>Strada Dei Due Mari Km. 1800 n° 33  07041 Alghero (SS)</description>
        <styleUrl>#icon-1899-0288D1</styleUrl>
      </Placemark>
      <Placemark>
        <name>Autotraspori Satta Ivo Antonio</name>
        <address>Via Oristano 6  09070 Siamaggiore (OR)</address>
        <description>Via Oristano 6  09070 Siamaggiore (OR)</description>
        <styleUrl>#icon-1899-0288D1</styleUrl>
      </Placemark>
      <Placemark>
        <name>Autotrasporti 3 B S.r.l.</name>
        <address><![CDATA[Reg. San Nicola - Pont'ezzu  07014 Ozieri (SS)]]></address>
        <description><![CDATA[Reg. San Nicola - Pont'ezzu  07014 Ozieri (SS)]]></description>
        <styleUrl>#icon-1899-0288D1</styleUrl>
      </Placemark>
      <Placemark>
        <name>Autotrasporti 3F S.r.l.</name>
        <address><![CDATA[Regione San Nicola - Pont'Ezzu  07014 Ozieri (SS)]]></address>
        <description><![CDATA[Regione San Nicola - Pont'Ezzu  07014 Ozieri (SS)]]></description>
        <styleUrl>#icon-1899-0288D1</styleUrl>
      </Placemark>
      <Placemark>
        <name>Autotrasporti Annis Antonino</name>
        <address>Via Teologo Melas 27  09040 Guasila (SU)</address>
        <description>Via Teologo Melas 27  09040 Guasila (SU)</description>
        <styleUrl>#icon-1899-0288D1</styleUrl>
      </Placemark>
      <Placemark>
        <name>Autotrasporti Arca Nicolò</name>
        <address>Via Carraghentu 10  08017 Silanus (NU)</address>
        <description>Via Carraghentu 10  08017 Silanus (NU)</description>
        <styleUrl>#icon-1899-0288D1</styleUrl>
      </Placemark>
      <Placemark>
        <name>Autotrasporti Arrius Giuliano</name>
        <address>via Pascoli 5  09038 Serramanna (VS)</address>
        <description>via Pascoli 5  09038 Serramanna (VS)</description>
        <styleUrl>#icon-1899-0288D1</styleUrl>
      </Placemark>
      <Placemark>
        <name>Autotrasporti Arrus Antonio</name>
        <address>via Michelangelo 16 - Is Ganaus  09013 Carbonia (CI)</address>
        <description>via Michelangelo 16 - Is Ganaus  09013 Carbonia (CI)</description>
        <styleUrl>#icon-1899-0288D1</styleUrl>
      </Placemark>
      <Placemark>
        <name>Autotrasporti Arzu Donato</name>
        <address>via Garibaldi 5  08040 Talana (NU)</address>
        <description>via Garibaldi 5  08040 Talana (NU)</description>
        <styleUrl>#icon-1899-0288D1</styleUrl>
      </Placemark>
      <Placemark>
        <name>Autotrasporti Atzeni Guerino</name>
        <address>Via Antonio Meucci 15/P  09040 Burcei (SU)</address>
        <description>Via Antonio Meucci 15/P  09040 Burcei (SU)</description>
        <styleUrl>#icon-1899-0288D1</styleUrl>
      </Placemark>
      <Placemark>
        <name><![CDATA[Autotrasporti Bacciu S.N.C. di Bacciu Pietro Paolo & C.]]></name>
        <address>Via Umberto Maddalena 23  07020 Buddusò (SS)</address>
        <description>Via Umberto Maddalena 23  07020 Buddusò (SS)</description>
        <styleUrl>#icon-1899-0288D1</styleUrl>
      </Placemark>
      <Placemark>
        <name>Autotrasporti Benini srl</name>
        <address>via Porcella 33-37  09092 Arborea (OR)</address>
        <description>via Porcella 33-37  09092 Arborea (OR)</description>
        <styleUrl>#icon-1899-0288D1</styleUrl>
      </Placemark>
      <Placemark>
        <name>Autotrasporti Bussu Salvatore</name>
        <address>via P. Nennni 5  08026 Orani (NU)</address>
        <description>via P. Nennni 5  08026 Orani (NU)</description>
        <styleUrl>#icon-1899-0288D1</styleUrl>
      </Placemark>
      <Placemark>
        <name>Autotrasporti C.G. S.R.L.S.</name>
        <address>Via VIII Marzo 1908  09028 Sestu (CA)</address>
        <description>Via VIII Marzo 1908  09028 Sestu (CA)</description>
        <styleUrl>#icon-1899-0288D1</styleUrl>
      </Placemark>
      <Placemark>
        <name>Autotrasporti Cabras</name>
        <address>Via Porto Botte 54  09042 Monserrato (CA)</address>
        <description>Via Porto Botte 54  09042 Monserrato (CA)</description>
        <styleUrl>#icon-1899-0288D1</styleUrl>
      </Placemark>
      <Placemark>
        <name>Autotrasporti Cabras Bruna</name>
        <address>via Gramsci 35  08028 Orosei (NU)</address>
        <description>via Gramsci 35  08028 Orosei (NU)</description>
        <styleUrl>#icon-1899-0288D1</styleUrl>
      </Placemark>
      <Placemark>
        <name>Autotrasporti Cadoni di Carlo Cadoni e C snc</name>
        <address>via Oristano 15  09090 Gonnosnò (OR)</address>
        <description>via Oristano 15  09090 Gonnosnò (OR)</description>
        <styleUrl>#icon-1899-0288D1</styleUrl>
      </Placemark>
      <Placemark>
        <name>Autotrasporti Camba S.r.l.</name>
        <address>via Spano 4  09040 Ortacesus (CA)</address>
        <description>via Spano 4  09040 Ortacesus (CA)</description>
        <styleUrl>#icon-1899-0288D1</styleUrl>
      </Placemark>
      <Placemark>
        <name>Autotrasporti Cambilargiu</name>
        <address>Via Riccardo Bacchelli snc  07100 Sassari (SS)</address>
        <description>Via Riccardo Bacchelli snc  07100 Sassari (SS)</description>
        <styleUrl>#icon-1899-0288D1</styleUrl>
      </Placemark>
      <Placemark>
        <name>Autotrasporti Cani Salvatore</name>
        <address>via Chiesa 21  09010 Narcao (CI)</address>
        <description>via Chiesa 21  09010 Narcao (CI)</description>
        <styleUrl>#icon-1899-0288D1</styleUrl>
      </Placemark>
      <Placemark>
        <name>Autotrasporti Cannas Ignazio</name>
        <address>Via Padre Prinetti 37  08030 Genoni (OR)</address>
        <description>Via Padre Prinetti 37  08030 Genoni (OR)</description>
        <styleUrl>#icon-1899-0288D1</styleUrl>
      </Placemark>
      <Placemark>
        <name>Autotrasporti Carboni Mario</name>
        <address>Via Fadda 8  08036 Ortueri (NU)</address>
        <description>Via Fadda 8  08036 Ortueri (NU)</description>
        <styleUrl>#icon-1899-0288D1</styleUrl>
      </Placemark>
      <Placemark>
        <name><![CDATA[Autotrasporti Carboni snc di Carboni Antonello & C.]]></name>
        <address>via San Lucifero 27  09070 Paulilatino (OR)</address>
        <description>via San Lucifero 27  09070 Paulilatino (OR)</description>
        <styleUrl>#icon-1899-0288D1</styleUrl>
      </Placemark>
      <Placemark>
        <name>Autotrasporti Carlo Usai</name>
        <address>Regione Campo Mela  07030 Cargeghe (SS)</address>
        <description>Regione Campo Mela  07030 Cargeghe (SS)</description>
        <styleUrl>#icon-1899-0288D1</styleUrl>
      </Placemark>
      <Placemark>
        <name>Autotrasporti Casula Michele</name>
        <address>Via Sardegna 42  08020 Ollolai (NU)</address>
        <description>Via Sardegna 42  08020 Ollolai (NU)</description>
        <styleUrl>#icon-1899-0288D1</styleUrl>
      </Placemark>
      <Placemark>
        <name>Autotrasporti Centrale Nord Sardegna</name>
        <address>via delle Rose 65  08100 Nuoro (NU)</address>
        <description>via delle Rose 65  08100 Nuoro (NU)</description>
        <styleUrl>#icon-1899-0288D1</styleUrl>
      </Placemark>
      <Placemark>
        <name>Autotrasporti Chessa snc</name>
        <address>via Padre Ruda 10  07047 Thiesi (SS)</address>
        <description>via Padre Ruda 10  07047 Thiesi (SS)</description>
        <styleUrl>#icon-1899-0288D1</styleUrl>
      </Placemark>
      <Placemark>
        <name>Autotrasporti Collu Antonio</name>
        <address>Via Liguria 22  09032 Assemini (CA)</address>
        <description>Via Liguria 22  09032 Assemini (CA)</description>
        <styleUrl>#icon-1899-0288D1</styleUrl>
      </Placemark>
      <Placemark>
        <name><![CDATA[Autotrasporti Commercio Legna Beccu Quirico & figli snc]]></name>
        <address>Via Santa Reparata 6  07020 Buddusò (OT)</address>
        <description>Via Santa Reparata 6  07020 Buddusò (OT)</description>
        <styleUrl>#icon-1899-0288D1</styleUrl>
      </Placemark>
      <Placemark>
        <name>Autotrasporti Congia S.R.L.</name>
        <address>Via Giovanni Pascoli 18  09025 Sanluri (SU)</address>
        <description>Via Giovanni Pascoli 18  09025 Sanluri (SU)</description>
        <styleUrl>#icon-1899-0288D1</styleUrl>
      </Placemark>
      <Placemark>
        <name>Autotrasporti Corda Efisio</name>
        <address>Via Nazionale 73  09027 Serrenti (VS)</address>
        <description>Via Nazionale 73  09027 Serrenti (VS)</description>
        <styleUrl>#icon-1899-0288D1</styleUrl>
      </Placemark>
      <Placemark>
        <name>Autotrasporti Cuccu Carlo srl</name>
        <address>Via Virginia 25  09042 Monserrato (CA)</address>
        <description>Via Virginia 25  09042 Monserrato (CA)</description>
        <styleUrl>#icon-1899-0288D1</styleUrl>
      </Placemark>
      <Placemark>
        <name>Autotrasporti Cuccu Riccardo srl</name>
        <address>Via dele Miniere 22  09067 Elmas (CA)</address>
        <description>Via dele Miniere 22  09067 Elmas (CA)</description>
        <styleUrl>#icon-1899-0288D1</styleUrl>
      </Placemark>
      <Placemark>
        <name>Autotrasporti D.G.E. srl</name>
        <description>40.748400971638176, 8.550442143499522</description>
        <styleUrl>#icon-1899-0288D1</styleUrl>
        <Point>
          <coordinates>
            8.55044214349952,40.7484009716382,0
          </coordinates>
        </Point>
      </Placemark>
      <Placemark>
        <name>Autotrasporti Dau Gian Gavino</name>
        <address>via Marconi 18  09018 Sarroch (CA)</address>
        <description>via Marconi 18  09018 Sarroch (CA)</description>
        <styleUrl>#icon-1899-0288D1</styleUrl>
      </Placemark>
      <Placemark>
        <name>Autotrasporti Davide Fenza</name>
        <address>Via Mandrolisai n 21  09121 Cagliari (CA)</address>
        <description>Via Mandrolisai n 21  09121 Cagliari (CA)</description>
        <styleUrl>#icon-1899-0288D1</styleUrl>
      </Placemark>
      <Placemark>
        <name>Autotrasporti Deiana s.a.s</name>
        <address><![CDATA[via Mascagni 45  09045 Quartu Sant'Elena (CA)]]></address>
        <description><![CDATA[via Mascagni 45  09045 Quartu Sant'Elena (CA)]]></description>
        <styleUrl>#icon-1899-0288D1</styleUrl>
      </Placemark>
      <Placemark>
        <name><![CDATA[Autotrasporti Denotti di Denotti Giovanni & C Snc]]></name>
        <address><![CDATA[Via Ugo Foscolo 38  09045 Quartu Sant'Elena (CA)]]></address>
        <description><![CDATA[Via Ugo Foscolo 38  09045 Quartu Sant'Elena (CA)]]></description>
        <styleUrl>#icon-1899-0288D1</styleUrl>
      </Placemark>
      <Placemark>
        <name>Autotrasporti Dessì Antonio</name>
        <address>Via Marmilla 6  09032 Assemini (CA)</address>
        <description>Via Marmilla 6  09032 Assemini (CA)</description>
        <styleUrl>#icon-1899-0288D1</styleUrl>
      </Placemark>
      <Placemark>
        <name><![CDATA[Autotrasporti Dessì Antonio & C. sas]]></name>
        <address>Via Marmilla 6  09032 Assemini (CA)</address>
        <description>Via Marmilla 6  09032 Assemini (CA)</description>
        <styleUrl>#icon-1899-0288D1</styleUrl>
      </Placemark>
      <Placemark>
        <name><![CDATA[Autotrasporti di Ambrosino Raimondo & C. S.n.c.]]></name>
        <address>Via Aldo Moro 2  07023 Calangianus (SS)</address>
        <description>Via Aldo Moro 2  07023 Calangianus (SS)</description>
        <styleUrl>#icon-1899-0288D1</styleUrl>
      </Placemark>
      <Placemark>
        <name>Autotrasporti di Barca Vincenzo</name>
        <address>Via Lopodine 2  08040 Baunei (NU)</address>
        <description>Via Lopodine 2  08040 Baunei (NU)</description>
        <styleUrl>#icon-1899-0288D1</styleUrl>
      </Placemark>
      <Placemark>
        <name>Autotrasporti di Bua Franco Paolo</name>
        <address>Via Nazionale 297  09024 Nuraminis (CA)</address>
        <description>Via Nazionale 297  09024 Nuraminis (CA)</description>
        <styleUrl>#icon-1899-0288D1</styleUrl>
      </Placemark>
      <Placemark>
        <name>Autotrasporti Di Caro Tomaso</name>
        <address><![CDATA[Via Dell'Angelo 20  09038 Serramanna (VS)]]></address>
        <description><![CDATA[Via Dell'Angelo 20  09038 Serramanna (VS)]]></description>
        <styleUrl>#icon-1899-0288D1</styleUrl>
      </Placemark>
      <Placemark>
        <name>Autotrasporti di Curreli Bruno</name>
        <address>via S. Fois 20  09028 Sestu (CA)</address>
        <description>via S. Fois 20  09028 Sestu (CA)</description>
        <styleUrl>#icon-1899-0288D1</styleUrl>
      </Placemark>
      <Placemark>
        <name>Autotrasporti di Enrico Mossa</name>
        <address>Via Amendola 1  09038 Serramanna (SU)</address>
        <description>Via Amendola 1  09038 Serramanna (SU)</description>
        <styleUrl>#icon-1899-0288D1</styleUrl>
      </Placemark>
      <Placemark>
        <name>Autotrasporti di Manca Francesco Michele</name>
        <address>Via Ortobene 1  08016 Borore (NU)</address>
        <description>Via Ortobene 1  08016 Borore (NU)</description>
        <styleUrl>#icon-1899-0288D1</styleUrl>
      </Placemark>
      <Placemark>
        <name>Autotrasporti di Maurizio Lecis</name>
        <address>Corso Sardegna 184  08043 Escalaplano (CA)</address>
        <description>Corso Sardegna 184  08043 Escalaplano (CA)</description>
        <styleUrl>#icon-1899-0288D1</styleUrl>
      </Placemark>
      <Placemark>
        <name>Autotrasporti di Mossa Giacomo</name>
        <address>Via Gaetano Salvemini 19  09038 Serramanna (SU)</address>
        <description>Via Gaetano Salvemini 19  09038 Serramanna (SU)</description>
        <styleUrl>#icon-1899-0288D1</styleUrl>
      </Placemark>
      <Placemark>
        <name>Autotrasporti di Pau Gianluca</name>
        <address>Via Giacomo Mateotti 21  08028 Orosei (NU)</address>
        <description>Via Giacomo Mateotti 21  08028 Orosei (NU)</description>
        <styleUrl>#icon-1899-0288D1</styleUrl>
      </Placemark>
      <Placemark>
        <name>Autotrasporti di Pau Triestino e C. Snc</name>
        <address>Via Fabio Filzi 42  08029 Siniscola (NU)</address>
        <description>Via Fabio Filzi 42  08029 Siniscola (NU)</description>
        <styleUrl>#icon-1899-0288D1</styleUrl>
      </Placemark>
      <Placemark>
        <name>Autotrasporti di Pes Gian Luigi</name>
        <address>Via Vittorio Emanuele Ii 15  09090 Masullas (OR)</address>
        <description>Via Vittorio Emanuele Ii 15  09090 Masullas (OR)</description>
        <styleUrl>#icon-1899-0288D1</styleUrl>
      </Placemark>
      <Placemark>
        <name>Autotrasporti di Porta Antonello</name>
        <address>Via Kennedy 57  08020 Ottana (NU)</address>
        <description>Via Kennedy 57  08020 Ottana (NU)</description>
        <styleUrl>#icon-1899-0288D1</styleUrl>
      </Placemark>
      <Placemark>
        <name>Autotrasporti Dimal di Marras Maurizio e Diego</name>
        <address>via Carducci 4  09040 Ortacesus (CA)</address>
        <description>via Carducci 4  09040 Ortacesus (CA)</description>
        <styleUrl>#icon-1899-0288D1</styleUrl>
      </Placemark>
      <Placemark>
        <name><![CDATA[Autotrasporti Doi Pino Angelo & C. snc]]></name>
        <address>via Gramsci 76  08032 Desulo (NU)</address>
        <description>via Gramsci 76  08032 Desulo (NU)</description>
        <styleUrl>#icon-1899-0288D1</styleUrl>
      </Placemark>
      <Placemark>
        <name>Autotrasporti e Movimento Terra Urru S.R.L.</name>
        <address>Via Giacomo Leopardi 24  09040 Burcei (SU)</address>
        <description>Via Giacomo Leopardi 24  09040 Burcei (SU)</description>
        <styleUrl>#icon-1899-0288D1</styleUrl>
      </Placemark>
      <Placemark>
        <name>Autotrasporti Efisio Ortu di Giuseppe Ortu</name>
        <address>via Roma 99  09090 Baressa (OR)</address>
        <description>via Roma 99  09090 Baressa (OR)</description>
        <styleUrl>#icon-1899-0288D1</styleUrl>
      </Placemark>
      <Placemark>
        <name>Autotrasporti Elio Onnis S.R.L.</name>
        <address><![CDATA[Via dell'Industria  09030 Samassi (CA)]]></address>
        <description><![CDATA[Via dell'Industria  09030 Samassi (CA)]]></description>
        <styleUrl>#icon-1899-0288D1</styleUrl>
      </Placemark>
      <Placemark>
        <name>Autotrasporti Emilio Pisano</name>
        <address>Via Trentino 3  09033 Decimomannu (CA)</address>
        <description>Via Trentino 3  09033 Decimomannu (CA)</description>
        <styleUrl>#icon-1899-0288D1</styleUrl>
      </Placemark>
      <Placemark>
        <name>Autotrasporti Eredi Spano Edoardo S.n.c.</name>
        <address>Via Gramsci 155  09036 Guspini (VS)</address>
        <description>Via Gramsci 155  09036 Guspini (VS)</description>
        <styleUrl>#icon-1899-0288D1</styleUrl>
      </Placemark>
      <Placemark>
        <name><![CDATA[Autotrasporti F.lli Basoli di Giuseppe & C. snc]]></name>
        <address><![CDATA[Loc. Pont'Ezzu  07014 Ozieri (SS)]]></address>
        <description><![CDATA[Loc. Pont'Ezzu  07014 Ozieri (SS)]]></description>
        <styleUrl>#icon-1899-0288D1</styleUrl>
      </Placemark>
      <Placemark>
        <name>Autotrasporti f.lli Manconi snc</name>
        <address>Via A. Spinelli 40  08011 Bolotana (NU)</address>
        <description>Via A. Spinelli 40  08011 Bolotana (NU)</description>
        <styleUrl>#icon-1899-0288D1</styleUrl>
      </Placemark>
      <Placemark>
        <name>Autotrasporti F.lli Mura snc</name>
        <address>via Chiesa 1  09066 Villanova Tulo (SU)</address>
        <description>via Chiesa 1  09066 Villanova Tulo (SU)</description>
        <styleUrl>#icon-1899-0288D1</styleUrl>
      </Placemark>
      <Placemark>
        <name><![CDATA[Autotrasporti F.lli Polo di Leonardo Polo & C. snc]]></name>
        <address>Via Sebastiano Satta 18  07014 Ozieri (SS)</address>
        <description>Via Sebastiano Satta 18  07014 Ozieri (SS)</description>
        <styleUrl>#icon-1899-0288D1</styleUrl>
      </Placemark>
      <Placemark>
        <name>Autotrasporti F.lli Sale snc</name>
        <address>Via Gianni Rodari 34  07018 Pozzomaggiore (SS)</address>
        <description>Via Gianni Rodari 34  07018 Pozzomaggiore (SS)</description>
        <styleUrl>#icon-1899-0288D1</styleUrl>
      </Placemark>
      <Placemark>
        <name>Autotrasporti F.M. Srls</name>
        <address>Via Palermo 18  09028 Sestu (CA)</address>
        <description>Via Palermo 18  09028 Sestu (CA)</description>
        <styleUrl>#icon-1899-0288D1</styleUrl>
      </Placemark>
      <Placemark>
        <name>Autotrasporti F.M.A. di Franco Arras e Matteo Arras S.N.C.</name>
        <address>Via Case Sparse Cirras POD.13  09096 Santa Giusta (OR)</address>
        <description>Via Case Sparse Cirras POD.13  09096 Santa Giusta (OR)</description>
        <styleUrl>#icon-1899-0288D1</styleUrl>
      </Placemark>
      <Placemark>
        <name><![CDATA[Autotrasporti Faa Vitale & C Snc]]></name>
        <address><![CDATA[Via Padre Usai 3  09045 Quartu Sant'Elena (CA)]]></address>
        <description><![CDATA[Via Padre Usai 3  09045 Quartu Sant'Elena (CA)]]></description>
        <styleUrl>#icon-1899-0288D1</styleUrl>
      </Placemark>
      <Placemark>
        <name>Autotrasporti Fadda Cristian</name>
        <address>via Roma 122  08020 Onanì (NU)</address>
        <description>via Roma 122  08020 Onanì (NU)</description>
        <styleUrl>#icon-1899-0288D1</styleUrl>
      </Placemark>
      <Placemark>
        <name>Autotrasporti Fadda Federico srl</name>
        <address><![CDATA[via Salvo d'Acquisto 8  09036 Guspini (SU)]]></address>
        <description><![CDATA[via Salvo d'Acquisto 8  09036 Guspini (SU)]]></description>
        <styleUrl>#icon-1899-0288D1</styleUrl>
      </Placemark>
      <Placemark>
        <name>Autotrasporti Fanni Antonio</name>
        <address>via A. Riva Villasanta 104  09134 Cagliari (CA)</address>
        <description>via A. Riva Villasanta 104  09134 Cagliari (CA)</description>
        <styleUrl>#icon-1899-0288D1</styleUrl>
      </Placemark>
      <Placemark>
        <name>Autotrasporti Farre snc</name>
        <address>via Sebastiano Satta 5  07020 Buddusò (SS)</address>
        <description>via Sebastiano Satta 5  07020 Buddusò (SS)</description>
        <styleUrl>#icon-1899-0288D1</styleUrl>
      </Placemark>
      <Placemark>
        <name>Autotrasporti Farris Feliciano</name>
        <address>Via Renzo Laconi 5  09055 Gergei (SU)</address>
        <description>Via Renzo Laconi 5  09055 Gergei (SU)</description>
        <styleUrl>#icon-1899-0288D1</styleUrl>
      </Placemark>
      <Placemark>
        <name>Autotrasporti Farris Natalio</name>
        <address>Via Olbia 2  08029 Siniscola (NU)</address>
        <description>Via Olbia 2  08029 Siniscola (NU)</description>
        <styleUrl>#icon-1899-0288D1</styleUrl>
      </Placemark>
      <Placemark>
        <name>Autotrasporti Federico Fadda</name>
        <address>Via Zeppara 114  09036 Guspini (VS)</address>
        <description>Via Zeppara 114  09036 Guspini (VS)</description>
        <styleUrl>#icon-1899-0288D1</styleUrl>
      </Placemark>
      <Placemark>
        <name>Autotrasporti Fenza Giuseppe</name>
        <address>Via Cagliari 58  09038 Serramanna (SU)</address>
        <description>Via Cagliari 58  09038 Serramanna (SU)</description>
        <styleUrl>#icon-1899-0288D1</styleUrl>
      </Placemark>
      <Placemark>
        <name>Autotrasporti Fratelli Succa Efisio e Marco S.N.C</name>
        <address>Via Lussu E. 5  09024 Nuraminis (SU)</address>
        <description>Via Lussu E. 5  09024 Nuraminis (SU)</description>
        <styleUrl>#icon-1899-0288D1</styleUrl>
      </Placemark>
      <Placemark>
        <name>Autotrasporti Frongia Srl</name>
        <address><![CDATA[Viale dei Giardini 31  09097 San Nicolò d'Arcidano (OR)]]></address>
        <description><![CDATA[Viale dei Giardini 31  09097 San Nicolò d'Arcidano (OR)]]></description>
        <styleUrl>#icon-1899-0288D1</styleUrl>
      </Placemark>
      <Placemark>
        <name>Autotrasporti Garbato Ignazio</name>
        <address>Via Palmas 31  09047 Selargius (CA)</address>
        <description>Via Palmas 31  09047 Selargius (CA)</description>
        <styleUrl>#icon-1899-0288D1</styleUrl>
      </Placemark>
      <Placemark>
        <name>Autotrasporti Ibba Pierluigi</name>
        <address>via Lombardia 2  09030 Sardara (SU)</address>
        <description>via Lombardia 2  09030 Sardara (SU)</description>
        <styleUrl>#icon-1899-0288D1</styleUrl>
      </Placemark>
      <Placemark>
        <name>Autotrasporti Incollu Renato Ugo</name>
        <address>Via Orientale 228  08040 Baunei (OG)</address>
        <description>Via Orientale 228  08040 Baunei (OG)</description>
        <styleUrl>#icon-1899-0288D1</styleUrl>
      </Placemark>
      <Placemark>
        <name>Autotrasporti La Volpe dei f.lli Corona snc</name>
        <address>Zona Industriale Pillè Matta snc  09044 Quartucciu (CA)</address>
        <description>Zona Industriale Pillè Matta snc  09044 Quartucciu (CA)</description>
        <styleUrl>#icon-1899-0288D1</styleUrl>
      </Placemark>
      <Placemark>
        <name>Autotrasporti Lebiu Raffaele Antonio</name>
        <address><![CDATA[Loc. S'arritzolu  09015 Domusnovas (CI)]]></address>
        <description><![CDATA[Loc. S'arritzolu  09015 Domusnovas (CI)]]></description>
        <styleUrl>#icon-1899-0288D1</styleUrl>
      </Placemark>
      <Placemark>
        <name>Autotrasporti Leone Christian</name>
        <address>via San Gemiliano s/n  09028 Sestu (CA)</address>
        <description>via San Gemiliano s/n  09028 Sestu (CA)</description>
        <styleUrl>#icon-1899-0288D1</styleUrl>
      </Placemark>
      <Placemark>
        <name>Autotrasporti Lilliu Stefano</name>
        <address>Via Galileo Galilei 35  09170 Oristano (OR)</address>
        <description>Via Galileo Galilei 35  09170 Oristano (OR)</description>
        <styleUrl>#icon-1899-0288D1</styleUrl>
      </Placemark>
      <Placemark>
        <name><![CDATA[Autotrasporti Lodde Piero & Figli snc]]></name>
        <address>via dei Fiori 3  07040 Cheremule (SS)</address>
        <description>via dei Fiori 3  07040 Cheremule (SS)</description>
        <styleUrl>#icon-1899-0288D1</styleUrl>
      </Placemark>
      <Placemark>
        <name>Autotrasporti Loi Andrea</name>
        <address><![CDATA[Via Olanda 23  09045 Quartu Sant'Elena (CA)]]></address>
        <description><![CDATA[Via Olanda 23  09045 Quartu Sant'Elena (CA)]]></description>
        <styleUrl>#icon-1899-0288D1</styleUrl>
      </Placemark>
      <Placemark>
        <name>Autotrasporti Loi Antonio</name>
        <address>via Brigata Sassari 7  08036 Ortueri (NU)</address>
        <description>via Brigata Sassari 7  08036 Ortueri (NU)</description>
        <styleUrl>#icon-1899-0288D1</styleUrl>
      </Placemark>
      <Placemark>
        <name><![CDATA[Autotrasporti Loi di Pezzano Loredana & C. S.A.S.]]></name>
        <address><![CDATA[Via Olanda 3  09045 Quartu Sant'Elena (CA)]]></address>
        <description><![CDATA[Via Olanda 3  09045 Quartu Sant'Elena (CA)]]></description>
        <styleUrl>#icon-1899-0288D1</styleUrl>
      </Placemark>
      <Placemark>
        <name>Autotrasporti Loi Ignazio</name>
        <address>Loc. Cambula snc  08044 Jerzu (NU)</address>
        <description>Loc. Cambula snc  08044 Jerzu (NU)</description>
        <styleUrl>#icon-1899-0288D1</styleUrl>
      </Placemark>
      <Placemark>
        <name>Autotrasporti Macciocu Graziano</name>
        <address>Via Genova55/1  07026 Olbia (OT)</address>
        <description>Via Genova55/1  07026 Olbia (OT)</description>
        <styleUrl>#icon-1899-0288D1</styleUrl>
      </Placemark>
      <Placemark>
        <name>Autotrasporti Manca Giuseppe</name>
        <address><![CDATA[Via Gavino Pes 21  09045 Quartu Sant'Elena (CA)]]></address>
        <description><![CDATA[Via Gavino Pes 21  09045 Quartu Sant'Elena (CA)]]></description>
        <styleUrl>#icon-1899-0288D1</styleUrl>
      </Placemark>
      <Placemark>
        <name><![CDATA[Autotrasporti Manca Mario & C. Sas]]></name>
        <address>Via Premuda 24  09122 Cagliari (CA)</address>
        <description>Via Premuda 24  09122 Cagliari (CA)</description>
        <styleUrl>#icon-1899-0288D1</styleUrl>
      </Placemark>
      <Placemark>
        <name>Autotrasporti Marongiu Raimondo</name>
        <address>Loc. Su Forru Coccu snc  09012 Capoterra (CA)</address>
        <description>Loc. Su Forru Coccu snc  09012 Capoterra (CA)</description>
        <styleUrl>#icon-1899-0288D1</styleUrl>
      </Placemark>
      <Placemark>
        <name>Autotrasporti Marongiu srl</name>
        <address>via Genova 19  09033 Decimomannu (CA)</address>
        <description>via Genova 19  09033 Decimomannu (CA)</description>
        <styleUrl>#icon-1899-0288D1</styleUrl>
      </Placemark>
      <Placemark>
        <name>Autotrasporti Marras Giulio</name>
        <address>Via Napoli 19  09027 Serrenti (VS)</address>
        <description>Via Napoli 19  09027 Serrenti (VS)</description>
        <styleUrl>#icon-1899-0288D1</styleUrl>
      </Placemark>
      <Placemark>
        <name><![CDATA[Autotrasporti Mascia Italo & C. s.n.c.]]></name>
        <address>via Federico Fellini 40  09134 Cagliari (CA)</address>
        <description>via Federico Fellini 40  09134 Cagliari (CA)</description>
        <styleUrl>#icon-1899-0288D1</styleUrl>
      </Placemark>
      <Placemark>
        <name>Autotrasporti Massidda Giancarlo</name>
        <address>Via Agricola 46  09042 Monserrato (CA)</address>
        <description>Via Agricola 46  09042 Monserrato (CA)</description>
        <styleUrl>#icon-1899-0288D1</styleUrl>
      </Placemark>
      <Placemark>
        <name>Autotrasporti Meloni di Meloni Giuseppe e C. snc</name>
        <address>Via Vittorio Emanuele n 96  07010 Ardara (SS)</address>
        <description>Via Vittorio Emanuele n 96  07010 Ardara (SS)</description>
        <styleUrl>#icon-1899-0288D1</styleUrl>
      </Placemark>
      <Placemark>
        <name>Autotrasporti Mesu e Rios S.R.L.</name>
        <address>Reg. Mesu e Rios SS 597 - Km 19700  07014 Ozieri (SS)</address>
        <description>Reg. Mesu e Rios SS 597 - Km 19700  07014 Ozieri (SS)</description>
        <styleUrl>#icon-1899-0288D1</styleUrl>
      </Placemark>
      <Placemark>
        <name>Autotrasporti Michele Onnis</name>
        <address>via Sarcidano 9A  08030 Nurallao (CA)</address>
        <description>via Sarcidano 9A  08030 Nurallao (CA)</description>
        <styleUrl>#icon-1899-0288D1</styleUrl>
      </Placemark>
      <Placemark>
        <name>Autotrasporti Mocci Fernando</name>
        <address>Via Asproni 3  09088 Ollastra (OR)</address>
        <description>Via Asproni 3  09088 Ollastra (OR)</description>
        <styleUrl>#icon-1899-0288D1</styleUrl>
      </Placemark>
      <Placemark>
        <name>Autotrasporti Monaco sas di Rosario Monaco</name>
        <address><![CDATA[via S. Antonio 170  09045 Quartu Sant'Elena (CA)]]></address>
        <description><![CDATA[via S. Antonio 170  09045 Quartu Sant'Elena (CA)]]></description>
        <styleUrl>#icon-1899-0288D1</styleUrl>
      </Placemark>
      <Placemark>
        <name>Autotrasporti Mostallino Ignazio</name>
        <address>Via Bacaredda 15  09032 Assemini (CA)</address>
        <description>Via Bacaredda 15  09032 Assemini (CA)</description>
        <styleUrl>#icon-1899-0288D1</styleUrl>
      </Placemark>
      <Placemark>
        <name>Autotrasporti Movimento Terra Serra Tullio</name>
        <address>Via Donizetti 3  09022 Lunamatrona (SU)</address>
        <description>Via Donizetti 3  09022 Lunamatrona (SU)</description>
        <styleUrl>#icon-1899-0288D1</styleUrl>
      </Placemark>
      <Placemark>
        <name>Autotrasporti Murru srl</name>
        <address><![CDATA[Via Benedetto Croce 124  09045 Quartu Sant'Elena (CA)]]></address>
        <description><![CDATA[Via Benedetto Croce 124  09045 Quartu Sant'Elena (CA)]]></description>
        <styleUrl>#icon-1899-0288D1</styleUrl>
      </Placemark>
      <Placemark>
        <name>Autotrasporti Musa Ampelio e Giampiero snc</name>
        <address>via Nazionale 141 - Frazione Rio Murtas  09010 Narcao (CI)</address>
        <description>via Nazionale 141 - Frazione Rio Murtas  09010 Narcao (CI)</description>
        <styleUrl>#icon-1899-0288D1</styleUrl>
      </Placemark>
      <Placemark>
        <name>Autotrasporti Muscas Gabriele</name>
        <address><![CDATA[Vico II Eleonora D'Arborea 8  09040 Serdiana (SU)]]></address>
        <description><![CDATA[Vico II Eleonora D'Arborea 8  09040 Serdiana (SU)]]></description>
        <styleUrl>#icon-1899-0288D1</styleUrl>
      </Placemark>
      <Placemark>
        <name>Autotrasporti Nurra</name>
        <address>Via Rinascita 23  07010 Cossoine (SS)</address>
        <description>Via Rinascita 23  07010 Cossoine (SS)</description>
        <styleUrl>#icon-1899-0288D1</styleUrl>
      </Placemark>
      <Placemark>
        <name>Autotrasporti Oggianu Walter</name>
        <address>Via Sardegna 41  08015 Macomer (NU)</address>
        <description>Via Sardegna 41  08015 Macomer (NU)</description>
        <styleUrl>#icon-1899-0288D1</styleUrl>
      </Placemark>
      <Placemark>
        <name>Autotrasporti P.C.G. S.r.l.</name>
        <address>Via degli Astri 64  09134 Cagliari (CA)</address>
        <description>Via degli Astri 64  09134 Cagliari (CA)</description>
        <styleUrl>#icon-1899-0288D1</styleUrl>
      </Placemark>
      <Placemark>
        <name>Autotrasporti P.D. di Pinna Domenico</name>
        <address>via Logudoro 5  07010 Ardara (SS)</address>
        <description>via Logudoro 5  07010 Ardara (SS)</description>
        <styleUrl>#icon-1899-0288D1</styleUrl>
      </Placemark>
      <Placemark>
        <name>Autotrasporti Pani Luciano</name>
        <address>Via Nazionale 2  09035 Gonnosfanadiga (SU)</address>
        <description>Via Nazionale 2  09035 Gonnosfanadiga (SU)</description>
        <styleUrl>#icon-1899-0288D1</styleUrl>
      </Placemark>
      <Placemark>
        <name><![CDATA[Autotrasporti Patrizi S.A.S. di Cristiano Patrizi & C.]]></name>
        <address>Via Deroma 65  09042 Monserrato (CA)</address>
        <description>Via Deroma 65  09042 Monserrato (CA)</description>
        <styleUrl>#icon-1899-0288D1</styleUrl>
      </Placemark>
      <Placemark>
        <name>Autotrasporti Patta Giampaolo</name>
        <address>Via Fiorello Battista 2A  07010 Cossoine (SS)</address>
        <description>Via Fiorello Battista 2A  07010 Cossoine (SS)</description>
        <styleUrl>#icon-1899-0288D1</styleUrl>
      </Placemark>
      <Placemark>
        <name>Autotrasporti Pau Angelo di Pau Andrea S.N.C.</name>
        <address>Via G. Leopardi 4  09081 Ardauli (OR)</address>
        <description>Via G. Leopardi 4  09081 Ardauli (OR)</description>
        <styleUrl>#icon-1899-0288D1</styleUrl>
      </Placemark>
      <Placemark>
        <name>Autotrasporti Pau Antonio e Francesco snc</name>
        <address>Via Montanaro 5  08029 Siniscola (NU)</address>
        <description>Via Montanaro 5  08029 Siniscola (NU)</description>
        <styleUrl>#icon-1899-0288D1</styleUrl>
      </Placemark>
      <Placemark>
        <name>Autotrasporti Perseu Cesare</name>
        <address>Via Milano 1  09090 Baressa (OR)</address>
        <description>Via Milano 1  09090 Baressa (OR)</description>
        <styleUrl>#icon-1899-0288D1</styleUrl>
      </Placemark>
      <Placemark>
        <name>Autotrasporti Perseu S.r.l.</name>
        <address>Via Milano 2  09090 Baressa (OR)</address>
        <description>Via Milano 2  09090 Baressa (OR)</description>
        <styleUrl>#icon-1899-0288D1</styleUrl>
      </Placemark>
      <Placemark>
        <name>Autotrasporti Pes Giuseppe</name>
        <address>Via Verdi sn  09028 Sestu (CA)</address>
        <description>Via Verdi sn  09028 Sestu (CA)</description>
        <styleUrl>#icon-1899-0288D1</styleUrl>
      </Placemark>
      <Placemark>
        <name>Autotrasporti Pinna Demetrio</name>
        <address>Via Gramsci 33  09075 Santu Lussurgiu (OR)</address>
        <description>Via Gramsci 33  09075 Santu Lussurgiu (OR)</description>
        <styleUrl>#icon-1899-0288D1</styleUrl>
      </Placemark>
      <Placemark>
        <name><![CDATA[Autotrasporti Pinna di Pinna Domenico & C. snc]]></name>
        <address>Via S. Pietro n. 15  07010 Ardara (SS)</address>
        <description>Via S. Pietro n. 15  07010 Ardara (SS)</description>
        <styleUrl>#icon-1899-0288D1</styleUrl>
      </Placemark>
      <Placemark>
        <name>Autotrasporti Pinna Marco</name>
        <address>Via Antonio Vivaldi 9  09050 Villa San Pietro (CA)</address>
        <description>Via Antonio Vivaldi 9  09050 Villa San Pietro (CA)</description>
        <styleUrl>#icon-1899-0288D1</styleUrl>
      </Placemark>
      <Placemark>
        <name>Autotrasporti Pinna Paolo</name>
        <address>Via Renzo Laconi 44  09039 Villacidro (VS)</address>
        <description>Via Renzo Laconi 44  09039 Villacidro (VS)</description>
        <styleUrl>#icon-1899-0288D1</styleUrl>
      </Placemark>
      <Placemark>
        <name>Autotrasporti Pinna Simone e Patrizia</name>
        <address>Via Genova 36  09010 Portoscuso (CI)</address>
        <description>Via Genova 36  09010 Portoscuso (CI)</description>
        <styleUrl>#icon-1899-0288D1</styleUrl>
      </Placemark>
      <Placemark>
        <name>Autotrasporti Pinna Vincenzo</name>
        <address>Via dei Minatori dei Marcinelle Z.ind.  09040 Settimo San Pietro (CA)</address>
        <description>Via dei Minatori dei Marcinelle Z.ind.  09040 Settimo San Pietro (CA)</description>
        <styleUrl>#icon-1899-0288D1</styleUrl>
      </Placemark>
      <Placemark>
        <name>Autotrasporti Pipere Pier Luigi</name>
        <address>Via Umbria 8  08029 Siniscola (NU)</address>
        <description>Via Umbria 8  08029 Siniscola (NU)</description>
        <styleUrl>#icon-1899-0288D1</styleUrl>
      </Placemark>
      <Placemark>
        <name><![CDATA[Autotrasporti Piras Pietro & figli s.n.c.]]></name>
        <address>via Sanna Corda 5  07048 Torralba (SS)</address>
        <description>via Sanna Corda 5  07048 Torralba (SS)</description>
        <styleUrl>#icon-1899-0288D1</styleUrl>
      </Placemark>
      <Placemark>
        <name>Autotrasporti Pireddu Antonio</name>
        <address>via Venezia 62  09032 Assemini (CA)</address>
        <description>via Venezia 62  09032 Assemini (CA)</description>
        <styleUrl>#icon-1899-0288D1</styleUrl>
      </Placemark>
      <Placemark>
        <name>Autotrasporti Piroddi di Piroddi Fabio snc</name>
        <address>via Gramsci 4  08040 Ilbono (OG)</address>
        <description>via Gramsci 4  08040 Ilbono (OG)</description>
        <styleUrl>#icon-1899-0288D1</styleUrl>
      </Placemark>
      <Placemark>
        <name>Autotrasporti Piroddi Francesco</name>
        <address>Via Regina Elena 92  08044 Jerzu (OG)</address>
        <description>Via Regina Elena 92  08044 Jerzu (OG)</description>
        <styleUrl>#icon-1899-0288D1</styleUrl>
      </Placemark>
      <Placemark>
        <name><![CDATA[Autotrasporti Pisano Nicolò & C. snc]]></name>
        <address>Via Migheli 2  07033 Osilo (SS)</address>
        <description>Via Migheli 2  07033 Osilo (SS)</description>
        <styleUrl>#icon-1899-0288D1</styleUrl>
      </Placemark>
      <Placemark>
        <name>Autotrasporti Porcedda Massimo</name>
        <description>39.301896762984576, 8.992869210920565</description>
        <styleUrl>#icon-1899-0288D1</styleUrl>
        <Point>
          <coordinates>
            8.99286921092057,39.3018967629846,0
          </coordinates>
        </Point>
      </Placemark>
      <Placemark>
        <name>Autotrasporti Porcu Mario</name>
        <address>Via Montis 18 09043 Muravera (CA)</address>
        <description>Via Montis 18 09043 Muravera (CA)</description>
        <styleUrl>#icon-1899-0288D1</styleUrl>
      </Placemark>
      <Placemark>
        <name>Autotrasporti Pronto Servizi</name>
        <address>SS 131 km 205 Z.I Muros  07030 Muros (SS)</address>
        <description>SS 131 km 205 Z.I Muros  07030 Muros (SS)</description>
        <styleUrl>#icon-1899-0288D1</styleUrl>
      </Placemark>
      <Placemark>
        <name><![CDATA[Autotrasporti Puddu Salvatore & C. Snc]]></name>
        <address>Via Michelangelo 22  09013 Carbonia (SU)</address>
        <description>Via Michelangelo 22  09013 Carbonia (SU)</description>
        <styleUrl>#icon-1899-0288D1</styleUrl>
      </Placemark>
      <Placemark>
        <name>Autotrasporti S.A.D. Soc. Coop.</name>
        <address>Via Angelo Vassallo Snc  09010 Villamassargia (CI)</address>
        <description>Via Angelo Vassallo Snc  09010 Villamassargia (CI)</description>
        <styleUrl>#icon-1899-0288D1</styleUrl>
      </Placemark>
      <Placemark>
        <name><![CDATA[Autotrasporti Salis Dario & C snc]]></name>
        <address>Corso Umberto I 85  08044 Jerzu (OG)</address>
        <description>Corso Umberto I 85  08044 Jerzu (OG)</description>
        <styleUrl>#icon-1899-0288D1</styleUrl>
      </Placemark>
      <Placemark>
        <name>Autotrasporti Samuel Serra</name>
        <address>Via Gramsci 35  08028 Orosei (NU)</address>
        <description>Via Gramsci 35  08028 Orosei (NU)</description>
        <styleUrl>#icon-1899-0288D1</styleUrl>
      </Placemark>
      <Placemark>
        <name><![CDATA[Autotrasporti Sanna & Sanna snc]]></name>
        <address>via Piave 21  07010 Nughedu San Nicolò (SS)</address>
        <description>via Piave 21  07010 Nughedu San Nicolò (SS)</description>
        <styleUrl>#icon-1899-0288D1</styleUrl>
      </Placemark>
      <Placemark>
        <name>Autotrasporti Savi Ariodante</name>
        <address>via Monte Arci 89  09042 Monserrato (CA)</address>
        <description>via Monte Arci 89  09042 Monserrato (CA)</description>
        <styleUrl>#icon-1899-0288D1</styleUrl>
      </Placemark>
      <Placemark>
        <name>Autotrasporti Scalas Mario</name>
        <address>Via Dei Giudicati 23  09032 ASSEMINI (CA)</address>
        <description>Via Dei Giudicati 23  09032 ASSEMINI (CA)</description>
        <styleUrl>#icon-1899-0288D1</styleUrl>
      </Placemark>
      <Placemark>
        <name>Autotrasporti Scano Efisio</name>
        <address>Via G. Murgia n 18  09039 Villacidro (VS)</address>
        <description>Via G. Murgia n 18  09039 Villacidro (VS)</description>
        <styleUrl>#icon-1899-0288D1</styleUrl>
      </Placemark>
      <Placemark>
        <name>Autotrasporti Serci Giuseppe</name>
        <address>Via Nazionale 220  09024 Nuraminis (CA)</address>
        <description>Via Nazionale 220  09024 Nuraminis (CA)</description>
        <styleUrl>#icon-1899-0288D1</styleUrl>
      </Placemark>
      <Placemark>
        <name>Autotrasporti Sercis Bruno</name>
        <address>via Sac. Giov. Caria 11  09070 Riola Sardo (OR)</address>
        <description>via Sac. Giov. Caria 11  09070 Riola Sardo (OR)</description>
        <styleUrl>#icon-1899-0288D1</styleUrl>
      </Placemark>
      <Placemark>
        <name>Autotrasporti Serra Ferdinando</name>
        <address>Via Milano 57  08020 Orotelli (NU)</address>
        <description>Via Milano 57  08020 Orotelli (NU)</description>
        <styleUrl>#icon-1899-0288D1</styleUrl>
      </Placemark>
      <Placemark>
        <name>Autotrasporti Serra Maurizio</name>
        <address>via Imperatore Giustiniano 13  09028 Sestu (CA)</address>
        <description>via Imperatore Giustiniano 13  09028 Sestu (CA)</description>
        <styleUrl>#icon-1899-0288D1</styleUrl>
      </Placemark>
      <Placemark>
        <name>Autotrasporti Silvio Sotgiu</name>
        <address>Via Argentiera 27/A  07040 Sassari (SS)</address>
        <description>Via Argentiera 27/A  07040 Sassari (SS)</description>
        <styleUrl>#icon-1899-0288D1</styleUrl>
      </Placemark>
      <Placemark>
        <name>Autotrasporti Sm di Senette Simone</name>
        <address>Viale Enrico Fermi 72  08022 Dorgali (NU)</address>
        <description>Viale Enrico Fermi 72  08022 Dorgali (NU)</description>
        <styleUrl>#icon-1899-0288D1</styleUrl>
      </Placemark>
      <Placemark>
        <name>Autotrasporti SNC di Mameli Marco e Massimo</name>
        <address>Via Umberto I 27  08044 Jerzu (OG)</address>
        <description>Via Umberto I 27  08044 Jerzu (OG)</description>
        <styleUrl>#icon-1899-0288D1</styleUrl>
      </Placemark>
      <Placemark>
        <name>Autotrasporti Stefano Corriga</name>
        <address>via Arruga Srabadoi 3  09070 Bauladu (OR)</address>
        <description>via Arruga Srabadoi 3  09070 Bauladu (OR)</description>
        <styleUrl>#icon-1899-0288D1</styleUrl>
      </Placemark>
      <Placemark>
        <name>Autotrasporti Stefano Oppo</name>
        <address>Via Roma 82  09070 Paulilatino (OR)</address>
        <description>Via Roma 82  09070 Paulilatino (OR)</description>
        <styleUrl>#icon-1899-0288D1</styleUrl>
      </Placemark>
      <Placemark>
        <name>Autotrasporti Trasplanta snc</name>
        <address>Via Segariu 88  09040 Guasila (CA)</address>
        <description>Via Segariu 88  09040 Guasila (CA)</description>
        <styleUrl>#icon-1899-0288D1</styleUrl>
      </Placemark>
      <Placemark>
        <name>Autotrasporti Usai Sebastiano</name>
        <address><![CDATA[Loc. Gutturu'e Forru  09039 Villacidro (SU)]]></address>
        <description><![CDATA[Loc. Gutturu'e Forru  09039 Villacidro (SU)]]></description>
        <styleUrl>#icon-1899-0288D1</styleUrl>
      </Placemark>
      <Placemark>
        <name>Autotrasporti Virdis Snc</name>
        <address><![CDATA[Via dell'Unione Europea snc  09060 Settimo San Pietro (CA)]]></address>
        <description><![CDATA[Via dell'Unione Europea snc  09060 Settimo San Pietro (CA)]]></description>
        <styleUrl>#icon-1899-0288D1</styleUrl>
      </Placemark>
      <Placemark>
        <name>Autotrasporti Zappu Giovanni Maria</name>
        <address>Via Sassari 45  07010 Nughedu San Nicolò (SS)</address>
        <description>Via Sassari 45  07010 Nughedu San Nicolò (SS)</description>
        <styleUrl>#icon-1899-0288D1</styleUrl>
      </Placemark>
      <Placemark>
        <name>Autotrasporti Zuddas di Zuddas Edilio e Francesco s.n.c.</name>
        <address>Vico II Matteotti  09010 Gonnesa (CI)</address>
        <description>Vico II Matteotti  09010 Gonnesa (CI)</description>
        <styleUrl>#icon-1899-0288D1</styleUrl>
      </Placemark>
      <Placemark>
        <name>Autotrasporto e Commercio Legna da Ardere Salvatore Zanda</name>
        <description>39.271344397334936, 9.050937654461482</description>
        <styleUrl>#icon-1899-0288D1</styleUrl>
        <Point>
          <coordinates>
            9.05093765446148,39.2713443973349,0
          </coordinates>
        </Point>
      </Placemark>
      <Placemark>
        <name>Autra snc</name>
        <address>via Telesio 128  09131 Cagliari (CA)</address>
        <description>via Telesio 128  09131 Cagliari (CA)</description>
        <styleUrl>#icon-1899-0288D1</styleUrl>
      </Placemark>
      <Placemark>
        <name>Avigliano Srl</name>
        <address>Viale Monastir KM 11+200 S.S. 131 snc  09028 Sestu (CA)</address>
        <description>Viale Monastir KM 11+200 S.S. 131 snc  09028 Sestu (CA)</description>
        <styleUrl>#icon-1899-0288D1</styleUrl>
      </Placemark>
      <Placemark>
        <name>AVR S.p.A.</name>
        <address>Via Santa Gilla 44  09122 Cagliari (CA)</address>
        <description>Via Santa Gilla 44  09122 Cagliari (CA)</description>
        <styleUrl>#icon-1899-0288D1</styleUrl>
      </Placemark>
      <Placemark>
        <name>Az Ricambi S.R.L.</name>
        <address>Via Predda Niedda 5  07100 Sassari (SS)</address>
        <description>Via Predda Niedda 5  07100 Sassari (SS)</description>
        <styleUrl>#icon-1899-0288D1</styleUrl>
      </Placemark>
      <Placemark>
        <name>Az. Agricola Mureddu Raffaele</name>
        <address><![CDATA[Loc. Perd'e Cuaddu  09056 Isili (SU)]]></address>
        <description><![CDATA[Loc. Perd'e Cuaddu  09056 Isili (SU)]]></description>
        <styleUrl>#icon-1899-0288D1</styleUrl>
      </Placemark>
      <Placemark>
        <name>Azienda Agricola Cogoi Ilenia</name>
        <address>Via San Salvatore 2  09030 Meana Sardo (NU)</address>
        <description>Via San Salvatore 2  09030 Meana Sardo (NU)</description>
        <styleUrl>#icon-1899-0288D1</styleUrl>
      </Placemark>
      <Placemark>
        <name>Azienda Agricola Cunilsarda S.S. di Palmas</name>
        <address>Località Ponte e Paule  09071 Abbasanta (OR)</address>
        <description>Località Ponte e Paule  09071 Abbasanta (OR)</description>
        <styleUrl>#icon-1899-0288D1</styleUrl>
      </Placemark>
      <Placemark>
        <name>Azienda Agricola Delrio Costantino Luciano</name>
        <address>Via Semideu 1  08020 Ottana (NU)</address>
        <description>Via Semideu 1  08020 Ottana (NU)</description>
        <styleUrl>#icon-1899-0288D1</styleUrl>
      </Placemark>
      <Placemark>
        <name>Azienda Agricola di Cossu Giovanni</name>
        <address>Loc More Corraxe  09028 Sestu (CA)</address>
        <description>Loc More Corraxe  09028 Sestu (CA)</description>
        <styleUrl>#icon-1899-0288D1</styleUrl>
      </Placemark>
      <Placemark>
        <name><![CDATA[Azienda Agricola f.lli Lilliu s.a.s di Lilliu Renzo & C.]]></name>
        <address>via Trento 59  09040 Guasila (SU)</address>
        <description>via Trento 59  09040 Guasila (SU)</description>
        <styleUrl>#icon-1899-0288D1</styleUrl>
      </Placemark>
      <Placemark>
        <name>Azienda Agricola Lisci Stefano</name>
        <description>39.45332830347786, 8.749280796835912</description>
        <styleUrl>#icon-1899-0288D1</styleUrl>
        <Point>
          <coordinates>
            8.74928079683591,39.4533283034779,0
          </coordinates>
        </Point>
      </Placemark>
      <Placemark>
        <name>Azienda Agricola Maccioni Graziano</name>
        <address>Via Garibaldi 21  09010 Decimoputzu (CA)</address>
        <description>Via Garibaldi 21  09010 Decimoputzu (CA)</description>
        <styleUrl>#icon-1899-0288D1</styleUrl>
      </Placemark>
      <Placemark>
        <name>Azienda Agricola Musio Roberto</name>
        <address>Via Roma 134  09020 Samatzai (CA)</address>
        <description>Via Roma 134  09020 Samatzai (CA)</description>
        <styleUrl>#icon-1899-0288D1</styleUrl>
      </Placemark>
      <Placemark>
        <name>Azienda Agricola Orrù Società Semplice</name>
        <address>Via Perù 2  09038 Serramanna (SU)</address>
        <description>Via Perù 2  09038 Serramanna (SU)</description>
        <styleUrl>#icon-1899-0288D1</styleUrl>
      </Placemark>
      <Placemark>
        <name>Azienda Agricola Porcedda Massimiliano</name>
        <address>via Sardegna 1  09020 Villamar (SU)</address>
        <description>via Sardegna 1  09020 Villamar (SU)</description>
        <styleUrl>#icon-1899-0288D1</styleUrl>
      </Placemark>
      <Placemark>
        <name>Azienda Florovivaista di Ivo Agus</name>
        <address>II Strada Terre e Teula 5  09042 Monserrato (CA)</address>
        <description>II Strada Terre e Teula 5  09042 Monserrato (CA)</description>
        <styleUrl>#icon-1899-0288D1</styleUrl>
      </Placemark>
      <Placemark>
        <name>Azienda Florovivaistica Il Ciclamino di Atzeni Agnese</name>
        <description>39.76687994077229, 8.807032395298325</description>
        <styleUrl>#icon-1899-0288D1</styleUrl>
        <Point>
          <coordinates>
            8.80703239529833,39.7668799407723,0
          </coordinates>
        </Point>
      </Placemark>
      <Placemark>
        <name>B Travel S.R.L.</name>
        <address>Via San Benedetto 1  09128 Cagliari (CA)</address>
        <description>Via San Benedetto 1  09128 Cagliari (CA)</description>
        <styleUrl>#icon-1899-0288D1</styleUrl>
      </Placemark>
      <Placemark>
        <name>Bacciu Quirico</name>
        <address>via Marco Polo 2  07020 Buddusò (SS)</address>
        <description>via Marco Polo 2  07020 Buddusò (SS)</description>
        <styleUrl>#icon-1899-0288D1</styleUrl>
      </Placemark>
      <Placemark>
        <name>Baldereschi Marco</name>
        <address>Via Matteo Boiardo 4  09047 Selargius (CA)</address>
        <description>Via Matteo Boiardo 4  09047 Selargius (CA)</description>
        <styleUrl>#icon-1899-0288D1</styleUrl>
      </Placemark>
      <Placemark>
        <name>Baldo Gianpaolo</name>
        <address>Via Risorgimento 19  09026 San Sperate (CA)</address>
        <description>Via Risorgimento 19  09026 San Sperate (CA)</description>
        <styleUrl>#icon-1899-0288D1</styleUrl>
      </Placemark>
      <Placemark>
        <name>Baldussu Francesco</name>
        <address>via Martiri Nassirya 9  09040 Donori (CA)</address>
        <description>via Martiri Nassirya 9  09040 Donori (CA)</description>
        <styleUrl>#icon-1899-0288D1</styleUrl>
      </Placemark>
      <Placemark>
        <name>Baldussu Giuseppe</name>
        <address>Via Marconi 50 A  09041 Dolianova (CA)</address>
        <description>Via Marconi 50 A  09041 Dolianova (CA)</description>
        <styleUrl>#icon-1899-0288D1</styleUrl>
      </Placemark>
      <Placemark>
        <name>Balia Alberto</name>
        <address>Via Roma 171  09034 Villasor (SU)</address>
        <description>Via Roma 171  09034 Villasor (SU)</description>
        <styleUrl>#icon-1899-0288D1</styleUrl>
      </Placemark>
      <Placemark>
        <name>Banchero Michela</name>
        <address>Piazza Falchi 1  09126 Cagliari (CA)</address>
        <description>Piazza Falchi 1  09126 Cagliari (CA)</description>
        <styleUrl>#icon-1899-0288D1</styleUrl>
      </Placemark>
      <Placemark>
        <name>Banco Alimentare della Sardegna</name>
        <address>Via Edison 9  09047 Selargius (CA)</address>
        <description>Via Edison 9  09047 Selargius (CA)</description>
        <styleUrl>#icon-1899-0288D1</styleUrl>
      </Placemark>
      <Placemark>
        <name>Bandino Marco</name>
        <address>Via San Sebastiano Snc Snc  09053 Esterzili (SU)</address>
        <description>Via San Sebastiano Snc Snc  09053 Esterzili (SU)</description>
        <styleUrl>#icon-1899-0288D1</styleUrl>
      </Placemark>
      <Placemark>
        <name>Bandinu Andreas</name>
        <description>39.477778763228045, 9.101755128558997</description>
        <styleUrl>#icon-1899-0288D1</styleUrl>
        <Point>
          <coordinates>
            9.101755128559,39.477778763228,0
          </coordinates>
        </Point>
      </Placemark>
      <Placemark>
        <name>Bandinu Antonio</name>
        <address>Via Buggerru 2  08021 Bitti (NU)</address>
        <description>Via Buggerru 2  08021 Bitti (NU)</description>
        <styleUrl>#icon-1899-0288D1</styleUrl>
      </Placemark>
      <Placemark>
        <name>Baobab Sardegna S.R.L.S.</name>
        <address>via Cagliari 43  09049 Villasimius (SU)</address>
        <description>via Cagliari 43  09049 Villasimius (SU)</description>
        <styleUrl>#icon-1899-0288D1</styleUrl>
      </Placemark>
      <Placemark>
        <name>Baracca Costruzioni di Baracca Rossano</name>
        <address>via Bachelet 8a  07010 Ardara (SS)</address>
        <description>via Bachelet 8a  07010 Ardara (SS)</description>
        <styleUrl>#icon-1899-0288D1</styleUrl>
      </Placemark>
      <Placemark>
        <name>Barant Srl (Il Nuragico)</name>
        <address>Viale Umberto Ticca 11  09122 Cagliari (CA)</address>
        <description>Viale Umberto Ticca 11  09122 Cagliari (CA)</description>
        <styleUrl>#icon-1899-0288D1</styleUrl>
      </Placemark>
      <Placemark>
        <name>Barbarossa S.r.l.</name>
        <address>Via Carpaccio 41  09121 Cagliari (CA)</address>
        <description>Via Carpaccio 41  09121 Cagliari (CA)</description>
        <styleUrl>#icon-1899-0288D1</styleUrl>
      </Placemark>
      <Placemark>
        <name>Barrago Sistemi Integrati S.r.l.</name>
        <address>Viale Elmas 150  09122 Cagliari (CA)</address>
        <description>Viale Elmas 150  09122 Cagliari (CA)</description>
        <styleUrl>#icon-1899-0288D1</styleUrl>
      </Placemark>
      <Placemark>
        <name>Bartoli S.r.l.</name>
        <address>S.S. 130 km 14300  09033 Decimomannu (CA)</address>
        <description>S.S. 130 km 14300  09033 Decimomannu (CA)</description>
        <styleUrl>#icon-1899-0288D1</styleUrl>
      </Placemark>
      <Placemark>
        <name>Basalto S.R.L.</name>
        <description>40.092831284146605, 8.769295466474036</description>
        <styleUrl>#icon-1899-0288D1</styleUrl>
        <Point>
          <coordinates>
            8.76929546647404,40.0928312841466,0
          </coordinates>
        </Point>
      </Placemark>
      <Placemark>
        <name>Basciu Gabriele</name>
        <address>Via Londra 9  09094 Marrubiu (OR)</address>
        <description>Via Londra 9  09094 Marrubiu (OR)</description>
        <styleUrl>#icon-1899-0288D1</styleUrl>
      </Placemark>
      <Placemark>
        <name>Basciu Gabriele S.R.L. Unipersonale</name>
        <address>Via Londra 9  09094 Marrubiu (OR)</address>
        <description>Via Londra 9  09094 Marrubiu (OR)</description>
        <styleUrl>#icon-1899-0288D1</styleUrl>
      </Placemark>
      <Placemark>
        <name>Basoli s.r.l.</name>
        <address>Reg. Maramoju Strada Chilivani  07014 Ozieri (SS)</address>
        <description>Reg. Maramoju Strada Chilivani  07014 Ozieri (SS)</description>
        <styleUrl>#icon-1899-0288D1</styleUrl>
      </Placemark>
      <Placemark>
        <name>Batik S.r.l.</name>
        <address>Località Luceri snc  09048 Sinnai (CA)</address>
        <description>Località Luceri snc  09048 Sinnai (CA)</description>
        <styleUrl>#icon-1899-0288D1</styleUrl>
      </Placemark>
      <Placemark>
        <name>Beach Organization di Francesco Marongiu</name>
        <address>Via Arno 27  09122 Cagliari (CA)</address>
        <description>Via Arno 27  09122 Cagliari (CA)</description>
        <styleUrl>#icon-1899-0288D1</styleUrl>
      </Placemark>
      <Placemark>
        <name>Becciu Antonio</name>
        <address>Via Gramsci 83  08020 Lula (NU)</address>
        <description>Via Gramsci 83  08020 Lula (NU)</description>
        <styleUrl>#icon-1899-0288D1</styleUrl>
      </Placemark>
      <Placemark>
        <name>Becciu Giorgio</name>
        <address><![CDATA[Via Duca D'Aosta 7  07016 Pattada (SS)]]></address>
        <description><![CDATA[Via Duca D'Aosta 7  07016 Pattada (SS)]]></description>
        <styleUrl>#icon-1899-0288D1</styleUrl>
      </Placemark>
      <Placemark>
        <name>Bellu Marco</name>
        <address>Via Cimarosa 2  09010 Decimoputzu (CA)</address>
        <description>Via Cimarosa 2  09010 Decimoputzu (CA)</description>
        <styleUrl>#icon-1899-0288D1</styleUrl>
      </Placemark>
      <Placemark>
        <name>Bernardini Walter</name>
        <address><![CDATA[via Rembrar 13  09045 Quartu Sant'Elena (CA)]]></address>
        <description><![CDATA[via Rembrar 13  09045 Quartu Sant'Elena (CA)]]></description>
        <styleUrl>#icon-1899-0288D1</styleUrl>
      </Placemark>
      <Placemark>
        <name>Bertacche Angelo</name>
        <description>39.52643850405453, 8.85104485523014</description>
        <styleUrl>#icon-1899-0288D1</styleUrl>
        <Point>
          <coordinates>
            8.85104485523014,39.5264385040545,0
          </coordinates>
        </Point>
      </Placemark>
      <Placemark>
        <name>Bertolo F.Lli Società Agricola Soc. Sempl.</name>
        <address>Strada 14 Ovest  09092 Arborea (OR)</address>
        <description>Strada 14 Ovest  09092 Arborea (OR)</description>
        <styleUrl>#icon-1899-0288D1</styleUrl>
      </Placemark>
      <Placemark>
        <name>Beton Ovest di Corraine Serafino</name>
        <address>Santa Lucia Snc  09010 Fluminimaggiore (SU)</address>
        <description>Santa Lucia Snc  09010 Fluminimaggiore (SU)</description>
        <styleUrl>#icon-1899-0288D1</styleUrl>
      </Placemark>
      <Placemark>
        <name>Betony S.R.L.</name>
        <address>Viale Alfonso Lamarmora 71  09050 Pula (CA)</address>
        <description>Viale Alfonso Lamarmora 71  09050 Pula (CA)</description>
        <styleUrl>#icon-1899-0288D1</styleUrl>
      </Placemark>
      <Placemark>
        <name>Bevi Import S.r.l.</name>
        <address>Via Atene 9  09129 Cagliari (CA)</address>
        <description>Via Atene 9  09129 Cagliari (CA)</description>
        <styleUrl>#icon-1899-0288D1</styleUrl>
      </Placemark>
      <Placemark>
        <name>Biagi Riccardo</name>
        <address>via dei Cormorani 11  09012 Capoterra (CA)</address>
        <description>via dei Cormorani 11  09012 Capoterra (CA)</description>
        <styleUrl>#icon-1899-0288D1</styleUrl>
      </Placemark>
      <Placemark>
        <name>Biasioli srl</name>
        <address>via Trexenta snc  09039 Villacidro (VS)</address>
        <description>via Trexenta snc  09039 Villacidro (VS)</description>
        <styleUrl>#icon-1899-0288D1</styleUrl>
      </Placemark>
      <Placemark>
        <name><![CDATA[Bibite S. Gemiliano di Mattana Romeo & C Sas]]></name>
        <address>Via A.Labriola 1  09028 Sestu (CA)</address>
        <description>Via A.Labriola 1  09028 Sestu (CA)</description>
        <styleUrl>#icon-1899-0288D1</styleUrl>
      </Placemark>
      <Placemark>
        <name>Bieffe Costruzioni S.R.L.</name>
        <address>Via Rossini 56/A  07044 Ittiri (SS)</address>
        <description>Via Rossini 56/A  07044 Ittiri (SS)</description>
        <styleUrl>#icon-1899-0288D1</styleUrl>
      </Placemark>
      <Placemark>
        <name>Big Truck di Sanna M.C.</name>
        <address>via Meilogu 8  09121 Cagliari (CA)</address>
        <description>via Meilogu 8  09121 Cagliari (CA)</description>
        <styleUrl>#icon-1899-0288D1</styleUrl>
      </Placemark>
      <Placemark>
        <name>Biopet Sarda</name>
        <address>via Marrubiu 47a  09044 Quartucciu (CA)</address>
        <description>via Marrubiu 47a  09044 Quartucciu (CA)</description>
        <styleUrl>#icon-1899-0288D1</styleUrl>
      </Placemark>
      <Placemark>
        <name>Biosugheri srl</name>
        <address>Via Paolo Borsellino 1  09030 Elmas (CA)</address>
        <description>Via Paolo Borsellino 1  09030 Elmas (CA)</description>
        <styleUrl>#icon-1899-0288D1</styleUrl>
      </Placemark>
      <Placemark>
        <name>Bisaro Elio</name>
        <address>via g. Maurita 3  09126 Cagliari (CA)</address>
        <description>via g. Maurita 3  09126 Cagliari (CA)</description>
        <styleUrl>#icon-1899-0288D1</styleUrl>
      </Placemark>
      <Placemark>
        <name>Blue Logistic srl</name>
        <address>Terza strada est Macchiareddu  09032 Assemini (CA)</address>
        <description>Terza strada est Macchiareddu  09032 Assemini (CA)</description>
        <styleUrl>#icon-1899-0288D1</styleUrl>
      </Placemark>
      <Placemark>
        <name>Blue Shark Industrial S.r.l.</name>
        <address>Via San Benedetto  09129 Cagliari (CA)</address>
        <description>Via San Benedetto  09129 Cagliari (CA)</description>
        <styleUrl>#icon-1899-0288D1</styleUrl>
      </Placemark>
      <Placemark>
        <name>Bodano Paolo Autofficina</name>
        <address><![CDATA[Via dell'Artigianato 26  09045 Quartu Sant'Elena (CA)]]></address>
        <description><![CDATA[Via dell'Artigianato 26  09045 Quartu Sant'Elena (CA)]]></description>
        <styleUrl>#icon-1899-0288D1</styleUrl>
      </Placemark>
      <Placemark>
        <name>Bodrenko Igor</name>
        <address>Via Reppublica 5  09048 Sinnai (CA)</address>
        <description>Via Reppublica 5  09048 Sinnai (CA)</description>
        <styleUrl>#icon-1899-0288D1</styleUrl>
      </Placemark>
      <Placemark>
        <name>Boeddu Ignazio</name>
        <address>Via Valentino Mazzola 20  08022 Dorgali (NU)</address>
        <description>Via Valentino Mazzola 20  08022 Dorgali (NU)</description>
        <styleUrl>#icon-1899-0288D1</styleUrl>
      </Placemark>
      <Placemark>
        <name>Boeddu Michele</name>
        <address>via Valentino Mazzola 20  08022 Dorgali (NU)</address>
        <description>via Valentino Mazzola 20  08022 Dorgali (NU)</description>
        <styleUrl>#icon-1899-0288D1</styleUrl>
      </Placemark>
      <Placemark>
        <name>Boi Alberto autotrasporti</name>
        <address>Via Genova 47  09028 Sestu (CA)</address>
        <description>Via Genova 47  09028 Sestu (CA)</description>
        <styleUrl>#icon-1899-0288D1</styleUrl>
      </Placemark>
      <Placemark>
        <name>Boi Mattia</name>
        <address>Via M.Kolbe 15  09032 Assemini (CA)</address>
        <description>Via M.Kolbe 15  09032 Assemini (CA)</description>
        <styleUrl>#icon-1899-0288D1</styleUrl>
      </Placemark>
      <Placemark>
        <name>Boi Michele</name>
        <address>Via Regina Elena 3a  09052 Escolca (SU)</address>
        <description>Via Regina Elena 3a  09052 Escolca (SU)</description>
        <styleUrl>#icon-1899-0288D1</styleUrl>
      </Placemark>
      <Placemark>
        <name>Boi Milena Autotrasporti</name>
        <address>Via Azara 10  09010 Pula (CA)</address>
        <description>Via Azara 10  09010 Pula (CA)</description>
        <styleUrl>#icon-1899-0288D1</styleUrl>
      </Placemark>
      <Placemark>
        <name>Boi Sergio</name>
        <address>Via Vittorio Emanuele 130  09040 Donori (SU)</address>
        <description>Via Vittorio Emanuele 130  09040 Donori (SU)</description>
        <styleUrl>#icon-1899-0288D1</styleUrl>
      </Placemark>
      <Placemark>
        <name>Bolliri Marino</name>
        <address>Via Circonvallazione  09030 Samassi (SU)</address>
        <description>Via Circonvallazione  09030 Samassi (SU)</description>
        <styleUrl>#icon-1899-0288D1</styleUrl>
      </Placemark>
      <Placemark>
        <name>Bona Die Srls</name>
        <address>Strada 14 Zona Industriale Predda Niedda 12/72  07100 Sassari (SS)</address>
        <description>Strada 14 Zona Industriale Predda Niedda 12/72  07100 Sassari (SS)</description>
        <styleUrl>#icon-1899-0288D1</styleUrl>
      </Placemark>
      <Placemark>
        <name>Bonaudo Fabrizio</name>
        <address>Via Sorso 1  09023 Monastir (SU)</address>
        <description>Via Sorso 1  09023 Monastir (SU)</description>
        <styleUrl>#icon-1899-0288D1</styleUrl>
      </Placemark>
      <Placemark>
        <name><![CDATA[Bondielli Marmi S.A.S. di F. Atzeni & C.]]></name>
        <address>Strada Statale 554 Km.10000  09044 Quartucciu (CA)</address>
        <description>Strada Statale 554 Km.10000  09044 Quartucciu (CA)</description>
        <styleUrl>#icon-1899-0288D1</styleUrl>
      </Placemark>
      <Placemark>
        <name>Bonifiche Meridionali S.R.L.</name>
        <address>Via G. Falcone 20  09016 Iglesias (SU)</address>
        <description>Via G. Falcone 20  09016 Iglesias (SU)</description>
        <styleUrl>#icon-1899-0288D1</styleUrl>
      </Placemark>
      <Placemark>
        <name>Bonu Denny</name>
        <address>Via del Redentore 146  09121 Cagliari (CA)</address>
        <description>Via del Redentore 146  09121 Cagliari (CA)</description>
        <styleUrl>#icon-1899-0288D1</styleUrl>
      </Placemark>
      <Placemark>
        <name>Bonu Nicolino</name>
        <address><![CDATA[Via Sant'Antioco 10  08030 Atzara (NU)]]></address>
        <description><![CDATA[Via Sant'Antioco 10  08030 Atzara (NU)]]></description>
        <styleUrl>#icon-1899-0288D1</styleUrl>
      </Placemark>
      <Placemark>
        <name>Borbone Antonio</name>
        <address>via Michelangelo 22  09040 Maracalagonis (CA)</address>
        <description>via Michelangelo 22  09040 Maracalagonis (CA)</description>
        <styleUrl>#icon-1899-0288D1</styleUrl>
      </Placemark>
      <Placemark>
        <name><![CDATA[Bp S.R.L.S. Transport & Service]]></name>
        <address>Via Vittorio Veneto 20  09023 Monastir (SU)</address>
        <description>Via Vittorio Veneto 20  09023 Monastir (SU)</description>
        <styleUrl>#icon-1899-0288D1</styleUrl>
      </Placemark>
      <Placemark>
        <name>Braccu Toni Salvatore Movimento Terra</name>
        <address>Fraz. Tanaunella  07051 Budoni (SS)</address>
        <description>Fraz. Tanaunella  07051 Budoni (SS)</description>
        <styleUrl>#icon-1899-0288D1</styleUrl>
      </Placemark>
      <Placemark>
        <name>Brandinu Michele</name>
        <address>Località Latzone  08020 Sarule (NU)</address>
        <description>Località Latzone  08020 Sarule (NU)</description>
        <styleUrl>#icon-1899-0288D1</styleUrl>
      </Placemark>
      <Placemark>
        <name>Brodu Mariano</name>
        <address>via San Basilio 17  09010 Decimoputzu (CA)</address>
        <description>via San Basilio 17  09010 Decimoputzu (CA)</description>
        <styleUrl>#icon-1899-0288D1</styleUrl>
      </Placemark>
      <Placemark>
        <name>Brodu S.R.L.</name>
        <address>Località Medau Toro 1  09010 Gonnesa (SU)</address>
        <description>Località Medau Toro 1  09010 Gonnesa (SU)</description>
        <styleUrl>#icon-1899-0288D1</styleUrl>
      </Placemark>
      <Placemark>
        <name>Brugattu Andrea</name>
        <address>Loc. Su Danieli  09034 Villasor (SU)</address>
        <description>Loc. Su Danieli  09034 Villasor (SU)</description>
        <styleUrl>#icon-1899-0288D1</styleUrl>
      </Placemark>
      <Placemark>
        <name>Brundu S.r.l.</name>
        <address><![CDATA[Zona Industriale Località "CABU ABBAS" snc  07048 Torralba (SS)]]></address>
        <description><![CDATA[Zona Industriale Località "CABU ABBAS" snc  07048 Torralba (SS)]]></description>
        <styleUrl>#icon-1899-0288D1</styleUrl>
      </Placemark>
      <Placemark>
        <name>Brunetto Thomas</name>
        <address>Via is Campus 9  09100 Cagliari (CA)</address>
        <description>Via is Campus 9  09100 Cagliari (CA)</description>
        <styleUrl>#icon-1899-0288D1</styleUrl>
      </Placemark>
      <Placemark>
        <name>Bruno Henrique De Santana Martini</name>
        <address>Vico I San Giovanni 24  09026 San Sperate (CA)</address>
        <description>Vico I San Giovanni 24  09026 San Sperate (CA)</description>
        <styleUrl>#icon-1899-0288D1</styleUrl>
      </Placemark>
      <Placemark>
        <name>Bua MS Costruzioni e Servizi S.r.l</name>
        <address>Via Ruinadas 20/e  07026 Olbia (SS)</address>
        <description>Via Ruinadas 20/e  07026 Olbia (SS)</description>
        <styleUrl>#icon-1899-0288D1</styleUrl>
      </Placemark>
      <Placemark>
        <name>Buffa Emiliano</name>
        <address>Via Ruggero Bacone 3  09134 Cagliari (CA)</address>
        <description>Via Ruggero Bacone 3  09134 Cagliari (CA)</description>
        <styleUrl>#icon-1899-0288D1</styleUrl>
      </Placemark>
      <Placemark>
        <name>Busia Gavino</name>
        <address>Strada dei due mari 80  07100 Sassari (SS)</address>
        <description>Strada dei due mari 80  07100 Sassari (SS)</description>
        <styleUrl>#icon-1899-0288D1</styleUrl>
      </Placemark>
      <Placemark>
        <name>Busonera Cristian</name>
        <address>Via Goceano 18  09032 Assemini (CA)</address>
        <description>Via Goceano 18  09032 Assemini (CA)</description>
        <styleUrl>#icon-1899-0288D1</styleUrl>
      </Placemark>
      <Placemark>
        <name><![CDATA[C & B Edilizia Srls]]></name>
        <address>Via Santa Caterina 14  09040 Silius (SU)</address>
        <description>Via Santa Caterina 14  09040 Silius (SU)</description>
        <styleUrl>#icon-1899-0288D1</styleUrl>
      </Placemark>
      <Placemark>
        <name>C A I N A Costruzioni 2 s.r.l.s.</name>
        <address>Loc. Sa Zarra  09070 Zeddiani (OR)</address>
        <description>Loc. Sa Zarra  09070 Zeddiani (OR)</description>
        <styleUrl>#icon-1899-0288D1</styleUrl>
      </Placemark>
      <Placemark>
        <name>C M G Service di Antonello Carta</name>
        <address>Via Pola 46  09037 San Gavino Monreale (SU)</address>
        <description>Via Pola 46  09037 San Gavino Monreale (SU)</description>
        <styleUrl>#icon-1899-0288D1</styleUrl>
      </Placemark>
      <Placemark>
        <name>C. S. Trasporti</name>
        <address>Via Umberto I 467  08044 Jerzu (OG)</address>
        <description>Via Umberto I 467  08044 Jerzu (OG)</description>
        <styleUrl>#icon-1899-0288D1</styleUrl>
      </Placemark>
      <Placemark>
        <name>C.a.m. di Pani Francesco</name>
        <address>S.S. 126 km 118  09094 Marrubiu (OR)</address>
        <description>S.S. 126 km 118  09094 Marrubiu (OR)</description>
        <styleUrl>#icon-1899-0288D1</styleUrl>
      </Placemark>
      <Placemark>
        <name>C.A.R.V.I. SNC</name>
        <address>ex S.S. 131 Km 10600  09028 Sestu (CA)</address>
        <description>ex S.S. 131 Km 10600  09028 Sestu (CA)</description>
        <styleUrl>#icon-1899-0288D1</styleUrl>
      </Placemark>
      <Placemark>
        <name>C.AL.F.I. S.R.L.</name>
        <address>Via Grazia Deledda 39  09127 Cagliari (CA)</address>
        <description>Via Grazia Deledda 39  09127 Cagliari (CA)</description>
        <styleUrl>#icon-1899-0288D1</styleUrl>
      </Placemark>
      <Placemark>
        <name>C.AP.R.I.</name>
        <address>Loc. Pitzianti  09040 Guasila (CA)</address>
        <description>Loc. Pitzianti  09040 Guasila (CA)</description>
        <styleUrl>#icon-1899-0288D1</styleUrl>
      </Placemark>
      <Placemark>
        <name>C.D.A. di Farina Gavino e Cucciari Massimo S.N.C.</name>
        <description>41.06199504134522, 9.393544981853102</description>
        <styleUrl>#icon-1899-0288D1</styleUrl>
        <Point>
          <coordinates>
            9.3935449818531,41.0619950413452,0
          </coordinates>
        </Point>
      </Placemark>
      <Placemark>
        <name><![CDATA[C.D.A. di Pirastu Andrea & Napoli A. SNC]]></name>
        <address>VIA Giuseppe Mazzini 89  09025 Sanluri (SU)</address>
        <description>VIA Giuseppe Mazzini 89  09025 Sanluri (SU)</description>
        <styleUrl>#icon-1899-0288D1</styleUrl>
      </Placemark>
      <Placemark>
        <name>C.E.D. S.R.L.</name>
        <address>Via Nuoro 6  08040 Cardedu (NU)</address>
        <description>Via Nuoro 6  08040 Cardedu (NU)</description>
        <styleUrl>#icon-1899-0288D1</styleUrl>
      </Placemark>
      <Placemark>
        <name>C.F. s.r.l.s.</name>
        <address>Loc. San Basilio snc  09010 Decimoputzu (SU)</address>
        <description>Loc. San Basilio snc  09010 Decimoputzu (SU)</description>
        <styleUrl>#icon-1899-0288D1</styleUrl>
      </Placemark>
      <Placemark>
        <name>C.G. Soccorso Di Giovanni Cocco</name>
        <address>ST. Statale 554  KM.8300  09047 Selargius (CA)</address>
        <description>ST. Statale 554  KM.8300  09047 Selargius (CA)</description>
        <styleUrl>#icon-1899-0288D1</styleUrl>
      </Placemark>
      <Placemark>
        <name>C.L.M. S.R.L.</name>
        <address>Via Sandro Botticelli  08028 Orosei (NU)</address>
        <description>Via Sandro Botticelli  08028 Orosei (NU)</description>
        <styleUrl>#icon-1899-0288D1</styleUrl>
      </Placemark>
      <Placemark>
        <name>C.L.S. S.R.L.</name>
        <address>Zona industriale Sa Stoia  09016 Iglesias (CI)</address>
        <description>Zona industriale Sa Stoia  09016 Iglesias (CI)</description>
        <styleUrl>#icon-1899-0288D1</styleUrl>
      </Placemark>
      <Placemark>
        <name>C.M.F. SPA</name>
        <address>C.so Vittorio Emanuele 400  09123 Cagliari (CA)</address>
        <description>C.so Vittorio Emanuele 400  09123 Cagliari (CA)</description>
        <styleUrl>#icon-1899-0288D1</styleUrl>
      </Placemark>
      <Placemark>
        <name><![CDATA[C.M.S. di Sini Renato & C. snc]]></name>
        <address>loc. Cothicone - S.S. 125 Km. 219600  08028 Orosei (NU)</address>
        <description>loc. Cothicone - S.S. 125 Km. 219600  08028 Orosei (NU)</description>
        <styleUrl>#icon-1899-0288D1</styleUrl>
      </Placemark>
      <Placemark>
        <name>C.N. Performance di Caredda Nicola</name>
        <address>Via Verdi 14  09040 Furtei (SU)</address>
        <description>Via Verdi 14  09040 Furtei (SU)</description>
        <styleUrl>#icon-1899-0288D1</styleUrl>
      </Placemark>
      <Placemark>
        <name>C.P. Cars S.R.L.S.</name>
        <address>Via Nuoro 1  09010 Villaspeciosa (CA)</address>
        <description>Via Nuoro 1  09010 Villaspeciosa (CA)</description>
        <styleUrl>#icon-1899-0288D1</styleUrl>
      </Placemark>
      <Placemark>
        <name>C.R. Trans di Carmen Cecilia Reyes</name>
        <address>via Nazionale 73  09027 Serrenti (VS)</address>
        <description>via Nazionale 73  09027 Serrenti (VS)</description>
        <styleUrl>#icon-1899-0288D1</styleUrl>
      </Placemark>
      <Placemark>
        <name>Ca.gi.ma Srl</name>
        <address>Loc. Bellavista  09048 Sinnai (CA)</address>
        <description>Loc. Bellavista  09048 Sinnai (CA)</description>
        <styleUrl>#icon-1899-0288D1</styleUrl>
      </Placemark>
      <Placemark>
        <name>CA.MI di Mirko Campus</name>
        <address>Strada prov. 57 km 2200  09170 Oristano (OR)</address>
        <description>Strada prov. 57 km 2200  09170 Oristano (OR)</description>
        <styleUrl>#icon-1899-0288D1</styleUrl>
      </Placemark>
      <Placemark>
        <name><![CDATA[Ca.Mu. snc di Carboni & C.]]></name>
        <address>Via Alghero 8  09170 Oristano (OR)</address>
        <description>Via Alghero 8  09170 Oristano (OR)</description>
        <styleUrl>#icon-1899-0288D1</styleUrl>
      </Placemark>
      <Placemark>
        <name>Cabboi Francesco</name>
        <address>via Piave 17/A  09041 Dolianova (SU)</address>
        <description>via Piave 17/A  09041 Dolianova (SU)</description>
        <styleUrl>#icon-1899-0288D1</styleUrl>
      </Placemark>
      <Placemark>
        <name>Caboni Denis</name>
        <address>Via Ciociaria 2  09122 Cagliari (CA)</address>
        <description>Via Ciociaria 2  09122 Cagliari (CA)</description>
        <styleUrl>#icon-1899-0288D1</styleUrl>
      </Placemark>
      <Placemark>
        <name>Caboni Fabrizio</name>
        <address>via Giotto 6  09038 Serramanna (SU)</address>
        <description>via Giotto 6  09038 Serramanna (SU)</description>
        <styleUrl>#icon-1899-0288D1</styleUrl>
      </Placemark>
      <Placemark>
        <name>Caboni Filippo</name>
        <description>39.540088722804235, 8.785844914337643</description>
        <styleUrl>#icon-1899-0288D1</styleUrl>
        <Point>
          <coordinates>
            8.78584491433764,39.5400887228042,0
          </coordinates>
        </Point>
      </Placemark>
      <Placemark>
        <name>Caboni Pierangelo</name>
        <description>39.8947343146206, 8.773625081810783</description>
        <styleUrl>#icon-1899-0288D1</styleUrl>
        <Point>
          <coordinates>
            8.77362508181078,39.8947343146206,0
          </coordinates>
        </Point>
      </Placemark>
      <Placemark>
        <name>Cabras Francesco</name>
        <address>via Nazionale 74  09023 Monastir (SU)</address>
        <description>via Nazionale 74  09023 Monastir (SU)</description>
        <styleUrl>#icon-1899-0288D1</styleUrl>
      </Placemark>
      <Placemark>
        <name>Cabras Gabriele</name>
        <address>Viale Monsignor Contini 4  09078 Scano di Montiferro (OR)</address>
        <description>Viale Monsignor Contini 4  09078 Scano di Montiferro (OR)</description>
        <styleUrl>#icon-1899-0288D1</styleUrl>
      </Placemark>
      <Placemark>
        <name>Cacceddu Marco</name>
        <address>Via Mameli 22  08025 Oliena (NU)</address>
        <description>Via Mameli 22  08025 Oliena (NU)</description>
        <styleUrl>#icon-1899-0288D1</styleUrl>
      </Placemark>
      <Placemark>
        <name>Caddeo Edoardo Ettore</name>
        <address>Via delle Palme 8  09099 Uras (OR)</address>
        <description>Via delle Palme 8  09099 Uras (OR)</description>
        <styleUrl>#icon-1899-0288D1</styleUrl>
      </Placemark>
      <Placemark>
        <name>Cadeddu Gianluca</name>
        <address>Via Regina Elena 63  09033 Decimomannu (CA)</address>
        <description>Via Regina Elena 63  09033 Decimomannu (CA)</description>
        <styleUrl>#icon-1899-0288D1</styleUrl>
      </Placemark>
      <Placemark>
        <name>Cadeddu Pietro</name>
        <address>ss 131 Km 18725  09023 Monastir (CA)</address>
        <description>ss 131 Km 18725  09023 Monastir (CA)</description>
        <styleUrl>#icon-1899-0288D1</styleUrl>
      </Placemark>
      <Placemark>
        <name>Cadeddu Roberto</name>
        <address>Via Cagliari 68/B  09012 Capoterra (CA)</address>
        <description>Via Cagliari 68/B  09012 Capoterra (CA)</description>
        <styleUrl>#icon-1899-0288D1</styleUrl>
      </Placemark>
      <Placemark>
        <name>Cadelano Adriano</name>
        <address><![CDATA[via Mori 136  09045 Quartu Sant'Elena (CA)]]></address>
        <description><![CDATA[via Mori 136  09045 Quartu Sant'Elena (CA)]]></description>
        <styleUrl>#icon-1899-0288D1</styleUrl>
      </Placemark>
      <Placemark>
        <name>Cadelano Paolo</name>
        <address>Via Monte Monviso 26  09047 Selargius (CA)</address>
        <description>Via Monte Monviso 26  09047 Selargius (CA)</description>
        <styleUrl>#icon-1899-0288D1</styleUrl>
      </Placemark>
      <Placemark>
        <name>Cadoni Raimondo</name>
        <address>Via Roma 185  09039 Villacidro (SU)</address>
        <description>Via Roma 185  09039 Villacidro (SU)</description>
        <styleUrl>#icon-1899-0288D1</styleUrl>
      </Placemark>
      <Placemark>
        <name>Cadoni Srl</name>
        <address>Via Ussana 51  09023 Monastir (CA)</address>
        <description>Via Ussana 51  09023 Monastir (CA)</description>
        <styleUrl>#icon-1899-0288D1</styleUrl>
      </Placemark>
      <Placemark>
        <name>Caglieri Rinaldo Autotrasporti</name>
        <address>Via Venezia 42/C  09047 Selargius (CA)</address>
        <description>Via Venezia 42/C  09047 Selargius (CA)</description>
        <styleUrl>#icon-1899-0288D1</styleUrl>
      </Placemark>
      <Placemark>
        <name>Calcestruzzi Ogliastra S.R.L.</name>
        <address>Zona Baccasara  08048 Tortolì (NU)</address>
        <description>Zona Baccasara  08048 Tortolì (NU)</description>
        <styleUrl>#icon-1899-0288D1</styleUrl>
      </Placemark>
      <Placemark>
        <name>Calcidrata S.p.a.</name>
        <address>Via Valsugana 6  09123 Cagliari (CA)</address>
        <description>Via Valsugana 6  09123 Cagliari (CA)</description>
        <styleUrl>#icon-1899-0288D1</styleUrl>
      </Placemark>
      <Placemark>
        <name>Caldo Camino di Schirru Moreno e Melissa snc</name>
        <address>Via Fratelli Cervi 4  09026 San Sperate (SU)</address>
        <description>Via Fratelli Cervi 4  09026 San Sperate (SU)</description>
        <styleUrl>#icon-1899-0288D1</styleUrl>
      </Placemark>
      <Placemark>
        <name>Callai Andreano</name>
        <address>Via G. Atzeni 73  09040 Senorbì (SU)</address>
        <description>Via G. Atzeni 73  09040 Senorbì (SU)</description>
        <styleUrl>#icon-1899-0288D1</styleUrl>
      </Placemark>
      <Placemark>
        <name>Cam Pani Service S.R.L.</name>
        <address>Via Parigi 1 -  Zona. Artig.  09094 Marrubiu (OR)</address>
        <description>Via Parigi 1 -  Zona. Artig.  09094 Marrubiu (OR)</description>
        <styleUrl>#icon-1899-0288D1</styleUrl>
      </Placemark>
      <Placemark>
        <name>Cambuli Paolo</name>
        <address>Via Cirenaica 1  09044 Quartucciu (CA)</address>
        <description>Via Cirenaica 1  09044 Quartucciu (CA)</description>
        <styleUrl>#icon-1899-0288D1</styleUrl>
      </Placemark>
      <Placemark>
        <name>Campagna Gas  S.R.L.</name>
        <address>Via Piscina Matzeu 24  09028 Sestu (CA)</address>
        <description>Via Piscina Matzeu 24  09028 Sestu (CA)</description>
        <styleUrl>#icon-1899-0288D1</styleUrl>
      </Placemark>
      <Placemark>
        <name>Campidania Servizi S.R.L.S.</name>
        <address>Via Ugo Foscolo 1  09035 Gonnosfanadiga (CA)</address>
        <description>Via Ugo Foscolo 1  09035 Gonnosfanadiga (CA)</description>
        <styleUrl>#icon-1899-0288D1</styleUrl>
      </Placemark>
      <Placemark>
        <name>Campus Andrea</name>
        <address>Via Nulvara 20  07020 Monti (SS)</address>
        <description>Via Nulvara 20  07020 Monti (SS)</description>
        <styleUrl>#icon-1899-0288D1</styleUrl>
      </Placemark>
      <Placemark>
        <name>Campus Costruzioni S.R.L.S.</name>
        <address>Via G. Mameli 35  07010 Nughedu San Nicolò (SS)</address>
        <description>Via G. Mameli 35  07010 Nughedu San Nicolò (SS)</description>
        <styleUrl>#icon-1899-0288D1</styleUrl>
      </Placemark>
      <Placemark>
        <name>Cancedda Paolo</name>
        <address>via De Gasperi 24  09092 Arborea (OR)</address>
        <description>via De Gasperi 24  09092 Arborea (OR)</description>
        <styleUrl>#icon-1899-0288D1</styleUrl>
      </Placemark>
      <Placemark>
        <name>Canepa Gian Luca</name>
        <address>Via Stretta 18  09121 Cagliari (CA)</address>
        <description>Via Stretta 18  09121 Cagliari (CA)</description>
        <styleUrl>#icon-1899-0288D1</styleUrl>
      </Placemark>
      <Placemark>
        <name>Cantiere Nautico Porto Corallo Srl</name>
        <address>Via Azuni 3  09040 Villaputzu (CA)</address>
        <description>Via Azuni 3  09040 Villaputzu (CA)</description>
        <styleUrl>#icon-1899-0288D1</styleUrl>
      </Placemark>
      <Placemark>
        <name>Cantina Sociale Dorgali Soc. Coop.</name>
        <address>Via Piemontte 11  08022 Dorgali (NU)</address>
        <description>Via Piemontte 11  08022 Dorgali (NU)</description>
        <styleUrl>#icon-1899-0288D1</styleUrl>
      </Placemark>
      <Placemark>
        <name>Canu Antonello</name>
        <address>via Giuseppe Mazzini 18  07025 Luras (SS)</address>
        <description>via Giuseppe Mazzini 18  07025 Luras (SS)</description>
        <styleUrl>#icon-1899-0288D1</styleUrl>
      </Placemark>
      <Placemark>
        <name>Canu Massimiliano</name>
        <address>Ss 126 km 14800  09013 Carbonia (SU)</address>
        <description>Ss 126 km 14800  09013 Carbonia (SU)</description>
        <styleUrl>#icon-1899-0288D1</styleUrl>
      </Placemark>
      <Placemark>
        <name>Canu Ruben Riccardo</name>
        <address>Via Donizetti 3  07051 Budoni (SS)</address>
        <description>Via Donizetti 3  07051 Budoni (SS)</description>
        <styleUrl>#icon-1899-0288D1</styleUrl>
      </Placemark>
      <Placemark>
        <name>Cao Stefano</name>
        <address>via Capofrasca 25  09042 Monserrato (CA)</address>
        <description>via Capofrasca 25  09042 Monserrato (CA)</description>
        <styleUrl>#icon-1899-0288D1</styleUrl>
      </Placemark>
      <Placemark>
        <name>Cappai Paolo</name>
        <address>Zona Artigianale P.I.P. Snc  08012 Bortigali (NU)</address>
        <description>Zona Artigianale P.I.P. Snc  08012 Bortigali (NU)</description>
        <styleUrl>#icon-1899-0288D1</styleUrl>
      </Placemark>
      <Placemark>
        <name><![CDATA[Cappai Trasporti S.n.c. di Cappai Giovanni & C.]]></name>
        <address>Loc. Caramarzos  08017 Silanus (NU)</address>
        <description>Loc. Caramarzos  08017 Silanus (NU)</description>
        <styleUrl>#icon-1899-0288D1</styleUrl>
      </Placemark>
      <Placemark>
        <name><![CDATA[Cappeddu Roberto & C. S.N.C.]]></name>
        <address>Via Zona Industriale Bonu Trau Lotto 13 n° 14  08015 Macomer (NU)</address>
        <description>Via Zona Industriale Bonu Trau Lotto 13 n° 14  08015 Macomer (NU)</description>
        <styleUrl>#icon-1899-0288D1</styleUrl>
      </Placemark>
      <Placemark>
        <name>Capraro Gino Autotrasporti</name>
        <address>Via Canargiu snc  09092 Arborea (OR)</address>
        <description>Via Canargiu snc  09092 Arborea (OR)</description>
        <styleUrl>#icon-1899-0288D1</styleUrl>
      </Placemark>
      <Placemark>
        <name><![CDATA[Car & Driver Rent Di Michele Pilia]]></name>
        <address>Via Ugo Foscolo 7  09010 Portoscuso (SU)</address>
        <description>Via Ugo Foscolo 7  09010 Portoscuso (SU)</description>
        <styleUrl>#icon-1899-0288D1</styleUrl>
      </Placemark>
      <Placemark>
        <name>Car Recovery di Sanna Eugenio</name>
        <address><![CDATA[Via Antonio Gramsci 28  09045 Quartu Sant'Elena (CA)]]></address>
        <description><![CDATA[Via Antonio Gramsci 28  09045 Quartu Sant'Elena (CA)]]></description>
        <styleUrl>#icon-1899-0288D1</styleUrl>
      </Placemark>
      <Placemark>
        <name>Car Service S.R.L. Unipersonale</name>
        <address>Via XX Settembre 198/B  07041 Alghero (SS)</address>
        <description>Via XX Settembre 198/B  07041 Alghero (SS)</description>
        <styleUrl>#icon-1899-0288D1</styleUrl>
      </Placemark>
      <Placemark>
        <name><![CDATA[Car.Mec. di Farris & C. s.a.s]]></name>
        <address>via Edison 10  09131 Cagliari (CA)</address>
        <description>via Edison 10  09131 Cagliari (CA)</description>
        <styleUrl>#icon-1899-0288D1</styleUrl>
      </Placemark>
      <Placemark>
        <name>Cara Agostino</name>
        <address>Via Gronghi 6  09027 Serrenti (SU)</address>
        <description>Via Gronghi 6  09027 Serrenti (SU)</description>
        <styleUrl>#icon-1899-0288D1</styleUrl>
      </Placemark>
      <Placemark>
        <name>Cara Andrea</name>
        <address>Via Giosuè Carducci 19/A  09010 Domus De Maria (CA)</address>
        <description>Via Giosuè Carducci 19/A  09010 Domus De Maria (CA)</description>
        <styleUrl>#icon-1899-0288D1</styleUrl>
      </Placemark>
      <Placemark>
        <name>Cara Evaristo</name>
        <address>Via Cagliari 6  09040 Guasila (CA)</address>
        <description>Via Cagliari 6  09040 Guasila (CA)</description>
        <styleUrl>#icon-1899-0288D1</styleUrl>
      </Placemark>
      <Placemark>
        <name>Cara Piero Luigi</name>
        <address>Loc. Argioleddas  09020 Samatzai (SU)</address>
        <description>Loc. Argioleddas  09020 Samatzai (SU)</description>
        <styleUrl>#icon-1899-0288D1</styleUrl>
      </Placemark>
      <Placemark>
        <name>Cara Piero Luigi</name>
        <address>Loc. Argioleddas  09020 Samatzai (SU)</address>
        <description>Loc. Argioleddas  09020 Samatzai (SU)</description>
        <styleUrl>#icon-1899-0288D1</styleUrl>
      </Placemark>
      <Placemark>
        <name>Caralis Trasporti Soc. Coop.</name>
        <address>via La Maddalena snc Loc. Cirras  09096 Santa Giusta (OR)</address>
        <description>via La Maddalena snc Loc. Cirras  09096 Santa Giusta (OR)</description>
        <styleUrl>#icon-1899-0288D1</styleUrl>
      </Placemark>
      <Placemark>
        <name>Carazzu Antonio</name>
        <address><![CDATA[Via Petrarca 8  09045 Quartu Sant'Elena (CA)]]></address>
        <description><![CDATA[Via Petrarca 8  09045 Quartu Sant'Elena (CA)]]></description>
        <styleUrl>#icon-1899-0288D1</styleUrl>
      </Placemark>
      <Placemark>
        <name>Carboni Coop. Agricola A.R.L.</name>
        <address>Via Salvatore Paulesu 30  08030 Meana Sardo (NU)</address>
        <description>Via Salvatore Paulesu 30  08030 Meana Sardo (NU)</description>
        <styleUrl>#icon-1899-0288D1</styleUrl>
      </Placemark>
      <Placemark>
        <name>Carboni Francesco</name>
        <address>via P.M. Del Rio 21  08020 Ottana (NU)</address>
        <description>via P.M. Del Rio 21  08020 Ottana (NU)</description>
        <styleUrl>#icon-1899-0288D1</styleUrl>
      </Placemark>
      <Placemark>
        <name>Carboni Leonardo</name>
        <address>Via Cavour 5  08030 Meana Sardo (NU)</address>
        <description>Via Cavour 5  08030 Meana Sardo (NU)</description>
        <styleUrl>#icon-1899-0288D1</styleUrl>
      </Placemark>
      <Placemark>
        <name>Carboni Raffaele</name>
        <address>Via Falconi 7  08023 Fonni (NU)</address>
        <description>Via Falconi 7  08023 Fonni (NU)</description>
        <styleUrl>#icon-1899-0288D1</styleUrl>
      </Placemark>
      <Placemark>
        <name>Cardia Efisio</name>
        <address>Via Roma 50  09040 Senorbì (SU)</address>
        <description>Via Roma 50  09040 Senorbì (SU)</description>
        <styleUrl>#icon-1899-0288D1</styleUrl>
      </Placemark>
      <Placemark>
        <name>Cardia Fabio</name>
        <address>via Bacelli 124  09098 TERRALBA (OR)</address>
        <description>via Bacelli 124  09098 TERRALBA (OR)</description>
        <styleUrl>#icon-1899-0288D1</styleUrl>
      </Placemark>
      <Placemark>
        <name>Careddu Autoricambi di Careddu Nicola</name>
        <address>Via Vespucci 2  09074 Ghilarza (OR)</address>
        <description>Via Vespucci 2  09074 Ghilarza (OR)</description>
        <styleUrl>#icon-1899-0288D1</styleUrl>
      </Placemark>
      <Placemark>
        <name>Caria Ignazio</name>
        <address>Viale Europa 7  09023 Monastir (CA)</address>
        <description>Viale Europa 7  09023 Monastir (CA)</description>
        <styleUrl>#icon-1899-0288D1</styleUrl>
      </Placemark>
      <Placemark>
        <name>Caria Luca</name>
        <address><![CDATA[Via Cesare Battisti 34  09045 Quartu Sant'Elena (CA)]]></address>
        <description><![CDATA[Via Cesare Battisti 34  09045 Quartu Sant'Elena (CA)]]></description>
        <styleUrl>#icon-1899-0288D1</styleUrl>
      </Placemark>
      <Placemark>
        <name>Caria Luisella</name>
        <address>Via della Pineta 201  09126 Cagliari (CA)</address>
        <description>Via della Pineta 201  09126 Cagliari (CA)</description>
        <styleUrl>#icon-1899-0288D1</styleUrl>
      </Placemark>
      <Placemark>
        <name>Carlo Pellerano S.r.l.</name>
        <address>Viale Elmas 12  09100 Cagliari (CA)</address>
        <description>Viale Elmas 12  09100 Cagliari (CA)</description>
        <styleUrl>#icon-1899-0288D1</styleUrl>
      </Placemark>
      <Placemark>
        <name>Carlo Pili Trasporti srl</name>
        <address>via Giulio Cesare 1  09042 Monserrato (CA)</address>
        <description>via Giulio Cesare 1  09042 Monserrato (CA)</description>
        <styleUrl>#icon-1899-0288D1</styleUrl>
      </Placemark>
      <Placemark>
        <name>Caroli S.R.L.</name>
        <address>Strada Statale 130 Km.7500  09067 Elmas (CA)</address>
        <description>Strada Statale 130 Km.7500  09067 Elmas (CA)</description>
        <styleUrl>#icon-1899-0288D1</styleUrl>
      </Placemark>
      <Placemark>
        <name>Carrogu Marco</name>
        <address>Via Milazzo 63 B  09047 Selargius (CA)</address>
        <description>Via Milazzo 63 B  09047 Selargius (CA)</description>
        <styleUrl>#icon-1899-0288D1</styleUrl>
      </Placemark>
      <Placemark>
        <name>Carrozeria Cappai Giancarlo</name>
        <address>Zona Artigianale Nuraminis  09024 Nuraminis (CA)</address>
        <description>Zona Artigianale Nuraminis  09024 Nuraminis (CA)</description>
        <styleUrl>#icon-1899-0288D1</styleUrl>
      </Placemark>
      <Placemark>
        <name>Carrozzeria Industriale Tinteri SCS</name>
        <address>Zona Industriale S.P. 34 N 51/53  07046 Porto Torres (SS)</address>
        <description>Zona Industriale S.P. 34 N 51/53  07046 Porto Torres (SS)</description>
        <styleUrl>#icon-1899-0288D1</styleUrl>
      </Placemark>
      <Placemark>
        <name>Carta Aldo</name>
        <address><![CDATA[via Raconi 19  09097 San Nicolò d'Arcidano (OR)]]></address>
        <description><![CDATA[via Raconi 19  09097 San Nicolò d'Arcidano (OR)]]></description>
        <styleUrl>#icon-1899-0288D1</styleUrl>
      </Placemark>
      <Placemark>
        <name>Carta Bachisio</name>
        <address>Via Montanaru 9  08032 Desulo (NU)</address>
        <description>Via Montanaru 9  08032 Desulo (NU)</description>
        <styleUrl>#icon-1899-0288D1</styleUrl>
      </Placemark>
      <Placemark>
        <name>Carta Danilo</name>
        <address>Via Tirso 71  09081 Ardauli (OR)</address>
        <description>Via Tirso 71  09081 Ardauli (OR)</description>
        <styleUrl>#icon-1899-0288D1</styleUrl>
      </Placemark>
      <Placemark>
        <name>Carta Fabiano</name>
        <address>via Giuseppe di Vittorio 41  09020 Ussana (SU)</address>
        <description>via Giuseppe di Vittorio 41  09020 Ussana (SU)</description>
        <styleUrl>#icon-1899-0288D1</styleUrl>
      </Placemark>
      <Placemark>
        <name>Carta Juri Autotrasporti</name>
        <address>Via Trento 5  08100 Nuoro (NU)</address>
        <description>Via Trento 5  08100 Nuoro (NU)</description>
        <styleUrl>#icon-1899-0288D1</styleUrl>
      </Placemark>
      <Placemark>
        <name>Carta Manuel</name>
        <address>Via Campidano 35  07026 Olbia (SS)</address>
        <description>Via Campidano 35  07026 Olbia (SS)</description>
        <styleUrl>#icon-1899-0288D1</styleUrl>
      </Placemark>
      <Placemark>
        <name>Carta Sergio</name>
        <address>Via Umberto 14  09081 Ardauli (OR)</address>
        <description>Via Umberto 14  09081 Ardauli (OR)</description>
        <styleUrl>#icon-1899-0288D1</styleUrl>
      </Placemark>
      <Placemark>
        <name><![CDATA[Carta Trasporti di Giovanni Carta & C. snc]]></name>
        <address>via Giuseppe Dessì 4  09026 San Sperate (SU)</address>
        <description>via Giuseppe Dessì 4  09026 San Sperate (SU)</description>
        <styleUrl>#icon-1899-0288D1</styleUrl>
      </Placemark>
      <Placemark>
        <name>Cartaria Val.dy S.r.l.</name>
        <address>V.le Umberto Ticca 17/19  09122 Cagliari (CA)</address>
        <description>V.le Umberto Ticca 17/19  09122 Cagliari (CA)</description>
        <styleUrl>#icon-1899-0288D1</styleUrl>
      </Placemark>
      <Placemark>
        <name>CarTruck Meccanica Service S.r.l.</name>
        <address>Via Trincea Delle Frasche 72  07100 Sassari (SS)</address>
        <description>Via Trincea Delle Frasche 72  07100 Sassari (SS)</description>
        <styleUrl>#icon-1899-0288D1</styleUrl>
      </Placemark>
      <Placemark>
        <name><![CDATA[Carzedda Augusto snc di Carzedda Duilio & co.]]></name>
        <description>40.55528616660253, 9.67822762601436</description>
        <styleUrl>#icon-1899-0288D1</styleUrl>
        <Point>
          <coordinates>
            9.67822762601436,40.5552861666025,0
          </coordinates>
        </Point>
      </Placemark>
      <Placemark>
        <name>Casa del Fiore di Mascia Maria Giuseppa</name>
        <address>Via Venezia 10  09039 Villacidro (SU)</address>
        <description>Via Venezia 10  09039 Villacidro (SU)</description>
        <styleUrl>#icon-1899-0288D1</styleUrl>
      </Placemark>
      <Placemark>
        <name>Casa del Ricambio di Simone e Alessandro Cocco S.N.C.</name>
        <address>Viale Elmas 40  09032 Cagliari (CA)</address>
        <description>Viale Elmas 40  09032 Cagliari (CA)</description>
        <styleUrl>#icon-1899-0288D1</styleUrl>
      </Placemark>
      <Placemark>
        <name>Caschili Francesco</name>
        <address>Via Bezzecca 5  09134 Cagliari (CA)</address>
        <description>Via Bezzecca 5  09134 Cagliari (CA)</description>
        <styleUrl>#icon-1899-0288D1</styleUrl>
      </Placemark>
      <Placemark>
        <name><![CDATA[Castel Trasporti S.a.s. di Conigliaro Manuela & C.]]></name>
        <address>Via Sardegna 16  07031 Castelsardo (SS)</address>
        <description>Via Sardegna 16  07031 Castelsardo (SS)</description>
        <styleUrl>#icon-1899-0288D1</styleUrl>
      </Placemark>
      <Placemark>
        <name>Casti Riccardo</name>
        <address>Via Croce Santa 30  09026 San Sperate (SU)</address>
        <description>Via Croce Santa 30  09026 San Sperate (SU)</description>
        <styleUrl>#icon-1899-0288D1</styleUrl>
      </Placemark>
      <Placemark>
        <name>Casu Andrea</name>
        <address>Vico V Sebastiano Satta 9  09040 San Nicolo  Gerrei (CA)</address>
        <description>Vico V Sebastiano Satta 9  09040 San Nicolo  Gerrei (CA)</description>
        <styleUrl>#icon-1899-0288D1</styleUrl>
      </Placemark>
      <Placemark>
        <name>Casu Costruzioni S.r.l.</name>
        <address>Via Puglia 14  07051 Budoni (SS)</address>
        <description>Via Puglia 14  07051 Budoni (SS)</description>
        <styleUrl>#icon-1899-0288D1</styleUrl>
      </Placemark>
      <Placemark>
        <name>Casu Ricambi Srl</name>
        <address><![CDATA[Via dell'Autonomia 5  09122 Cagliari (CA)]]></address>
        <description><![CDATA[Via dell'Autonomia 5  09122 Cagliari (CA)]]></description>
        <styleUrl>#icon-1899-0288D1</styleUrl>
      </Placemark>
      <Placemark>
        <name>Casula Giovanni Gavino</name>
        <address>Via S. Satta 14  07033 Osilo (SS)</address>
        <description>Via S. Satta 14  07033 Osilo (SS)</description>
        <styleUrl>#icon-1899-0288D1</styleUrl>
      </Placemark>
      <Placemark>
        <name>Casula Paolo</name>
        <address>via Montegransasso 56  09047 Selargius (CA)</address>
        <description>via Montegransasso 56  09047 Selargius (CA)</description>
        <styleUrl>#icon-1899-0288D1</styleUrl>
      </Placemark>
      <Placemark>
        <name>Casula Tomas</name>
        <address>Traversa Brigata Reggio 10  09042 Monserrato (CA)</address>
        <description>Traversa Brigata Reggio 10  09042 Monserrato (CA)</description>
        <styleUrl>#icon-1899-0288D1</styleUrl>
      </Placemark>
      <Placemark>
        <name>Catgiu Giuseppe</name>
        <address>Via San Michele 150  08027 Orgosolo (NU)</address>
        <description>Via San Michele 150  08027 Orgosolo (NU)</description>
        <styleUrl>#icon-1899-0288D1</styleUrl>
      </Placemark>
      <Placemark>
        <name>Catzeddu Raimondo Davide</name>
        <address>Corso Umberto 84  09070 Seneghe (OR)</address>
        <description>Corso Umberto 84  09070 Seneghe (OR)</description>
        <styleUrl>#icon-1899-0288D1</styleUrl>
      </Placemark>
      <Placemark>
        <name>Cau Alessandra</name>
        <address>Piazza Verdun N°1 Int 6  09122 Cagliari (CA)</address>
        <description>Piazza Verdun N°1 Int 6  09122 Cagliari (CA)</description>
        <styleUrl>#icon-1899-0288D1</styleUrl>
      </Placemark>
      <Placemark>
        <name>Cave Cantieri S.R.L.</name>
        <address>Viale Uumberto I 114  07100 Sassari (SS)</address>
        <description>Viale Uumberto I 114  07100 Sassari (SS)</description>
        <styleUrl>#icon-1899-0288D1</styleUrl>
      </Placemark>
      <Placemark>
        <name>Cavi Service S.r.l.</name>
        <address>S.S. 131 km 84  09096 Santa Giusta (OR)</address>
        <description>S.S. 131 km 84  09096 Santa Giusta (OR)</description>
        <styleUrl>#icon-1899-0288D1</styleUrl>
      </Placemark>
      <Placemark>
        <name>Ce.Di. Sardegna S.p.a.</name>
        <address>Z.I. Campomela reg. Padrija  07040 Codrongianos (SS)</address>
        <description>Z.I. Campomela reg. Padrija  07040 Codrongianos (SS)</description>
        <styleUrl>#icon-1899-0288D1</styleUrl>
      </Placemark>
      <Placemark>
        <name>Ce.Di.S. Società Cooperativa Sociale</name>
        <address>Via Istria 9/B  09127 Cagliari (CA)</address>
        <description>Via Istria 9/B  09127 Cagliari (CA)</description>
        <styleUrl>#icon-1899-0288D1</styleUrl>
      </Placemark>
      <Placemark>
        <name>Ce.Di.Sar. S.R.L.</name>
        <address>Via Emilio Lussu  09170 Oristano (OR)</address>
        <description>Via Emilio Lussu  09170 Oristano (OR)</description>
        <styleUrl>#icon-1899-0288D1</styleUrl>
      </Placemark>
      <Placemark>
        <name>Ce.Dis.A.l. Snc di Pilia e Pisu</name>
        <address><![CDATA[Via Eleonora D'Arborea 68  09045 Quartu Sant'Elena (CA)]]></address>
        <description><![CDATA[Via Eleonora D'Arborea 68  09045 Quartu Sant'Elena (CA)]]></description>
        <styleUrl>#icon-1899-0288D1</styleUrl>
      </Placemark>
      <Placemark>
        <name>Cedimar S.R.L.</name>
        <address>Via della Tecnica  09067 Elmas (CA)</address>
        <description>Via della Tecnica  09067 Elmas (CA)</description>
        <styleUrl>#icon-1899-0288D1</styleUrl>
      </Placemark>
      <Placemark>
        <name>Celer Logistica srl</name>
        <address>Località Cirras  09096 Santa Giusta (OR)</address>
        <description>Località Cirras  09096 Santa Giusta (OR)</description>
        <styleUrl>#icon-1899-0288D1</styleUrl>
      </Placemark>
      <Placemark>
        <name>Cenedese Sergio Pietro</name>
        <address>Via Reggio Emilia 19/A  09098 Terralba (OR)</address>
        <description>Via Reggio Emilia 19/A  09098 Terralba (OR)</description>
        <styleUrl>#icon-1899-0288D1</styleUrl>
      </Placemark>
      <Placemark>
        <name>Centro Autotrasporto Merci S.R.L. Con Denominazione Abbreviata C.A.M. S.R.L.</name>
        <address>Viale Monastir 8  09028 Sestu (CA)</address>
        <description>Viale Monastir 8  09028 Sestu (CA)</description>
        <styleUrl>#icon-1899-0288D1</styleUrl>
      </Placemark>
      <Placemark>
        <name>Centro Bevande Jerzu Srl</name>
        <address>Via Manno 28  08044 Jerzu (NU)</address>
        <description>Via Manno 28  08044 Jerzu (NU)</description>
        <styleUrl>#icon-1899-0288D1</styleUrl>
      </Placemark>
      <Placemark>
        <name>Centro Cash SRL</name>
        <address>Via Loru 15  09125 Cagliari (CA)</address>
        <description>Via Loru 15  09125 Cagliari (CA)</description>
        <styleUrl>#icon-1899-0288D1</styleUrl>
      </Placemark>
      <Placemark>
        <name><![CDATA[Centro Edile Arburese di Concas Ignazio e Patrizia & C. sas]]></name>
        <address>via Libertà 228  09031 Arbus (SU)</address>
        <description>via Libertà 228  09031 Arbus (SU)</description>
        <styleUrl>#icon-1899-0288D1</styleUrl>
      </Placemark>
      <Placemark>
        <name>Centro Freddo Sardegna S.r.l.</name>
        <address>Z.Industriale Macchiareddu 6 strada Ovest  09010 Uta (CA)</address>
        <description>Z.Industriale Macchiareddu 6 strada Ovest  09010 Uta (CA)</description>
        <styleUrl>#icon-1899-0288D1</styleUrl>
      </Placemark>
      <Placemark>
        <name>Centro Revisioni ITS srl</name>
        <address>Via Manzoni 10  07011 Bono (SS)</address>
        <description>Via Manzoni 10  07011 Bono (SS)</description>
        <styleUrl>#icon-1899-0288D1</styleUrl>
      </Placemark>
      <Placemark>
        <name>Centro Trasporti Sardegna di Massimo Di Martino</name>
        <address>Via dei Mirti 7  09074 Ghilarza (OR)</address>
        <description>Via dei Mirti 7  09074 Ghilarza (OR)</description>
        <styleUrl>#icon-1899-0288D1</styleUrl>
      </Placemark>
      <Placemark>
        <name><![CDATA[Cereal Sol di Deias Daniela & C. S.N.C.]]></name>
        <description>39.93092796547092, 8.681485583663838</description>
        <styleUrl>#icon-1899-0288D1</styleUrl>
        <Point>
          <coordinates>
            8.68148558366384,39.9309279654709,0
          </coordinates>
        </Point>
      </Placemark>
      <Placemark>
        <name>Cerealforaggi S.R.L.S.</name>
        <address>Via Municipio 19  09055 Gergei (SU)</address>
        <description>Via Municipio 19  09055 Gergei (SU)</description>
        <styleUrl>#icon-1899-0288D1</styleUrl>
      </Placemark>
      <Placemark>
        <name>Cespo dei F.Lli Manis S.R.L.</name>
        <address>Strada Statale 388 Km.6700  09088 Simaxis (OR)</address>
        <description>Strada Statale 388 Km.6700  09088 Simaxis (OR)</description>
        <styleUrl>#icon-1899-0288D1</styleUrl>
      </Placemark>
      <Placemark>
        <name>Cfpaulis S.R.L.S.</name>
        <address><![CDATA[Via Cipro 2/A  09045 Quartu Sant'Elena (CA)]]></address>
        <description><![CDATA[Via Cipro 2/A  09045 Quartu Sant'Elena (CA)]]></description>
        <styleUrl>#icon-1899-0288D1</styleUrl>
      </Placemark>
      <Placemark>
        <name>Cg Autoservice di Cocco Josè</name>
        <address>Via Carbonia 10  09010 Villaspeciosa (SU)</address>
        <description>Via Carbonia 10  09010 Villaspeciosa (SU)</description>
        <styleUrl>#icon-1899-0288D1</styleUrl>
      </Placemark>
      <Placemark>
        <name>Cherchi Giuseppe</name>
        <address>Via Torino 7  07010 Benetutti (SS)</address>
        <description>Via Torino 7  07010 Benetutti (SS)</description>
        <styleUrl>#icon-1899-0288D1</styleUrl>
      </Placemark>
      <Placemark>
        <name>Cherchi Trasporti srl</name>
        <address>via Pinna 35  09039 Villacidro (VS)</address>
        <description>via Pinna 35  09039 Villacidro (VS)</description>
        <styleUrl>#icon-1899-0288D1</styleUrl>
      </Placemark>
      <Placemark>
        <name>Chessa Autotrasporti di Chessa Lorenzo</name>
        <address>Via Costantino Nivola 2  08020 Galtellì (NU)</address>
        <description>Via Costantino Nivola 2  08020 Galtellì (NU)</description>
        <styleUrl>#icon-1899-0288D1</styleUrl>
      </Placemark>
      <Placemark>
        <name>Chessa Gianmario</name>
        <address>Vico III Sasso 7  09075 Santu Lussurgiu (OR)</address>
        <description>Vico III Sasso 7  09075 Santu Lussurgiu (OR)</description>
        <styleUrl>#icon-1899-0288D1</styleUrl>
      </Placemark>
      <Placemark>
        <name>Chessa Matteo</name>
        <address>via Don Francesco Piras 9  09030 Elmas (CA)</address>
        <description>via Don Francesco Piras 9  09030 Elmas (CA)</description>
        <styleUrl>#icon-1899-0288D1</styleUrl>
      </Placemark>
      <Placemark>
        <name>Chessa Nicola</name>
        <address>Via Parigi 2C  09028 Sestu (CA)</address>
        <description>Via Parigi 2C  09028 Sestu (CA)</description>
        <styleUrl>#icon-1899-0288D1</styleUrl>
      </Placemark>
      <Placemark>
        <name>Chessa srl</name>
        <description>40.45502906187384, 8.727341082287248</description>
        <styleUrl>#icon-1899-0288D1</styleUrl>
        <Point>
          <coordinates>
            8.72734108228725,40.4550290618738,0
          </coordinates>
        </Point>
      </Placemark>
      <Placemark>
        <name>Chiai Renzo Giuseppe Antonio</name>
        <address>Vico Nazionale 2  08040 Ilbono (NU)</address>
        <description>Vico Nazionale 2  08040 Ilbono (NU)</description>
        <styleUrl>#icon-1899-0288D1</styleUrl>
      </Placemark>
      <Placemark>
        <name>Chiaramonti Giovanni Battista</name>
        <address>Via Cavour 9  07030 Viddalba (SS)</address>
        <description>Via Cavour 9  07030 Viddalba (SS)</description>
        <styleUrl>#icon-1899-0288D1</styleUrl>
      </Placemark>
      <Placemark>
        <name>Chiarella Trasporti S.R.L.</name>
        <address>Via Tunisia 16  07026 Olbia (SS)</address>
        <description>Via Tunisia 16  07026 Olbia (SS)</description>
        <styleUrl>#icon-1899-0288D1</styleUrl>
      </Placemark>
      <Placemark>
        <name>Chimica Sarda Srl</name>
        <address>Z.I. Predda Niedda Nord Str.31  07100 Sassari (SS)</address>
        <description>Z.I. Predda Niedda Nord Str.31  07100 Sassari (SS)</description>
        <styleUrl>#icon-1899-0288D1</styleUrl>
      </Placemark>
      <Placemark>
        <name>Ci e Ci di Concas Antonio e C. S.A.S.</name>
        <address>Via Giosuè Carducci 70  09035 Gonnosfanadiga (SU)</address>
        <description>Via Giosuè Carducci 70  09035 Gonnosfanadiga (SU)</description>
        <styleUrl>#icon-1899-0288D1</styleUrl>
      </Placemark>
      <Placemark>
        <name>Ciampa S.R.L.</name>
        <address>Via Funtana Umbrina 30  07026 Olbia (SS)</address>
        <description>Via Funtana Umbrina 30  07026 Olbia (SS)</description>
        <styleUrl>#icon-1899-0288D1</styleUrl>
      </Placemark>
      <Placemark>
        <name>Cieffe Srl</name>
        <address>Via San Martino 13  08100 Nuoro (NU)</address>
        <description>Via San Martino 13  08100 Nuoro (NU)</description>
        <styleUrl>#icon-1899-0288D1</styleUrl>
      </Placemark>
      <Placemark>
        <name>Cim S.R.L.</name>
        <address>Zona Industriale - Str. Prov.le 34 n. 47  07046 Porto Torres (SS)</address>
        <description>Zona Industriale - Str. Prov.le 34 n. 47  07046 Porto Torres (SS)</description>
        <styleUrl>#icon-1899-0288D1</styleUrl>
      </Placemark>
      <Placemark>
        <name>Cincidda Angelo</name>
        <address>Via Montegranatico 15/a  09040 Senorbì (SU)</address>
        <description>Via Montegranatico 15/a  09040 Senorbì (SU)</description>
        <styleUrl>#icon-1899-0288D1</styleUrl>
      </Placemark>
      <Placemark>
        <name>Cincotta Feederferry srl</name>
        <address>Z.I. Cacip Loc. Porto Canale  09123 Cagliari (CA)</address>
        <description>Z.I. Cacip Loc. Porto Canale  09123 Cagliari (CA)</description>
        <styleUrl>#icon-1899-0288D1</styleUrl>
      </Placemark>
      <Placemark>
        <name><![CDATA[Cinus Giovanni & figlio Snc]]></name>
        <address>Via Giulio Cesare snc  09042 Monserrato (CA)</address>
        <description>Via Giulio Cesare snc  09042 Monserrato (CA)</description>
        <styleUrl>#icon-1899-0288D1</styleUrl>
      </Placemark>
      <Placemark>
        <name>CIRCO MIRANDA ORFEI SIG. ANGELO</name>
        <address>LOC. TILIBBAS  07026 Olbia (OT)</address>
        <description>LOC. TILIBBAS  07026 Olbia (OT)</description>
        <styleUrl>#icon-1899-0288D1</styleUrl>
      </Placemark>
      <Placemark>
        <name>Cireddu Erminio</name>
        <address>Via Flavio Gioia 43  09131 Cagliari (CA)</address>
        <description>Via Flavio Gioia 43  09131 Cagliari (CA)</description>
        <styleUrl>#icon-1899-0288D1</styleUrl>
      </Placemark>
      <Placemark>
        <name>Cireddu Livio</name>
        <address>Via Giuseppe Mazzini 3  09038 Serramanna (SU)</address>
        <description>Via Giuseppe Mazzini 3  09038 Serramanna (SU)</description>
        <styleUrl>#icon-1899-0288D1</styleUrl>
      </Placemark>
      <Placemark>
        <name>Cirronis William</name>
        <description>39.54110938408958, 8.639445637618358</description>
        <styleUrl>#icon-1899-0288D1</styleUrl>
        <Point>
          <coordinates>
            8.63944563761836,39.5411093840896,0
          </coordinates>
        </Point>
      </Placemark>
      <Placemark>
        <name>Claudio Lebiu Trasporti Srl</name>
        <address>Via M. Kolbe 1  09015 Domusnovas (CI)</address>
        <description>Via M. Kolbe 1  09015 Domusnovas (CI)</description>
        <styleUrl>#icon-1899-0288D1</styleUrl>
      </Placemark>
      <Placemark>
        <name>CO.CE.SA Autotrasporti Soc. Consortile a.r.l.</name>
        <address>Via Libertà 3  08020 Ottana (NU)</address>
        <description>Via Libertà 3  08020 Ottana (NU)</description>
        <styleUrl>#icon-1899-0288D1</styleUrl>
      </Placemark>
      <Placemark>
        <name>CO.GE.M. srl</name>
        <address><![CDATA[Via Su Paris 1  09045 Quartu Sant'Elena (CA)]]></address>
        <description><![CDATA[Via Su Paris 1  09045 Quartu Sant'Elena (CA)]]></description>
        <styleUrl>#icon-1899-0288D1</styleUrl>
      </Placemark>
      <Placemark>
        <name>CO.GE.SA. Costruzioni Generali Saba srl</name>
        <address>via Verdi 1  07014 Ozieri (SS)</address>
        <description>via Verdi 1  07014 Ozieri (SS)</description>
        <styleUrl>#icon-1899-0288D1</styleUrl>
      </Placemark>
      <Placemark>
        <name><![CDATA[Co.Mi. di Mostallino Ignazio & C. S.N.C.]]></name>
        <address>Via Baccaredda 17  09032 Assemini (CA)</address>
        <description>Via Baccaredda 17  09032 Assemini (CA)</description>
        <styleUrl>#icon-1899-0288D1</styleUrl>
      </Placemark>
      <Placemark>
        <name>Co.Se.V. (Cooperativa Servizi Villamassargia)</name>
        <address>Via Marconi 12  09010 Villamassargia (SU)</address>
        <description>Via Marconi 12  09010 Villamassargia (SU)</description>
        <styleUrl>#icon-1899-0288D1</styleUrl>
      </Placemark>
      <Placemark>
        <name>CO.TRA.S</name>
        <address>Via Abruzzi 40 A  09122 Cagliari (CA)</address>
        <description>Via Abruzzi 40 A  09122 Cagliari (CA)</description>
        <styleUrl>#icon-1899-0288D1</styleUrl>
      </Placemark>
      <Placemark>
        <name>Coarsa SPA</name>
        <address>Via Carlo Felice 44  09025 Sanluri (SU)</address>
        <description>Via Carlo Felice 44  09025 Sanluri (SU)</description>
        <styleUrl>#icon-1899-0288D1</styleUrl>
      </Placemark>
      <Placemark>
        <name>Cocco Carlo</name>
        <address>Via Tasso Torquato 7  09048 Sinnai (CA)</address>
        <description>Via Tasso Torquato 7  09048 Sinnai (CA)</description>
        <styleUrl>#icon-1899-0288D1</styleUrl>
      </Placemark>
      <Placemark>
        <name>Cocco Daniele Ingrosso Autoricambi Cocco</name>
        <address>Via Ghilarza 11  09170 Oristano (OR)</address>
        <description>Via Ghilarza 11  09170 Oristano (OR)</description>
        <styleUrl>#icon-1899-0288D1</styleUrl>
      </Placemark>
      <Placemark>
        <name>Cocco Davide</name>
        <address>Via Parigi 2/C  09028 Sestu (CA)</address>
        <description>Via Parigi 2/C  09028 Sestu (CA)</description>
        <styleUrl>#icon-1899-0288D1</styleUrl>
      </Placemark>
      <Placemark>
        <name>Cocco Enrico</name>
        <address>via Garibaldi 19  09040 Furtei (SU)</address>
        <description>via Garibaldi 19  09040 Furtei (SU)</description>
        <styleUrl>#icon-1899-0288D1</styleUrl>
      </Placemark>
      <Placemark>
        <name>Cocco Filippo</name>
        <address><![CDATA[via San Benedetto 41  09045 Quartu Sant'Elena (CA)]]></address>
        <description><![CDATA[via San Benedetto 41  09045 Quartu Sant'Elena (CA)]]></description>
        <styleUrl>#icon-1899-0288D1</styleUrl>
      </Placemark>
      <Placemark>
        <name>Cocco Gabriele</name>
        <address><![CDATA[via Costantino Nigra 76  09045 Quartu Sant'Elena (CA)]]></address>
        <description><![CDATA[via Costantino Nigra 76  09045 Quartu Sant'Elena (CA)]]></description>
        <styleUrl>#icon-1899-0288D1</styleUrl>
      </Placemark>
      <Placemark>
        <name>Cocco Ignazio</name>
        <address>Via Sicilia 43  09040 Senorbì (SU)</address>
        <description>Via Sicilia 43  09040 Senorbì (SU)</description>
        <styleUrl>#icon-1899-0288D1</styleUrl>
      </Placemark>
      <Placemark>
        <name>Cocco Ivo</name>
        <address>Via Einaudi 8  08015 Macomer (NU)</address>
        <description>Via Einaudi 8  08015 Macomer (NU)</description>
        <styleUrl>#icon-1899-0288D1</styleUrl>
      </Placemark>
      <Placemark>
        <name>Cocco Marco scavi e movimento terra</name>
        <address>Via Dublino 11  09015 Domusnovas (CI)</address>
        <description>Via Dublino 11  09015 Domusnovas (CI)</description>
        <styleUrl>#icon-1899-0288D1</styleUrl>
      </Placemark>
      <Placemark>
        <name>Cocco Maurizio</name>
        <address>Via Raffaello 36  09048 Sinnai (CA)</address>
        <description>Via Raffaello 36  09048 Sinnai (CA)</description>
        <styleUrl>#icon-1899-0288D1</styleUrl>
      </Placemark>
      <Placemark>
        <name>Cocco Silvano</name>
        <address>via Ungaretti 17  09038 Serramanna (SU)</address>
        <description>via Ungaretti 17  09038 Serramanna (SU)</description>
        <styleUrl>#icon-1899-0288D1</styleUrl>
      </Placemark>
      <Placemark>
        <name>Cogoni Andrea</name>
        <address>Via Francia  09016 Iglesias (SU)</address>
        <description>Via Francia  09016 Iglesias (SU)</description>
        <styleUrl>#icon-1899-0288D1</styleUrl>
      </Placemark>
      <Placemark>
        <name>Cogoni Antonino</name>
        <address><![CDATA[Via Generale Armando Diaz 85  09045 Quartu Sant'Elena (CA)]]></address>
        <description><![CDATA[Via Generale Armando Diaz 85  09045 Quartu Sant'Elena (CA)]]></description>
        <styleUrl>#icon-1899-0288D1</styleUrl>
      </Placemark>
      <Placemark>
        <name>Cogoni Federico</name>
        <address>Via Giudicessa Eleonora11  09067 Elmas (CA)</address>
        <description>Via Giudicessa Eleonora11  09067 Elmas (CA)</description>
        <styleUrl>#icon-1899-0288D1</styleUrl>
      </Placemark>
      <Placemark>
        <name>Cogoni Giuseppe</name>
        <address>Via Sa Giara 7  09042 Monserrato (CA)</address>
        <description>Via Sa Giara 7  09042 Monserrato (CA)</description>
        <styleUrl>#icon-1899-0288D1</styleUrl>
      </Placemark>
      <Placemark>
        <name>Cogoni Luigi Srl</name>
        <address>Strada comunale Pardinixeddu 6  09045 Quartu S Elena (CA)</address>
        <description>Strada comunale Pardinixeddu 6  09045 Quartu S Elena (CA)</description>
        <styleUrl>#icon-1899-0288D1</styleUrl>
      </Placemark>
      <Placemark>
        <name>Cogoni Maria Silvia</name>
        <address><![CDATA[Via Soro 17  09045 Quartu Sant'Elena (CA)]]></address>
        <description><![CDATA[Via Soro 17  09045 Quartu Sant'Elena (CA)]]></description>
        <styleUrl>#icon-1899-0288D1</styleUrl>
      </Placemark>
      <Placemark>
        <name>Cogoni Nicola</name>
        <address>Via Sanzio 36  09047 Selargius (CA)</address>
        <description>Via Sanzio 36  09047 Selargius (CA)</description>
        <styleUrl>#icon-1899-0288D1</styleUrl>
      </Placemark>
      <Placemark>
        <name>Cogoni Pierpaolo</name>
        <address>Località Su Pardu snc  09028 Sestu (CA)</address>
        <description>Località Su Pardu snc  09028 Sestu (CA)</description>
        <styleUrl>#icon-1899-0288D1</styleUrl>
      </Placemark>
      <Placemark>
        <name>Cois Paolo</name>
        <address>via Piave 50  09035 Gonnosfanadiga (SU)</address>
        <description>via Piave 50  09035 Gonnosfanadiga (SU)</description>
        <styleUrl>#icon-1899-0288D1</styleUrl>
      </Placemark>
      <Placemark>
        <name>Coldsystem di Mattana Massimo</name>
        <address>Zona Industriale PIP lotto 68  09010 Villaspeciosa (SU)</address>
        <description>Zona Industriale PIP lotto 68  09010 Villaspeciosa (SU)</description>
        <styleUrl>#icon-1899-0288D1</styleUrl>
      </Placemark>
      <Placemark>
        <name>Collu Giuliano Trasporti</name>
        <address>Via Berlino 8  09032 Assemini (CA)</address>
        <description>Via Berlino 8  09032 Assemini (CA)</description>
        <styleUrl>#icon-1899-0288D1</styleUrl>
      </Placemark>
      <Placemark>
        <name>Collu Graziano</name>
        <address>Località Is Pistis 3  09010 Perdaxius (SU)</address>
        <description>Località Is Pistis 3  09010 Perdaxius (SU)</description>
        <styleUrl>#icon-1899-0288D1</styleUrl>
      </Placemark>
      <Placemark>
        <name>Collu Paolo</name>
        <address>Loc.Cortenussu SNC  09039 Villacidro (SU)</address>
        <description>Loc.Cortenussu SNC  09039 Villacidro (SU)</description>
        <styleUrl>#icon-1899-0288D1</styleUrl>
      </Placemark>
      <Placemark>
        <name>Collu Stefano Autotrasporti</name>
        <address>Località Leni snc  09039 Villacidro (VS)</address>
        <description>Località Leni snc  09039 Villacidro (VS)</description>
        <styleUrl>#icon-1899-0288D1</styleUrl>
      </Placemark>
      <Placemark>
        <name>Colnat S.R.L.</name>
        <address>Zona Industriale Comp. D Via A.Cambosu S.N  08100 Nuoro (NU)</address>
        <description>Zona Industriale Comp. D Via A.Cambosu S.N  08100 Nuoro (NU)</description>
        <styleUrl>#icon-1899-0288D1</styleUrl>
      </Placemark>
      <Placemark>
        <name>Coloru Fabio</name>
        <address>Via Cavallotti 2  07014 Ozieri (SS)</address>
        <description>Via Cavallotti 2  07014 Ozieri (SS)</description>
        <styleUrl>#icon-1899-0288D1</styleUrl>
      </Placemark>
      <Placemark>
        <name>Columbano Paolo</name>
        <address>Via I Maggio 31  09060 Settimo San Pietro (CA)</address>
        <description>Via I Maggio 31  09060 Settimo San Pietro (CA)</description>
        <styleUrl>#icon-1899-0288D1</styleUrl>
      </Placemark>
      <Placemark>
        <name>COM.I.R. di Marco Floris S.a.s.</name>
        <address>Via Vincenzo Bellini 9  09128 Cagliari (CA)</address>
        <description>Via Vincenzo Bellini 9  09128 Cagliari (CA)</description>
        <styleUrl>#icon-1899-0288D1</styleUrl>
      </Placemark>
      <Placemark>
        <name>Cometec S.R.L.</name>
        <address>S.S. 195 Km 13300 Km 13300  09012 Capoterra (CA)</address>
        <description>S.S. 195 Km 13300 Km 13300  09012 Capoterra (CA)</description>
        <styleUrl>#icon-1899-0288D1</styleUrl>
      </Placemark>
      <Placemark>
        <name>Commerciale Monte Linas S.r.l.</name>
        <address>Zona Industriale strada C2 Bis  09039 Villacidro (VS)</address>
        <description>Zona Industriale strada C2 Bis  09039 Villacidro (VS)</description>
        <styleUrl>#icon-1899-0288D1</styleUrl>
      </Placemark>
      <Placemark>
        <name>Commercialebernardo S.R.L. SEMP.</name>
        <address>Via Roma 542  08047 Tertenia (NU)</address>
        <description>Via Roma 542  08047 Tertenia (NU)</description>
        <styleUrl>#icon-1899-0288D1</styleUrl>
      </Placemark>
      <Placemark>
        <name>Commercialtecnica Srl</name>
        <address>Viale Italia Km 2  08045 Lanusei (NU)</address>
        <description>Viale Italia Km 2  08045 Lanusei (NU)</description>
        <styleUrl>#icon-1899-0288D1</styleUrl>
      </Placemark>
      <Placemark>
        <name>Comune di Pula - Settore Polizia Municipale</name>
        <address>via Santa Croce 34  09010 Pula (CA)</address>
        <description>via Santa Croce 34  09010 Pula (CA)</description>
        <styleUrl>#icon-1899-0288D1</styleUrl>
      </Placemark>
      <Placemark>
        <name><![CDATA[Con.Sab. di Sabiu Federico & C. S.a.s.]]></name>
        <address>Via Pubusa snc  09010 Nuxis (CI)</address>
        <description>Via Pubusa snc  09010 Nuxis (CI)</description>
        <styleUrl>#icon-1899-0288D1</styleUrl>
      </Placemark>
      <Placemark>
        <name>Con.Se.A. Consorzio Servizi Autoscuola</name>
        <address>Via Principe di Napoli 1  09134 Cagliari (CA)</address>
        <description>Via Principe di Napoli 1  09134 Cagliari (CA)</description>
        <styleUrl>#icon-1899-0288D1</styleUrl>
      </Placemark>
      <Placemark>
        <name>Concas Arturo srl</name>
        <address>Via San Giorgio 21  09018 Sarroch (CA)</address>
        <description>Via San Giorgio 21  09018 Sarroch (CA)</description>
        <styleUrl>#icon-1899-0288D1</styleUrl>
      </Placemark>
      <Placemark>
        <name>Concas Giovanni</name>
        <description>39.50188806676269, 8.661021998700061</description>
        <styleUrl>#icon-1899-0288D1</styleUrl>
        <Point>
          <coordinates>
            8.66102199870006,39.5018880667627,0
          </coordinates>
        </Point>
      </Placemark>
      <Placemark>
        <name>Concas Giuseppe</name>
        <address>Via Nazionale 203  09039 Villacidro (VS)</address>
        <description>Via Nazionale 203  09039 Villacidro (VS)</description>
        <styleUrl>#icon-1899-0288D1</styleUrl>
      </Placemark>
      <Placemark>
        <name>Concas Srl</name>
        <address>Zona Industriale PIP  09031 Arbus (VS)</address>
        <description>Zona Industriale PIP  09031 Arbus (VS)</description>
        <styleUrl>#icon-1899-0288D1</styleUrl>
      </Placemark>
      <Placemark>
        <name>Concu Andrea</name>
        <address>Via Umberto I 59  09025 Sanluri (SU)</address>
        <description>Via Umberto I 59  09025 Sanluri (SU)</description>
        <styleUrl>#icon-1899-0288D1</styleUrl>
      </Placemark>
      <Placemark>
        <name>Concu Fabio</name>
        <address>Via Regina Elena 26  09021 Barumini (SU)</address>
        <description>Via Regina Elena 26  09021 Barumini (SU)</description>
        <styleUrl>#icon-1899-0288D1</styleUrl>
      </Placemark>
      <Placemark>
        <name>Concu Giovanni</name>
        <address>Via Dante59  09040 Segariu (SU)</address>
        <description>Via Dante59  09040 Segariu (SU)</description>
        <styleUrl>#icon-1899-0288D1</styleUrl>
      </Placemark>
      <Placemark>
        <name>Concu Stefano</name>
        <address>Via Mozart 14  09025 Sanluri (SU)</address>
        <description>Via Mozart 14  09025 Sanluri (SU)</description>
        <styleUrl>#icon-1899-0288D1</styleUrl>
      </Placemark>
      <Placemark>
        <name>Concu Susanna</name>
        <address>via Marmilla 8  09025 Sanluri (SU)</address>
        <description>via Marmilla 8  09025 Sanluri (SU)</description>
        <styleUrl>#icon-1899-0288D1</styleUrl>
      </Placemark>
      <Placemark>
        <name>Concu Valentino</name>
        <address>Vico Armando Diaz 3  09093 Gonnostramatza (OR)</address>
        <description>Vico Armando Diaz 3  09093 Gonnostramatza (OR)</description>
        <styleUrl>#icon-1899-0288D1</styleUrl>
      </Placemark>
      <Placemark>
        <name>Concu Valter</name>
        <address>via del Campo 3  09095 Mogoro (OR)</address>
        <description>via del Campo 3  09095 Mogoro (OR)</description>
        <styleUrl>#icon-1899-0288D1</styleUrl>
      </Placemark>
      <Placemark>
        <name>Congia Antonio Autotrasporti</name>
        <address>Via Monsignor Melas 10  09040 Guasila (CA)</address>
        <description>Via Monsignor Melas 10  09040 Guasila (CA)</description>
        <styleUrl>#icon-1899-0288D1</styleUrl>
      </Placemark>
      <Placemark>
        <name>Congia Daniele</name>
        <address>Via G. Pascoli 18  09025 Sanluri (SU)</address>
        <description>Via G. Pascoli 18  09025 Sanluri (SU)</description>
        <styleUrl>#icon-1899-0288D1</styleUrl>
      </Placemark>
      <Placemark>
        <name>Congiu Marco</name>
        <address><![CDATA[Via Vergine d'Itria  09040 Guasila (SU)]]></address>
        <description><![CDATA[Via Vergine d'Itria  09040 Guasila (SU)]]></description>
        <styleUrl>#icon-1899-0288D1</styleUrl>
      </Placemark>
      <Placemark>
        <name>Coni Adolfo</name>
        <address>Via Aldo Moro 24  08030 Nurallao (NU)</address>
        <description>Via Aldo Moro 24  08030 Nurallao (NU)</description>
        <styleUrl>#icon-1899-0288D1</styleUrl>
      </Placemark>
      <Placemark>
        <name>Coni e Cannas Officina S.R.L.S.</name>
        <address>Zona Industriale Snc  08040 Ulassai (NU)</address>
        <description>Zona Industriale Snc  08040 Ulassai (NU)</description>
        <styleUrl>#icon-1899-0288D1</styleUrl>
      </Placemark>
      <Placemark>
        <name>Consorzio Agrario di Sardegna Soc. Coop Srl</name>
        <address>Viale Monastir 50  09100 Cagliari (CA)</address>
        <description>Viale Monastir 50  09100 Cagliari (CA)</description>
        <styleUrl>#icon-1899-0288D1</styleUrl>
      </Placemark>
      <Placemark>
        <name>Conteddu Luciano</name>
        <address><![CDATA[Loc. S'Alapattu 8a  08029 Siniscola (NU)]]></address>
        <description><![CDATA[Loc. S'Alapattu 8a  08029 Siniscola (NU)]]></description>
        <styleUrl>#icon-1899-0288D1</styleUrl>
      </Placemark>
      <Placemark>
        <name>Conti Transport srl</name>
        <address>Via Nazionale 16  09038 Serramanna (VS)</address>
        <description>Via Nazionale 16  09038 Serramanna (VS)</description>
        <styleUrl>#icon-1899-0288D1</styleUrl>
      </Placemark>
      <Placemark>
        <name><![CDATA[Contini Carlo & Franco Snc]]></name>
        <address>Via Assunta 3  08016 Borore (NU)</address>
        <description>Via Assunta 3  08016 Borore (NU)</description>
        <styleUrl>#icon-1899-0288D1</styleUrl>
      </Placemark>
      <Placemark>
        <name>Contini Massimo Alberto</name>
        <address>Via Bacchixedda 52  09048 Sinnai (CA)</address>
        <description>Via Bacchixedda 52  09048 Sinnai (CA)</description>
        <styleUrl>#icon-1899-0288D1</styleUrl>
      </Placemark>
      <Placemark>
        <name>Contini Silvio</name>
        <address>Via Bellini 23  09020 Ussana (SU)</address>
        <description>Via Bellini 23  09020 Ussana (SU)</description>
        <styleUrl>#icon-1899-0288D1</styleUrl>
      </Placemark>
      <Placemark>
        <name>Contu Alberto</name>
        <address>via Bellini 4  09010 Decimoputzu (SU)</address>
        <description>via Bellini 4  09010 Decimoputzu (SU)</description>
        <styleUrl>#icon-1899-0288D1</styleUrl>
      </Placemark>
      <Placemark>
        <name>Contu Giuseppe</name>
        <address>Via Nazario Sauro  09040 Guasila (SU)</address>
        <description>Via Nazario Sauro  09040 Guasila (SU)</description>
        <styleUrl>#icon-1899-0288D1</styleUrl>
      </Placemark>
      <Placemark>
        <name>Contu Massimo</name>
        <address>via Piave 82/B  09032 Assemini (CA)</address>
        <description>via Piave 82/B  09032 Assemini (CA)</description>
        <styleUrl>#icon-1899-0288D1</styleUrl>
      </Placemark>
      <Placemark>
        <name>Contu Michele</name>
        <address>Via Assemini 36  09026 San Sperate (SU)</address>
        <description>Via Assemini 36  09026 San Sperate (SU)</description>
        <styleUrl>#icon-1899-0288D1</styleUrl>
      </Placemark>
      <Placemark>
        <name>Coop Sacro Cuore</name>
        <address>Via Parigi Z. Industriale  09170 Oristano (OR)</address>
        <description>Via Parigi Z. Industriale  09170 Oristano (OR)</description>
        <styleUrl>#icon-1899-0288D1</styleUrl>
      </Placemark>
      <Placemark>
        <name>Coop. Soc. Sa Pinnetta</name>
        <address>Via Gramsci 2  09040 Barrali (SU)</address>
        <description>Via Gramsci 2  09040 Barrali (SU)</description>
        <styleUrl>#icon-1899-0288D1</styleUrl>
      </Placemark>
      <Placemark>
        <name>Cooperativa Pescatori Arborea SCARL</name>
        <address>Località Curru Mannu Strada 18  09092 Arborea (OR)</address>
        <description>Località Curru Mannu Strada 18  09092 Arborea (OR)</description>
        <styleUrl>#icon-1899-0288D1</styleUrl>
      </Placemark>
      <Placemark>
        <name>Cooperativa Produttori Arborea Società Agricola</name>
        <address>Strada 14 Ovest  09092 Arborea (OR)</address>
        <description>Strada 14 Ovest  09092 Arborea (OR)</description>
        <styleUrl>#icon-1899-0288D1</styleUrl>
      </Placemark>
      <Placemark>
        <name>Cooperativa Trasporti Ozieri</name>
        <address>Reg. Sas Perdas Frittas snc  07014 Ozieri (SS)</address>
        <description>Reg. Sas Perdas Frittas snc  07014 Ozieri (SS)</description>
        <styleUrl>#icon-1899-0288D1</styleUrl>
      </Placemark>
      <Placemark>
        <name>Copy Tire S.r.l.</name>
        <address>Viale Monastir 209  09122 Cagliari (CA)</address>
        <description>Viale Monastir 209  09122 Cagliari (CA)</description>
        <styleUrl>#icon-1899-0288D1</styleUrl>
      </Placemark>
      <Placemark>
        <name>Coquus S.r.l.s.</name>
        <address>Viale Costa Smeralda 79/81  07021 Arzachena (SS)</address>
        <description>Viale Costa Smeralda 79/81  07021 Arzachena (SS)</description>
        <styleUrl>#icon-1899-0288D1</styleUrl>
      </Placemark>
      <Placemark>
        <name>Coraddu Mattia</name>
        <address><![CDATA[Via Eleonora D'Arborea 43  09010 Decimoputzu (SU)]]></address>
        <description><![CDATA[Via Eleonora D'Arborea 43  09010 Decimoputzu (SU)]]></description>
        <styleUrl>#icon-1899-0288D1</styleUrl>
      </Placemark>
      <Placemark>
        <name>Corda Gesuina</name>
        <address>Mercato Agroalimentare Box 60  09028 Sestu (CA)</address>
        <description>Mercato Agroalimentare Box 60  09028 Sestu (CA)</description>
        <styleUrl>#icon-1899-0288D1</styleUrl>
      </Placemark>
      <Placemark>
        <name>Corda Gianluca</name>
        <address>Via Parteolla 12  09041 Dolianova (SU)</address>
        <description>Via Parteolla 12  09041 Dolianova (SU)</description>
        <styleUrl>#icon-1899-0288D1</styleUrl>
      </Placemark>
      <Placemark>
        <name>Corda Giorgia</name>
        <address>Via A Manzomi 5  09056 Isili (SU)</address>
        <description>Via A Manzomi 5  09056 Isili (SU)</description>
        <styleUrl>#icon-1899-0288D1</styleUrl>
      </Placemark>
      <Placemark>
        <name>Cordeddu Daniele</name>
        <address>Via Piero Schiavazzi 6  09126 Cagliari (CA)</address>
        <description>Via Piero Schiavazzi 6  09126 Cagliari (CA)</description>
        <styleUrl>#icon-1899-0288D1</styleUrl>
      </Placemark>
      <Placemark>
        <name>Corongiu Thomas</name>
        <address>Via Generale Carlo Alberto dalla Chiesa 12  09069 Maracalagonis (CA)</address>
        <description>Via Generale Carlo Alberto dalla Chiesa 12  09069 Maracalagonis (CA)</description>
        <styleUrl>#icon-1899-0288D1</styleUrl>
      </Placemark>
      <Placemark>
        <name>Corraine srl</name>
        <address>via Roma 168/B  09040 Siurgus Donigala (CA)</address>
        <description>via Roma 168/B  09040 Siurgus Donigala (CA)</description>
        <styleUrl>#icon-1899-0288D1</styleUrl>
      </Placemark>
      <Placemark>
        <name>Corrias Giovanni Maria</name>
        <address>via della Vittoria 18  08020 Orotelli (NU)</address>
        <description>via della Vittoria 18  08020 Orotelli (NU)</description>
        <styleUrl>#icon-1899-0288D1</styleUrl>
      </Placemark>
      <Placemark>
        <name>Corrias Marco</name>
        <address>Via Sacerdote Giovanni Caria 8  09070 Riola Sardo (OR)</address>
        <description>Via Sacerdote Giovanni Caria 8  09070 Riola Sardo (OR)</description>
        <styleUrl>#icon-1899-0288D1</styleUrl>
      </Placemark>
      <Placemark>
        <name>Corriga Alessio Trasporti</name>
        <address>Via professor G. Lupacciolu 9  07026 Olbia (SS)</address>
        <description>Via professor G. Lupacciolu 9  07026 Olbia (SS)</description>
        <styleUrl>#icon-1899-0288D1</styleUrl>
      </Placemark>
      <Placemark>
        <name>Corriga Marco</name>
        <address>Via Ruga Domenigheddu Atza  09070 Bauladu (OR)</address>
        <description>Via Ruga Domenigheddu Atza  09070 Bauladu (OR)</description>
        <styleUrl>#icon-1899-0288D1</styleUrl>
      </Placemark>
      <Placemark>
        <name>Corti Ferdinando</name>
        <address><![CDATA[Via S'Oru e Mari 39/F  09045 Quartu Sant'Elena (CA)]]></address>
        <description><![CDATA[Via S'Oru e Mari 39/F  09045 Quartu Sant'Elena (CA)]]></description>
        <styleUrl>#icon-1899-0288D1</styleUrl>
      </Placemark>
      <Placemark>
        <name>Corti Luana</name>
        <address>Via Verdi 24  09010 Decimoputzu (SU)</address>
        <description>Via Verdi 24  09010 Decimoputzu (SU)</description>
        <styleUrl>#icon-1899-0288D1</styleUrl>
      </Placemark>
      <Placemark>
        <name>Cos.m.in.  s.r.l.</name>
        <address>Località Maddalena Spiaggia KM.11000  09012 Capoterra (CA)</address>
        <description>Località Maddalena Spiaggia KM.11000  09012 Capoterra (CA)</description>
        <styleUrl>#icon-1899-0288D1</styleUrl>
      </Placemark>
      <Placemark>
        <name>Cos.Mat. Srl</name>
        <address><![CDATA[S.S. 387 Km 37  09040 Sant'Andrea Frius (SU)]]></address>
        <description><![CDATA[S.S. 387 Km 37  09040 Sant'Andrea Frius (SU)]]></description>
        <styleUrl>#icon-1899-0288D1</styleUrl>
      </Placemark>
      <Placemark>
        <name>Cosa Domenico</name>
        <address>Via Sicilia 42  09012 Capoterra (CA)</address>
        <description>Via Sicilia 42  09012 Capoterra (CA)</description>
        <styleUrl>#icon-1899-0288D1</styleUrl>
      </Placemark>
      <Placemark>
        <name>Cossa Massimo</name>
        <address>Regione Filigheddu 68  07100 Sassari (SS)</address>
        <description>Regione Filigheddu 68  07100 Sassari (SS)</description>
        <styleUrl>#icon-1899-0288D1</styleUrl>
      </Placemark>
      <Placemark>
        <name><![CDATA[Cosseddu Giovanni Salvatore & C. s.a.s]]></name>
        <address>via Tempio 9/A  07012 Bonorva (SS)</address>
        <description>via Tempio 9/A  07012 Bonorva (SS)</description>
        <styleUrl>#icon-1899-0288D1</styleUrl>
      </Placemark>
      <Placemark>
        <name>Cossu Antonio S.R.L.</name>
        <address>Località S.S. 195 Km 13300 su Spantu I  09012 Capoterra (CA)</address>
        <description>Località S.S. 195 Km 13300 su Spantu I  09012 Capoterra (CA)</description>
        <styleUrl>#icon-1899-0288D1</styleUrl>
      </Placemark>
      <Placemark>
        <name><![CDATA[Cossu Autotrasporti di Cossu Pietro e Salvatore & C. snc]]></name>
        <address>Z.I. Loc. Mesu e Jagas  07047 Thiesi (SS)</address>
        <description>Z.I. Loc. Mesu e Jagas  07047 Thiesi (SS)</description>
        <styleUrl>#icon-1899-0288D1</styleUrl>
      </Placemark>
      <Placemark>
        <name>Cossu Gavino</name>
        <address>Via Mario Bazzoni 50  07046 Porto Torres (SS)</address>
        <description>Via Mario Bazzoni 50  07046 Porto Torres (SS)</description>
        <styleUrl>#icon-1899-0288D1</styleUrl>
      </Placemark>
      <Placemark>
        <name>Cossu Giuseppina</name>
        <address>via Prof. Chesseddu 1  07047 Thiesi (SS)</address>
        <description>via Prof. Chesseddu 1  07047 Thiesi (SS)</description>
        <styleUrl>#icon-1899-0288D1</styleUrl>
      </Placemark>
      <Placemark>
        <name>Cossu Trasporti S.R.L.</name>
        <address>Z.I. Mesu e Jagas  07047 Thiesi (SS)</address>
        <description>Z.I. Mesu e Jagas  07047 Thiesi (SS)</description>
        <styleUrl>#icon-1899-0288D1</styleUrl>
      </Placemark>
      <Placemark>
        <name>Costruttori Riuniti srl</name>
        <address>Zona Industriale Comparto A3  08020 Ottana (NU)</address>
        <description>Zona Industriale Comparto A3  08020 Ottana (NU)</description>
        <styleUrl>#icon-1899-0288D1</styleUrl>
      </Placemark>
      <Placemark>
        <name>Costruzioni Generali Manutenzioni Industriali S.R.L.</name>
        <address>Ottava Strada Z.I. Macchiareddu snc  09068 Uta (CA)</address>
        <description>Ottava Strada Z.I. Macchiareddu snc  09068 Uta (CA)</description>
        <styleUrl>#icon-1899-0288D1</styleUrl>
      </Placemark>
      <Placemark>
        <name>Costruzioni Generali Strutture Speciali s.r.l</name>
        <address>Via Del Priore Berengario 5  09129 Cagliari (CA)</address>
        <description>Via Del Priore Berengario 5  09129 Cagliari (CA)</description>
        <styleUrl>#icon-1899-0288D1</styleUrl>
      </Placemark>
      <Placemark>
        <name>Costruzioni Prefabbricati srl</name>
        <address>via San Pietro 7  09023 Monastir (SU)</address>
        <description>via San Pietro 7  09023 Monastir (SU)</description>
        <styleUrl>#icon-1899-0288D1</styleUrl>
      </Placemark>
      <Placemark>
        <name>Cotza Ignazio</name>
        <address>via Dalmazia 42  09013 Carbonia (SU)</address>
        <description>via Dalmazia 42  09013 Carbonia (SU)</description>
        <styleUrl>#icon-1899-0288D1</styleUrl>
      </Placemark>
      <Placemark>
        <name>Crash Kar di Marco Meloni</name>
        <address>Via Emilio Lussu 33/B  09098 Terralba (OR)</address>
        <description>Via Emilio Lussu 33/B  09098 Terralba (OR)</description>
        <styleUrl>#icon-1899-0288D1</styleUrl>
      </Placemark>
      <Placemark>
        <name>Crema e Cioccolato di Pibiri Luca</name>
        <address><![CDATA[Via Edmondo De Amicis 2/B  09045 Quartu Sant'Elena (CA)]]></address>
        <description><![CDATA[Via Edmondo De Amicis 2/B  09045 Quartu Sant'Elena (CA)]]></description>
        <styleUrl>#icon-1899-0288D1</styleUrl>
      </Placemark>
      <Placemark>
        <name>Crisioni Palmerio Autotrasporti</name>
        <address>via S. Narciso 16  09013 Carbonia (SU)</address>
        <description>via S. Narciso 16  09013 Carbonia (SU)</description>
        <styleUrl>#icon-1899-0288D1</styleUrl>
      </Placemark>
      <Placemark>
        <name>Crispu Costruzioni di Mauro Crispu</name>
        <address>Via Gennargentu 30  08047 Tertenia (NU)</address>
        <description>Via Gennargentu 30  08047 Tertenia (NU)</description>
        <styleUrl>#icon-1899-0288D1</styleUrl>
      </Placemark>
      <Placemark>
        <name>Cristian Chessa Service Audio e Luci</name>
        <address>Via Aldo Moro 3  07040 Cheremule (SS)</address>
        <description>Via Aldo Moro 3  07040 Cheremule (SS)</description>
        <styleUrl>#icon-1899-0288D1</styleUrl>
      </Placemark>
      <Placemark>
        <name>Cristian Ena</name>
        <address>Via Villacidro 52/a  09010 Decimoputzu (SU)</address>
        <description>Via Villacidro 52/a  09010 Decimoputzu (SU)</description>
        <styleUrl>#icon-1899-0288D1</styleUrl>
      </Placemark>
      <Placemark>
        <name>Cristiano Cadeddu Carrozzeria e Meccanica</name>
        <address>via Evangelista 5  09047 Selargius (CA)</address>
        <description>via Evangelista 5  09047 Selargius (CA)</description>
        <styleUrl>#icon-1899-0288D1</styleUrl>
      </Placemark>
      <Placemark>
        <name>Crobu Filippo</name>
        <address>Piazza Martiri2  09096 Santa Giusta (OR)</address>
        <description>Piazza Martiri2  09096 Santa Giusta (OR)</description>
        <styleUrl>#icon-1899-0288D1</styleUrl>
      </Placemark>
      <Placemark>
        <name>Croce medica Società Cooperativa Sociale ETS Onlus</name>
        <address>Via Tamburino Sardo 73  09134 Cagliari (CA)</address>
        <description>Via Tamburino Sardo 73  09134 Cagliari (CA)</description>
        <styleUrl>#icon-1899-0288D1</styleUrl>
      </Placemark>
      <Placemark>
        <name>CSCHARTER SRL</name>
        <address>Via Roma molo sanità  09126 Cagliari (CA)</address>
        <description>Via Roma molo sanità  09126 Cagliari (CA)</description>
        <styleUrl>#icon-1899-0288D1</styleUrl>
      </Placemark>
      <Placemark>
        <name>CSR Ecologica srls</name>
        <address>Z. I. Predda Niedda sud st 40  07100 Sassari (SS)</address>
        <description>Z. I. Predda Niedda sud st 40  07100 Sassari (SS)</description>
        <styleUrl>#icon-1899-0288D1</styleUrl>
      </Placemark>
      <Placemark>
        <name>Cualbu Antonio</name>
        <address>Località Sa Doda  09010 Decimoputzu (SU)</address>
        <description>Località Sa Doda  09010 Decimoputzu (SU)</description>
        <styleUrl>#icon-1899-0288D1</styleUrl>
      </Placemark>
      <Placemark>
        <name>Cubeddu Luigi Autotrasporti</name>
        <address>via Michelangelo 8  08040 Arzana (OG)</address>
        <description>via Michelangelo 8  08040 Arzana (OG)</description>
        <styleUrl>#icon-1899-0288D1</styleUrl>
      </Placemark>
      <Placemark>
        <name>Cuccheddu Giovanni</name>
        <address>Via Cagliari 65  09013 Carbonia (SU)</address>
        <description>Via Cagliari 65  09013 Carbonia (SU)</description>
        <styleUrl>#icon-1899-0288D1</styleUrl>
      </Placemark>
      <Placemark>
        <name>Cuccu Antonio</name>
        <address>Via Padre Liccu 23  09020 Samatzai (SU)</address>
        <description>Via Padre Liccu 23  09020 Samatzai (SU)</description>
        <styleUrl>#icon-1899-0288D1</styleUrl>
      </Placemark>
      <Placemark>
        <name>Cuccu S.R.L.</name>
        <address>Strada Statale 128 km 20  09040 Senorbì (SU)</address>
        <description>Strada Statale 128 km 20  09040 Senorbì (SU)</description>
        <styleUrl>#icon-1899-0288D1</styleUrl>
      </Placemark>
      <Placemark>
        <name>Cuccu Thomas</name>
        <address>Via Curie22  09028 Sestu (CA)</address>
        <description>Via Curie22  09028 Sestu (CA)</description>
        <styleUrl>#icon-1899-0288D1</styleUrl>
      </Placemark>
      <Placemark>
        <name>Cugia Innocenzo</name>
        <address>Via Monti 11  09020 Ussana (SU)</address>
        <description>Via Monti 11  09020 Ussana (SU)</description>
        <styleUrl>#icon-1899-0288D1</styleUrl>
      </Placemark>
      <Placemark>
        <name>Cugudda Silvana</name>
        <address>via Asfodelo 16  08048 Tortolì (NU)</address>
        <description>via Asfodelo 16  08048 Tortolì (NU)</description>
        <styleUrl>#icon-1899-0288D1</styleUrl>
      </Placemark>
      <Placemark>
        <name>Cumbidai Società Semplice Agricola S.S.</name>
        <address>Via Ing. Porru 4  08039 Tonara (NU)</address>
        <description>Via Ing. Porru 4  08039 Tonara (NU)</description>
        <styleUrl>#icon-1899-0288D1</styleUrl>
      </Placemark>
      <Placemark>
        <name>Curreli Agostino</name>
        <address>via Ungaretti 14  09039 Villacidro (VS)</address>
        <description>via Ungaretti 14  09039 Villacidro (VS)</description>
        <styleUrl>#icon-1899-0288D1</styleUrl>
      </Placemark>
      <Placemark>
        <name>Curreli Antonio</name>
        <address>via Trento 9  09025 Sanluri (VS)</address>
        <description>via Trento 9  09025 Sanluri (VS)</description>
        <styleUrl>#icon-1899-0288D1</styleUrl>
      </Placemark>
      <Placemark>
        <name>Curreli Daniele</name>
        <address>Via Gramsci 339  09095 Mogoro (OR)</address>
        <description>Via Gramsci 339  09095 Mogoro (OR)</description>
        <styleUrl>#icon-1899-0288D1</styleUrl>
      </Placemark>
      <Placemark>
        <name>Curreli Group di Curreli Angelo S.A.S.</name>
        <address>Via Teulada  09012 Capoterra (CA)</address>
        <description>Via Teulada  09012 Capoterra (CA)</description>
        <styleUrl>#icon-1899-0288D1</styleUrl>
      </Placemark>
      <Placemark>
        <name>Cusumanno Franco</name>
        <address>Via Giovanni XXIII 21  09026 San Sperate (SU)</address>
        <description>Via Giovanni XXIII 21  09026 San Sperate (SU)</description>
        <styleUrl>#icon-1899-0288D1</styleUrl>
      </Placemark>
      <Placemark>
        <name>Cvsm S.R.L.</name>
        <address><![CDATA[Via Biora 61/A  09045 Quartu Sant'Elena (CA)]]></address>
        <description><![CDATA[Via Biora 61/A  09045 Quartu Sant'Elena (CA)]]></description>
        <styleUrl>#icon-1899-0288D1</styleUrl>
      </Placemark>
      <Placemark>
        <name>D E H Pischedda srl</name>
        <address>via Bau Accas 5  09080 Allai (OR)</address>
        <description>via Bau Accas 5  09080 Allai (OR)</description>
        <styleUrl>#icon-1899-0288D1</styleUrl>
      </Placemark>
      <Placemark>
        <name><![CDATA[D&D Transport di Danilo Priola]]></name>
        <description>39.30036537459905, 8.513257225632948</description>
        <styleUrl>#icon-1899-0288D1</styleUrl>
        <Point>
          <coordinates>
            8.51325722563295,39.3003653745991,0
          </coordinates>
        </Point>
      </Placemark>
      <Placemark>
        <name><![CDATA[D'Amico Filippo e Federico & C. Snc]]></name>
        <address>Via Baccelli 257  09098 Terralba (OR)</address>
        <description>Via Baccelli 257  09098 Terralba (OR)</description>
        <styleUrl>#icon-1899-0288D1</styleUrl>
      </Placemark>
      <Placemark>
        <name>D.L.R. srl</name>
        <address>SS 131 Km 16600  09023 Monastir (CA)</address>
        <description>SS 131 Km 16600  09023 Monastir (CA)</description>
        <styleUrl>#icon-1899-0288D1</styleUrl>
      </Placemark>
      <Placemark>
        <name>D.O.S. S.R.L.</name>
        <address>Strada Statale 131 km 17400  09023 Monastir (SU)</address>
        <description>Strada Statale 131 km 17400  09023 Monastir (SU)</description>
        <styleUrl>#icon-1899-0288D1</styleUrl>
      </Placemark>
      <Placemark>
        <name><![CDATA[Dall'Argine S.A.S. di Regina Spanu e C.]]></name>
        <address>Viale A.Zara Snc Ex Via del Porto  09170 Oristano (OR)</address>
        <description>Viale A.Zara Snc Ex Via del Porto  09170 Oristano (OR)</description>
        <styleUrl>#icon-1899-0288D1</styleUrl>
      </Placemark>
      <Placemark>
        <name>Dami Rent S.R.L.S.</name>
        <address><![CDATA[Via Eleonora d'Arborea 5  09125 Cagliari (CA)]]></address>
        <description><![CDATA[Via Eleonora d'Arborea 5  09125 Cagliari (CA)]]></description>
        <styleUrl>#icon-1899-0288D1</styleUrl>
      </Placemark>
      <Placemark>
        <name>DAMU RENATO</name>
        <address>Via Emilia 12  09048 Sinnai (CA)</address>
        <description>Via Emilia 12  09048 Sinnai (CA)</description>
        <styleUrl>#icon-1899-0288D1</styleUrl>
      </Placemark>
      <Placemark>
        <name>Dan Travel di Tronci Daniele</name>
        <address>Via Indipendenza 30  09016 Iglesias (SU)</address>
        <description>Via Indipendenza 30  09016 Iglesias (SU)</description>
        <styleUrl>#icon-1899-0288D1</styleUrl>
      </Placemark>
      <Placemark>
        <name>Dancardi Alberto</name>
        <address>Via Mascagni 8  09129 Cagliari (CA)</address>
        <description>Via Mascagni 8  09129 Cagliari (CA)</description>
        <styleUrl>#icon-1899-0288D1</styleUrl>
      </Placemark>
      <Placemark>
        <name>Daniela Mullano</name>
        <address>Via Battisti 7  09012 Capoterra (CA)</address>
        <description>Via Battisti 7  09012 Capoterra (CA)</description>
        <styleUrl>#icon-1899-0288D1</styleUrl>
      </Placemark>
      <Placemark>
        <name>Daniele Olzai</name>
        <address>Via Calvisi 3  08021 Bitti (NU)</address>
        <description>Via Calvisi 3  08021 Bitti (NU)</description>
        <styleUrl>#icon-1899-0288D1</styleUrl>
      </Placemark>
      <Placemark>
        <name>Daniele Piccioni</name>
        <address>Vico Primo Magenta 15  09015 Domusnovas (SU)</address>
        <description>Vico Primo Magenta 15  09015 Domusnovas (SU)</description>
        <styleUrl>#icon-1899-0288D1</styleUrl>
      </Placemark>
      <Placemark>
        <name>Danilo Sergio Aoulina</name>
        <address>Via Mosaccio 12  09121 Cagliari (CA)</address>
        <description>Via Mosaccio 12  09121 Cagliari (CA)</description>
        <styleUrl>#icon-1899-0288D1</styleUrl>
      </Placemark>
      <Placemark>
        <name>Dany Transport srl</name>
        <address>via Torino 3  09027 Serrenti (VS)</address>
        <description>via Torino 3  09027 Serrenti (VS)</description>
        <styleUrl>#icon-1899-0288D1</styleUrl>
      </Placemark>
      <Placemark>
        <name><![CDATA[De Luca Ugo Snc di De Luca Naide & C.]]></name>
        <address>via Mameli 28  07026 Olbia (OT)</address>
        <description>via Mameli 28  07026 Olbia (OT)</description>
        <styleUrl>#icon-1899-0288D1</styleUrl>
      </Placemark>
      <Placemark>
        <name>DE.MO.TER. di Micheletto Frediano</name>
        <address>Via Generale Armando Diaz snc  09012 CAPOTERRA (CA)</address>
        <description>Via Generale Armando Diaz snc  09012 CAPOTERRA (CA)</description>
        <styleUrl>#icon-1899-0288D1</styleUrl>
      </Placemark>
      <Placemark>
        <name>Dea Srl Autotrasporti</name>
        <address>Via Vittorio Emanuele 22  08022 Dorgali (NU)</address>
        <description>Via Vittorio Emanuele 22  08022 Dorgali (NU)</description>
        <styleUrl>#icon-1899-0288D1</styleUrl>
      </Placemark>
      <Placemark>
        <name><![CDATA[Deddy'S Transport S.r.l.s]]></name>
        <address>Via Paolo Borsellino 34  09026 San Sperate (SU)</address>
        <description>Via Paolo Borsellino 34  09026 San Sperate (SU)</description>
        <styleUrl>#icon-1899-0288D1</styleUrl>
      </Placemark>
      <Placemark>
        <name>Defraia Ivan</name>
        <address>Via Giardini 14  09010 Decimoputzu (SU)</address>
        <description>Via Giardini 14  09010 Decimoputzu (SU)</description>
        <styleUrl>#icon-1899-0288D1</styleUrl>
      </Placemark>
      <Placemark>
        <name>Degioannis Augusto S.R.L. di Alessio e Antonio Degioannis Denominazione Abbreviata: Degioannis Augusto S.R.L.</name>
        <address>Via Natta 26  09067 Elmas (CA)</address>
        <description>Via Natta 26  09067 Elmas (CA)</description>
        <styleUrl>#icon-1899-0288D1</styleUrl>
      </Placemark>
      <Placemark>
        <name>Deiana Alessandro</name>
        <address>Via Ruanda 15  07026 Olbia (SS)</address>
        <description>Via Ruanda 15  07026 Olbia (SS)</description>
        <styleUrl>#icon-1899-0288D1</styleUrl>
      </Placemark>
      <Placemark>
        <name>Deiana Domenico Giuseppe Movimento Terra</name>
        <address>via Flumendosa 75  07026 Olbia (SS)</address>
        <description>via Flumendosa 75  07026 Olbia (SS)</description>
        <styleUrl>#icon-1899-0288D1</styleUrl>
      </Placemark>
      <Placemark>
        <name>Deiana Giovanni Andrea</name>
        <address>via Colombo 66  07037 Sorso (SS)</address>
        <description>via Colombo 66  07037 Sorso (SS)</description>
        <styleUrl>#icon-1899-0288D1</styleUrl>
      </Placemark>
      <Placemark>
        <name>Deiana Pietro</name>
        <address>Via Coatit 2  07014 Ozieri (SS)</address>
        <description>Via Coatit 2  07014 Ozieri (SS)</description>
        <styleUrl>#icon-1899-0288D1</styleUrl>
      </Placemark>
      <Placemark>
        <name>Deiana Trasporti S.R.L.</name>
        <address>Via Bari 10  07029 Tempio Pausania (SS)</address>
        <description>Via Bari 10  07029 Tempio Pausania (SS)</description>
        <styleUrl>#icon-1899-0288D1</styleUrl>
      </Placemark>
      <Placemark>
        <name><![CDATA[Deiana Ugo Ignazio & C. s.n.c.]]></name>
        <address>Loc. Marinella Marana  07020 Golfo Aranci (OT)</address>
        <description>Loc. Marinella Marana  07020 Golfo Aranci (OT)</description>
        <styleUrl>#icon-1899-0288D1</styleUrl>
      </Placemark>
      <Placemark>
        <name>Deidda Angelo</name>
        <address>Piazza Medaglia Miracolosa 5  09122 Cagliari (CA)</address>
        <description>Piazza Medaglia Miracolosa 5  09122 Cagliari (CA)</description>
        <styleUrl>#icon-1899-0288D1</styleUrl>
      </Placemark>
      <Placemark>
        <name>Deidda Luigi</name>
        <address>Via Nazionale 74  09039 Villacidro (VS)</address>
        <description>Via Nazionale 74  09039 Villacidro (VS)</description>
        <styleUrl>#icon-1899-0288D1</styleUrl>
      </Placemark>
      <Placemark>
        <name>Delogu Gianni</name>
        <address><![CDATA[via Diaz 54  09045 Quartu Sant'Elena (CA)]]></address>
        <description><![CDATA[via Diaz 54  09045 Quartu Sant'Elena (CA)]]></description>
        <styleUrl>#icon-1899-0288D1</styleUrl>
      </Placemark>
      <Placemark>
        <name>Delogu Service Srl Semplificata</name>
        <address>Via Pasquale Dessanay 103  08100 Nuoro (NU)</address>
        <description>Via Pasquale Dessanay 103  08100 Nuoro (NU)</description>
        <styleUrl>#icon-1899-0288D1</styleUrl>
      </Placemark>
      <Placemark>
        <name>Deltapi srl</name>
        <address>VIII strada Ovest ZI Macchiareddu  09068 Uta (CA)</address>
        <description>VIII strada Ovest ZI Macchiareddu  09068 Uta (CA)</description>
        <styleUrl>#icon-1899-0288D1</styleUrl>
      </Placemark>
      <Placemark>
        <name>Delussu Bruno</name>
        <address>Viale Einstein 60  09048 Sinnai (CA)</address>
        <description>Viale Einstein 60  09048 Sinnai (CA)</description>
        <styleUrl>#icon-1899-0288D1</styleUrl>
      </Placemark>
      <Placemark>
        <name>Delussu Sandro</name>
        <address>Via Don Minzoni 54  08020 Irgoli (NU)</address>
        <description>Via Don Minzoni 54  08020 Irgoli (NU)</description>
        <styleUrl>#icon-1899-0288D1</styleUrl>
      </Placemark>
      <Placemark>
        <name>Dem trasporti Srl</name>
        <address>Via Matteotti 2  09024 Nuraminis (CA)</address>
        <description>Via Matteotti 2  09024 Nuraminis (CA)</description>
        <styleUrl>#icon-1899-0288D1</styleUrl>
      </Placemark>
      <Placemark>
        <name>Demara Nicola</name>
        <address>Via Roma 107  09057 NURAGUS (SU)</address>
        <description>Via Roma 107  09057 NURAGUS (SU)</description>
        <styleUrl>#icon-1899-0288D1</styleUrl>
      </Placemark>
      <Placemark>
        <name>Demm S.R.L.S.</name>
        <address>Via San Benedetto 1  09128 Cagliari (CA)</address>
        <description>Via San Benedetto 1  09128 Cagliari (CA)</description>
        <styleUrl>#icon-1899-0288D1</styleUrl>
      </Placemark>
      <Placemark>
        <name>Demolizioni Congiu S.r.l.</name>
        <description>39.16663552696696, 8.993622868292903</description>
        <styleUrl>#icon-1899-0288D1</styleUrl>
        <Point>
          <coordinates>
            8.9936228682929,39.166635526967,0
          </coordinates>
        </Point>
      </Placemark>
      <Placemark>
        <name>Demontis Giacomino</name>
        <address>via Luigi Cadorna 12  07020 Buddusò (SS)</address>
        <description>via Luigi Cadorna 12  07020 Buddusò (SS)</description>
        <styleUrl>#icon-1899-0288D1</styleUrl>
      </Placemark>
      <Placemark>
        <name>Demurtas Fabio</name>
        <address>Via Milano 21  08040 Girasole (NU)</address>
        <description>Via Milano 21  08040 Girasole (NU)</description>
        <styleUrl>#icon-1899-0288D1</styleUrl>
      </Placemark>
      <Placemark>
        <name>Demurtas S.N.C. di Francesco e Roberto Demurtas</name>
        <address>Via Roma 36  08040 Lotzorai (NU)</address>
        <description>Via Roma 36  08040 Lotzorai (NU)</description>
        <styleUrl>#icon-1899-0288D1</styleUrl>
      </Placemark>
      <Placemark>
        <name>Denotti</name>
        <address><![CDATA[Via A. Catalani 98  09045 Quartu Sant'Elena (CA)]]></address>
        <description><![CDATA[Via A. Catalani 98  09045 Quartu Sant'Elena (CA)]]></description>
        <styleUrl>#icon-1899-0288D1</styleUrl>
      </Placemark>
      <Placemark>
        <name>Denotti Celeste</name>
        <address><![CDATA[Via Ugo Foscolo 38  09045 Quartu Sant'Elena (CA)]]></address>
        <description><![CDATA[Via Ugo Foscolo 38  09045 Quartu Sant'Elena (CA)]]></description>
        <styleUrl>#icon-1899-0288D1</styleUrl>
      </Placemark>
      <Placemark>
        <name>Denotti Daniele</name>
        <address><![CDATA[Via delle Gardenia 4  09045 Quartu Sant'Elena (CA)]]></address>
        <description><![CDATA[Via delle Gardenia 4  09045 Quartu Sant'Elena (CA)]]></description>
        <styleUrl>#icon-1899-0288D1</styleUrl>
      </Placemark>
      <Placemark>
        <name>Denotti Salvatore</name>
        <address><![CDATA[Via Daniele Basciu 16  09045 Quartu Sant'Elena (CA)]]></address>
        <description><![CDATA[Via Daniele Basciu 16  09045 Quartu Sant'Elena (CA)]]></description>
        <styleUrl>#icon-1899-0288D1</styleUrl>
      </Placemark>
      <Placemark>
        <name>Denti Giuseppino Giacomo</name>
        <address>via Galvani 28  07029 Tempio Pausania (SS)</address>
        <description>via Galvani 28  07029 Tempio Pausania (SS)</description>
        <styleUrl>#icon-1899-0288D1</styleUrl>
      </Placemark>
      <Placemark>
        <name>Denti Salvatore</name>
        <address>Via Mattei 18  08020 Ottana (NU)</address>
        <description>Via Mattei 18  08020 Ottana (NU)</description>
        <styleUrl>#icon-1899-0288D1</styleUrl>
      </Placemark>
      <Placemark>
        <name>Dentis Massimo</name>
        <address>Trav. Asproni 2  09010 Portoscuso (CI)</address>
        <description>Trav. Asproni 2  09010 Portoscuso (CI)</description>
        <styleUrl>#icon-1899-0288D1</styleUrl>
      </Placemark>
      <Placemark>
        <name>Deplano Ivaldo</name>
        <address>Via Gaetano Donizetti 33/B  09010 Decimoputzu (SU)</address>
        <description>Via Gaetano Donizetti 33/B  09010 Decimoputzu (SU)</description>
        <styleUrl>#icon-1899-0288D1</styleUrl>
      </Placemark>
      <Placemark>
        <name>Deplano Tonio</name>
        <address>Via Gallura 31  09032 Assemini (CA)</address>
        <description>Via Gallura 31  09032 Assemini (CA)</description>
        <styleUrl>#icon-1899-0288D1</styleUrl>
      </Placemark>
      <Placemark>
        <name>Deriu Marco</name>
        <address>Viale Azuni 151  09075 Santu Lussurgiu (OR)</address>
        <description>Viale Azuni 151  09075 Santu Lussurgiu (OR)</description>
        <styleUrl>#icon-1899-0288D1</styleUrl>
      </Placemark>
      <Placemark>
        <name>Derosas distribuzione bevande s.r.l.</name>
        <address>Via Seychelles 38  07026 Olbia (OT)</address>
        <description>Via Seychelles 38  07026 Olbia (OT)</description>
        <styleUrl>#icon-1899-0288D1</styleUrl>
      </Placemark>
      <Placemark>
        <name>Desogus Danilo</name>
        <address>Via Tintoretto 14  09121 Cagliari (CA)</address>
        <description>Via Tintoretto 14  09121 Cagliari (CA)</description>
        <styleUrl>#icon-1899-0288D1</styleUrl>
      </Placemark>
      <Placemark>
        <name>Dessena Gavino</name>
        <address>Via Adelasia 22  07046 Porto Torres (SS)</address>
        <description>Via Adelasia 22  07046 Porto Torres (SS)</description>
        <styleUrl>#icon-1899-0288D1</styleUrl>
      </Placemark>
      <Placemark>
        <name>Dessena Giancarlo autotrasporti</name>
        <address>Via Roma 71  07030 Florinas (SS)</address>
        <description>Via Roma 71  07030 Florinas (SS)</description>
        <styleUrl>#icon-1899-0288D1</styleUrl>
      </Placemark>
      <Placemark>
        <name>Dessì Aldo</name>
        <address>via Roma 177  09040 Siurgus Donigala (CA)</address>
        <description>via Roma 177  09040 Siurgus Donigala (CA)</description>
        <styleUrl>#icon-1899-0288D1</styleUrl>
      </Placemark>
      <Placemark>
        <name>Dessì Alessandra</name>
        <address>Via Giudicessa Benedetta 8  09041 Dolianova (SU)</address>
        <description>Via Giudicessa Benedetta 8  09041 Dolianova (SU)</description>
        <styleUrl>#icon-1899-0288D1</styleUrl>
      </Placemark>
      <Placemark>
        <name>Dessì Andrea</name>
        <address><![CDATA[Via Rio Sant'Elena 90  09088 Simaxis (OR)]]></address>
        <description><![CDATA[Via Rio Sant'Elena 90  09088 Simaxis (OR)]]></description>
        <styleUrl>#icon-1899-0288D1</styleUrl>
      </Placemark>
      <Placemark>
        <name>Dessì Francesco Antonio</name>
        <address>Via San Sperate 229  09028 Sestu (CA)</address>
        <description>Via San Sperate 229  09028 Sestu (CA)</description>
        <styleUrl>#icon-1899-0288D1</styleUrl>
      </Placemark>
      <Placemark>
        <name>Dessì Giampaolo</name>
        <address>S.S. 387 KM 600  09042 Monserrato (CA)</address>
        <description>S.S. 387 KM 600  09042 Monserrato (CA)</description>
        <styleUrl>#icon-1899-0288D1</styleUrl>
      </Placemark>
      <Placemark>
        <name>Dessi Gianmario</name>
        <address>Via Funtana manna 9  09080 Ula tirso (OR)</address>
        <description>Via Funtana manna 9  09080 Ula tirso (OR)</description>
        <styleUrl>#icon-1899-0288D1</styleUrl>
      </Placemark>
      <Placemark>
        <name>Dessì Pier Giuseppe</name>
        <address>Via Ariosto 23  09041 Dolianova (CA)</address>
        <description>Via Ariosto 23  09041 Dolianova (CA)</description>
        <styleUrl>#icon-1899-0288D1</styleUrl>
      </Placemark>
      <Placemark>
        <name>Dettori Gianfranco</name>
        <address>Via Gino Satta 16  08100 Nuoro (NU)</address>
        <description>Via Gino Satta 16  08100 Nuoro (NU)</description>
        <styleUrl>#icon-1899-0288D1</styleUrl>
      </Placemark>
      <Placemark>
        <name>Dettori Pietro Michele</name>
        <address>Via Giovanni XXIII 50  07010 Nule (SS)</address>
        <description>Via Giovanni XXIII 50  07010 Nule (SS)</description>
        <styleUrl>#icon-1899-0288D1</styleUrl>
      </Placemark>
      <Placemark>
        <name>DFM srl</name>
        <address>via A. Einstein 7  09126 Cagliari (CA)</address>
        <description>via A. Einstein 7  09126 Cagliari (CA)</description>
        <styleUrl>#icon-1899-0288D1</styleUrl>
      </Placemark>
      <Placemark>
        <name>Di Caro Giuseppe</name>
        <address>Corso Europa 43  09038 Serramanna (SU)</address>
        <description>Corso Europa 43  09038 Serramanna (SU)</description>
        <styleUrl>#icon-1899-0288D1</styleUrl>
      </Placemark>
      <Placemark>
        <name>Di Caro Tomaso</name>
        <address><![CDATA[Via Dell'Angelo 20  09038 Serramanna (SU)]]></address>
        <description><![CDATA[Via Dell'Angelo 20  09038 Serramanna (SU)]]></description>
        <styleUrl>#icon-1899-0288D1</styleUrl>
      </Placemark>
      <Placemark>
        <name>Di Caro Trasporti di Basilio Di Caro</name>
        <address>vico Pavese 6  09038 Serramanna (SU)</address>
        <description>vico Pavese 6  09038 Serramanna (SU)</description>
        <styleUrl>#icon-1899-0288D1</styleUrl>
      </Placemark>
      <Placemark>
        <name>Di Rosolini Giovanni</name>
        <address>Via Della Reppublica 3  09068 Uta (CA)</address>
        <description>Via Della Reppublica 3  09068 Uta (CA)</description>
        <styleUrl>#icon-1899-0288D1</styleUrl>
      </Placemark>
      <Placemark>
        <name>DI.VI.DI. srl</name>
        <address>Via Nuoro 76/B c/o COSIR srl  09125 Cagliari (CA)</address>
        <description>Via Nuoro 76/B c/o COSIR srl  09125 Cagliari (CA)</description>
        <styleUrl>#icon-1899-0288D1</styleUrl>
      </Placemark>
      <Placemark>
        <name>Diana Orlando eredi S.r.l.</name>
        <address>Viale Rinascita 24  09027 Serrenti (VS)</address>
        <description>Viale Rinascita 24  09027 Serrenti (VS)</description>
        <styleUrl>#icon-1899-0288D1</styleUrl>
      </Placemark>
      <Placemark>
        <name>Diego Arisio</name>
        <address><![CDATA[Loc. perd'e Mesu  09092 Arborea (OR)]]></address>
        <description><![CDATA[Loc. perd'e Mesu  09092 Arborea (OR)]]></description>
        <styleUrl>#icon-1899-0288D1</styleUrl>
      </Placemark>
      <Placemark>
        <name>Difar Srl</name>
        <address>Loc. La Ricciolina  07024 La Maddalena (SS)</address>
        <description>Loc. La Ricciolina  07024 La Maddalena (SS)</description>
        <styleUrl>#icon-1899-0288D1</styleUrl>
      </Placemark>
      <Placemark>
        <name><![CDATA[Digital System di Daniele Serpi & C. sas]]></name>
        <address>viale Monastir 209  09124 Cagliari (CA)</address>
        <description>viale Monastir 209  09124 Cagliari (CA)</description>
        <styleUrl>#icon-1899-0288D1</styleUrl>
      </Placemark>
      <Placemark>
        <name>Distinto Marco</name>
        <address>Via Newton 1  09028 Sestu (CA)</address>
        <description>Via Newton 1  09028 Sestu (CA)</description>
        <styleUrl>#icon-1899-0288D1</styleUrl>
      </Placemark>
      <Placemark>
        <name><![CDATA[Ditta B & C di Sale Elena]]></name>
        <address>via Tola 2  08022 Dorgali (NU)</address>
        <description>via Tola 2  08022 Dorgali (NU)</description>
        <styleUrl>#icon-1899-0288D1</styleUrl>
      </Placemark>
      <Placemark>
        <name>Ditta Beccu Donatello Trasporti</name>
        <address>Corso Vittorio Emanuele 205  07020 Buddusò (SS)</address>
        <description>Corso Vittorio Emanuele 205  07020 Buddusò (SS)</description>
        <styleUrl>#icon-1899-0288D1</styleUrl>
      </Placemark>
      <Placemark>
        <name>Ditta Carboni Pietro</name>
        <address>Viale Gramsci 20  07010 Cossoine (SS)</address>
        <description>Viale Gramsci 20  07010 Cossoine (SS)</description>
        <styleUrl>#icon-1899-0288D1</styleUrl>
      </Placemark>
      <Placemark>
        <name>Ditta Carta Attilio</name>
        <address><![CDATA[via Bonu 1  09045 Quartu Sant'Elena (CA)]]></address>
        <description><![CDATA[via Bonu 1  09045 Quartu Sant'Elena (CA)]]></description>
        <styleUrl>#icon-1899-0288D1</styleUrl>
      </Placemark>
      <Placemark>
        <name>Ditta Casu Elias</name>
        <address>Via Nazionale250  07051 Budoni (SS)</address>
        <description>Via Nazionale250  07051 Budoni (SS)</description>
        <styleUrl>#icon-1899-0288D1</styleUrl>
      </Placemark>
      <Placemark>
        <name>Ditta Coronas Andrea</name>
        <address>Via Montalbo 62  08029 Siniscola (NU)</address>
        <description>Via Montalbo 62  08029 Siniscola (NU)</description>
        <styleUrl>#icon-1899-0288D1</styleUrl>
      </Placemark>
      <Placemark>
        <name>Ditta Corsetti Marino</name>
        <address>Via Pegaso 27 Zona ind. Sa Stoia  09016 Iglesias (SU)</address>
        <description>Via Pegaso 27 Zona ind. Sa Stoia  09016 Iglesias (SU)</description>
        <styleUrl>#icon-1899-0288D1</styleUrl>
      </Placemark>
      <Placemark>
        <name>Ditta Dessì Efisio</name>
        <address>via Marmilla 25  09032 Assemini (CA)</address>
        <description>via Marmilla 25  09032 Assemini (CA)</description>
        <styleUrl>#icon-1899-0288D1</styleUrl>
      </Placemark>
      <Placemark>
        <name>Ditta Dessì Lucia</name>
        <address>Via del Commercio Z. Artigianale  09072 Cabras (OR)</address>
        <description>Via del Commercio Z. Artigianale  09072 Cabras (OR)</description>
        <styleUrl>#icon-1899-0288D1</styleUrl>
      </Placemark>
      <Placemark>
        <name>Ditta Faa Franco</name>
        <address>Via Masone Pardu snc  09040 Castiadas (SU)</address>
        <description>Via Masone Pardu snc  09040 Castiadas (SU)</description>
        <styleUrl>#icon-1899-0288D1</styleUrl>
      </Placemark>
      <Placemark>
        <name>Ditta Giacu Luigi</name>
        <address>Viale Europa N°7  08040 Arzana (NU)</address>
        <description>Viale Europa N°7  08040 Arzana (NU)</description>
        <styleUrl>#icon-1899-0288D1</styleUrl>
      </Placemark>
      <Placemark>
        <name>Ditta Lai Gianni</name>
        <address>Via Manzoni 7  08030 Gergei (CA)</address>
        <description>Via Manzoni 7  08030 Gergei (CA)</description>
        <styleUrl>#icon-1899-0288D1</styleUrl>
      </Placemark>
      <Placemark>
        <name>Ditta Lucio Pinna</name>
        <address>Zona industriale ex comparto irev  09039 Villacidro (VS)</address>
        <description>Zona industriale ex comparto irev  09039 Villacidro (VS)</description>
        <styleUrl>#icon-1899-0288D1</styleUrl>
      </Placemark>
      <Placemark>
        <name>Ditta Marco Farci</name>
        <address>via Madonna del Carmine 37  09024 Nuraminis (SU)</address>
        <description>via Madonna del Carmine 37  09024 Nuraminis (SU)</description>
        <styleUrl>#icon-1899-0288D1</styleUrl>
      </Placemark>
      <Placemark>
        <name>Ditta Mario Floris</name>
        <address>Località Monte terli  08048 Tortolì (NU)</address>
        <description>Località Monte terli  08048 Tortolì (NU)</description>
        <styleUrl>#icon-1899-0288D1</styleUrl>
      </Placemark>
      <Placemark>
        <name>Ditta Mascia Pietro</name>
        <address>Loc. Picciu Eccis 2  09040 Guamaggiore (CA)</address>
        <description>Loc. Picciu Eccis 2  09040 Guamaggiore (CA)</description>
        <styleUrl>#icon-1899-0288D1</styleUrl>
      </Placemark>
      <Placemark>
        <name>Ditta Massimo Usala</name>
        <address>Via G.Marconi 31  09040 Armungia (SU)</address>
        <description>Via G.Marconi 31  09040 Armungia (SU)</description>
        <styleUrl>#icon-1899-0288D1</styleUrl>
      </Placemark>
      <Placemark>
        <name>Ditta Melis Benito Di Melis M.F.</name>
        <address>Z. I. Predda Niedda Strada 40 c/o dep. Algida  07100 Sassari (SS)</address>
        <description>Z. I. Predda Niedda Strada 40 c/o dep. Algida  07100 Sassari (SS)</description>
        <styleUrl>#icon-1899-0288D1</styleUrl>
      </Placemark>
      <Placemark>
        <name>Ditta Meloni Giuseppe</name>
        <address>via dei Templari 2 - Località Ovilò  07020 Loiri Porto San Paolo (OT)</address>
        <description>via dei Templari 2 - Località Ovilò  07020 Loiri Porto San Paolo (OT)</description>
        <styleUrl>#icon-1899-0288D1</styleUrl>
      </Placemark>
      <Placemark>
        <name>Ditta Orgiu Mario</name>
        <address>Via Emilia 2  09056 Isili (SU)</address>
        <description>Via Emilia 2  09056 Isili (SU)</description>
        <styleUrl>#icon-1899-0288D1</styleUrl>
      </Placemark>
      <Placemark>
        <name>Ditta Pescheria di Roberto Filippino</name>
        <address>Via Venezia 21  09033 Decimomannu (CA)</address>
        <description>Via Venezia 21  09033 Decimomannu (CA)</description>
        <styleUrl>#icon-1899-0288D1</styleUrl>
      </Placemark>
      <Placemark>
        <name>Ditta Valerio Beccu</name>
        <description>40.578723683827945, 9.252342156702964</description>
        <styleUrl>#icon-1899-0288D1</styleUrl>
        <Point>
          <coordinates>
            9.25234215670296,40.5787236838279,0
          </coordinates>
        </Point>
      </Placemark>
      <Placemark>
        <name>Ditta Zucca Sandro</name>
        <address>Via Quartu 18  09048 Sinnai (CA)</address>
        <description>Via Quartu 18  09048 Sinnai (CA)</description>
        <styleUrl>#icon-1899-0288D1</styleUrl>
      </Placemark>
      <Placemark>
        <name>Divelop srl</name>
        <address>via Alghero 51  09127 Cagliari (CA)</address>
        <description>via Alghero 51  09127 Cagliari (CA)</description>
        <styleUrl>#icon-1899-0288D1</styleUrl>
      </Placemark>
      <Placemark>
        <name>Dml Mascia S.R.L.</name>
        <address>Via Giovanni Battista Tuveri 54/B  09129 Cagliari (CA)</address>
        <description>Via Giovanni Battista Tuveri 54/B  09129 Cagliari (CA)</description>
        <styleUrl>#icon-1899-0288D1</styleUrl>
      </Placemark>
      <Placemark>
        <name>DMP di Pietro Manis e C s.a.s.</name>
        <address>Via Rinaldo Loi 21  09010 Cortoghiana (CI)</address>
        <description>Via Rinaldo Loi 21  09010 Cortoghiana (CI)</description>
        <styleUrl>#icon-1899-0288D1</styleUrl>
      </Placemark>
      <Placemark>
        <name><![CDATA[Do & Da S.R.L.S.]]></name>
        <address>Via Giosuè Carducci 5  09128 Cagliari (CA)</address>
        <description>Via Giosuè Carducci 5  09128 Cagliari (CA)</description>
        <styleUrl>#icon-1899-0288D1</styleUrl>
      </Placemark>
      <Placemark>
        <name>Doi Giovanni Luigi</name>
        <address>Via Gramsci 76  08032 Desulo (NU)</address>
        <description>Via Gramsci 76  08032 Desulo (NU)</description>
        <styleUrl>#icon-1899-0288D1</styleUrl>
      </Placemark>
      <Placemark>
        <name><![CDATA[DOL.PA. snc di Pala Giuseppe & C.]]></name>
        <address>Loc. Zona Industriale  07029 Tempio Pausania (SS)</address>
        <description>Loc. Zona Industriale  07029 Tempio Pausania (SS)</description>
        <styleUrl>#icon-1899-0288D1</styleUrl>
      </Placemark>
      <Placemark>
        <name>Dolmen trasporti Soc. Coop</name>
        <address>Via G. Carducci  09128 Cagliari (CA)</address>
        <description>Via G. Carducci  09128 Cagliari (CA)</description>
        <styleUrl>#icon-1899-0288D1</styleUrl>
      </Placemark>
      <Placemark>
        <name>Dolomiti Ambiente S.R.L.</name>
        <address>Via Giuseppe Garibaldi 61  09016 Iglesias (SU)</address>
        <description>Via Giuseppe Garibaldi 61  09016 Iglesias (SU)</description>
        <styleUrl>#icon-1899-0288D1</styleUrl>
      </Placemark>
      <Placemark>
        <name>Dore Giuseppa Autotrasporti</name>
        <address>Via Cagliari 8  07047 Thiesi (SS)</address>
        <description>Via Cagliari 8  07047 Thiesi (SS)</description>
        <styleUrl>#icon-1899-0288D1</styleUrl>
      </Placemark>
      <Placemark>
        <name>Dore Mario Autotr. Lavor. Agric.</name>
        <address>via San Giovanni 56  07044 Ittiri (SS)</address>
        <description>via San Giovanni 56  07044 Ittiri (SS)</description>
        <styleUrl>#icon-1899-0288D1</styleUrl>
      </Placemark>
      <Placemark>
        <name>Dore Trasporti srl</name>
        <address>Zona Industriale S.S. 131 bis Km 5  07047 Thiesi (SS)</address>
        <description>Zona Industriale S.S. 131 bis Km 5  07047 Thiesi (SS)</description>
        <styleUrl>#icon-1899-0288D1</styleUrl>
      </Placemark>
      <Placemark>
        <name>DP Oleodinamic di Daniele Piana</name>
        <address>Via Anglona 14  07036 Sennori (SS)</address>
        <description>Via Anglona 14  07036 Sennori (SS)</description>
        <styleUrl>#icon-1899-0288D1</styleUrl>
      </Placemark>
      <Placemark>
        <name>Dsd - Derattizzazioni - Sanificazioni - Disinfestazioni SRL</name>
        <address>Via Alessandro Fleming 8  09126 Cagliari (CA)</address>
        <description>Via Alessandro Fleming 8  09126 Cagliari (CA)</description>
        <styleUrl>#icon-1899-0288D1</styleUrl>
      </Placemark>
      <Placemark>
        <name>Duai S.R.L.S.</name>
        <address>Corso Vittorio Emanuele Ii 214  09123 Cagliari (CA)</address>
        <description>Corso Vittorio Emanuele Ii 214  09123 Cagliari (CA)</description>
        <styleUrl>#icon-1899-0288D1</styleUrl>
      </Placemark>
      <Placemark>
        <name>Due A Logistica Srls</name>
        <address>Via Trento 5  07012 Bonorva (SS)</address>
        <description>Via Trento 5  07012 Bonorva (SS)</description>
        <styleUrl>#icon-1899-0288D1</styleUrl>
      </Placemark>
      <Placemark>
        <name>Due F di Francesco Fiorito</name>
        <address>Via Cagliari 47/49  09013 Carbonia (CA)</address>
        <description>Via Cagliari 47/49  09013 Carbonia (CA)</description>
        <styleUrl>#icon-1899-0288D1</styleUrl>
      </Placemark>
      <Placemark>
        <name>Duras Group Azienda Agricola S.S</name>
        <address>Via Acquedotto 20  08023 Fonni (NU)</address>
        <description>Via Acquedotto 20  08023 Fonni (NU)</description>
        <styleUrl>#icon-1899-0288D1</styleUrl>
      </Placemark>
      <Placemark>
        <name>Durzu Chiara</name>
        <address>Via Giotto 17  09121 Cagliari (CA)</address>
        <description>Via Giotto 17  09121 Cagliari (CA)</description>
        <styleUrl>#icon-1899-0288D1</styleUrl>
      </Placemark>
      <Placemark>
        <name>Duville Alexandro</name>
        <address>Via Vitt. Emanuele 42  09033 Decimomannu (CA)</address>
        <description>Via Vitt. Emanuele 42  09033 Decimomannu (CA)</description>
        <styleUrl>#icon-1899-0288D1</styleUrl>
      </Placemark>
      <Placemark>
        <name>Duville Donatella</name>
        <address>Via Baronia 31  09121 Cagliari (CA)</address>
        <description>Via Baronia 31  09121 Cagliari (CA)</description>
        <styleUrl>#icon-1899-0288D1</styleUrl>
      </Placemark>
      <Placemark>
        <name>Duville Edisman</name>
        <address>Via Il Tintetto 14  09121 Cagliari (CA)</address>
        <description>Via Il Tintetto 14  09121 Cagliari (CA)</description>
        <styleUrl>#icon-1899-0288D1</styleUrl>
      </Placemark>
      <Placemark>
        <name>Dvs Trasporti di Daniele Scalas S.N.C.</name>
        <address>Via Don Mario Floris 4  09034 Villasor (SU)</address>
        <description>Via Don Mario Floris 4  09034 Villasor (SU)</description>
        <styleUrl>#icon-1899-0288D1</styleUrl>
      </Placemark>
      <Placemark>
        <name>Dylan Nadaiu</name>
        <address>Via Dante 16  07010 Nule (SS)</address>
        <description>Via Dante 16  07010 Nule (SS)</description>
        <styleUrl>#icon-1899-0288D1</styleUrl>
      </Placemark>
      <Placemark>
        <name><![CDATA[E'-Comune s.r.l]]></name>
        <address>via Dante 44  08100 Nuoro (NU)</address>
        <description>via Dante 44  08100 Nuoro (NU)</description>
        <styleUrl>#icon-1899-0288D1</styleUrl>
      </Placemark>
      <Placemark>
        <name>E.P.C. di Pusceddu Porfirio Srl</name>
        <address>S.S. 388 Km 8600 loc. Cabitzalis  09088 Simaxis (OR)</address>
        <description>S.S. 388 Km 8600 loc. Cabitzalis  09088 Simaxis (OR)</description>
        <styleUrl>#icon-1899-0288D1</styleUrl>
      </Placemark>
      <Placemark>
        <name>E.S.T. Group S.R.L.</name>
        <address><![CDATA[Via Madrid 19  09045 Quartu Sant'Elena (CA)]]></address>
        <description><![CDATA[Via Madrid 19  09045 Quartu Sant'Elena (CA)]]></description>
        <styleUrl>#icon-1899-0288D1</styleUrl>
      </Placemark>
      <Placemark>
        <name>E.U. Costruzioni di Oscar Locci</name>
        <address>via Is Pascais 99  09010 Giba (SU)</address>
        <description>via Is Pascais 99  09010 Giba (SU)</description>
        <styleUrl>#icon-1899-0288D1</styleUrl>
      </Placemark>
      <Placemark>
        <name>Earthy Lines s.r.l.</name>
        <address>Via Virgilio 4  09042 Monserrato (CA)</address>
        <description>Via Virgilio 4  09042 Monserrato (CA)</description>
        <styleUrl>#icon-1899-0288D1</styleUrl>
      </Placemark>
      <Placemark>
        <name>Earthy Lines Service di Ambu Mauro</name>
        <address>Via Orazio n 12  09042 Monserrato (CA)</address>
        <description>Via Orazio n 12  09042 Monserrato (CA)</description>
        <styleUrl>#icon-1899-0288D1</styleUrl>
      </Placemark>
      <Placemark>
        <name>Ecca Mariano</name>
        <address>Via Roma 45  09093 Gonnostramatza (OR)</address>
        <description>Via Roma 45  09093 Gonnostramatza (OR)</description>
        <styleUrl>#icon-1899-0288D1</styleUrl>
      </Placemark>
      <Placemark>
        <name>Eco Olbia s.r.l.</name>
        <address>Zona Ind.le Sett. 4 via Giappone 4  07026 Olbia (OT)</address>
        <description>Zona Ind.le Sett. 4 via Giappone 4  07026 Olbia (OT)</description>
        <styleUrl>#icon-1899-0288D1</styleUrl>
      </Placemark>
      <Placemark>
        <name>Eco Scavi S.R.L.S.</name>
        <address>Regione Monte Terli  Snc  08048 Tortolì (NU)</address>
        <description>Regione Monte Terli  Snc  08048 Tortolì (NU)</description>
        <styleUrl>#icon-1899-0288D1</styleUrl>
      </Placemark>
      <Placemark>
        <name>Eco Service s.r.l.</name>
        <address>Via Sassari 296  09039 Villacidro (SU)</address>
        <description>Via Sassari 296  09039 Villacidro (SU)</description>
        <styleUrl>#icon-1899-0288D1</styleUrl>
      </Placemark>
      <Placemark>
        <name>Eco Silam srl</name>
        <address>ex S.S. 131 Km. 9.200  09028 Sestu (CA)</address>
        <description>ex S.S. 131 Km. 9.200  09028 Sestu (CA)</description>
        <styleUrl>#icon-1899-0288D1</styleUrl>
      </Placemark>
      <Placemark>
        <name>ECO.GE.M.M.A. Srl</name>
        <address>3° Strada Z. I. Macchiareddu  09032 Assemini (CA)</address>
        <description>3° Strada Z. I. Macchiareddu  09032 Assemini (CA)</description>
        <styleUrl>#icon-1899-0288D1</styleUrl>
      </Placemark>
      <Placemark>
        <name>Eco.Ri.Sa. Soc. Coop.</name>
        <address>Corso Italia snc  09092 Arborea (OR)</address>
        <description>Corso Italia snc  09092 Arborea (OR)</description>
        <styleUrl>#icon-1899-0288D1</styleUrl>
      </Placemark>
      <Placemark>
        <name>Eco.Ste.Ma. S.r.l. con socio unico</name>
        <address>Via Giovanni Maria Angioy 3  09034 Villasor (SU)</address>
        <description>Via Giovanni Maria Angioy 3  09034 Villasor (SU)</description>
        <styleUrl>#icon-1899-0288D1</styleUrl>
      </Placemark>
      <Placemark>
        <name>EcoArbatax Srls</name>
        <address>Via Giuseppe Pagano snc  08048 Tortolì (NU)</address>
        <description>Via Giuseppe Pagano snc  08048 Tortolì (NU)</description>
        <styleUrl>#icon-1899-0288D1</styleUrl>
      </Placemark>
      <Placemark>
        <name>Ecocentro Demolizioni S.r.l.</name>
        <address>Via I Maggio 3  08028 Orosei (NU)</address>
        <description>Via I Maggio 3  08028 Orosei (NU)</description>
        <styleUrl>#icon-1899-0288D1</styleUrl>
      </Placemark>
      <Placemark>
        <name>Ecofor di Giovanni Antonio Delogu</name>
        <address>via Canalis 21  09170 Oristano (OR)</address>
        <description>via Canalis 21  09170 Oristano (OR)</description>
        <styleUrl>#icon-1899-0288D1</styleUrl>
      </Placemark>
      <Placemark>
        <name>Ecogreen Cooperativa Sociale</name>
        <address>Via Curì 30  09010 Siliqua (SU)</address>
        <description>Via Curì 30  09010 Siliqua (SU)</description>
        <styleUrl>#icon-1899-0288D1</styleUrl>
      </Placemark>
      <Placemark>
        <name>Ecologia ed Industria Sardegna S.R.L. *Eco.Ind. Sardegna S.R.L.</name>
        <address>Loc. Grogastu  09032 Assemini (CA)</address>
        <description>Loc. Grogastu  09032 Assemini (CA)</description>
        <styleUrl>#icon-1899-0288D1</styleUrl>
      </Placemark>
      <Placemark>
        <name>Ecologia Olii Esausti S.R.L. Denominazione Abbreviata Ec.O.E. S.R .L.</name>
        <address>Via Segre 4  09067 Elmas (CA)</address>
        <description>Via Segre 4  09067 Elmas (CA)</description>
        <styleUrl>#icon-1899-0288D1</styleUrl>
      </Placemark>
      <Placemark>
        <name>Ecosarda di Vaccaro Angelo</name>
        <address><![CDATA[Z.I. Terr'e Cresia via San Pertini snc  09030 Sardara (SU)]]></address>
        <description><![CDATA[Z.I. Terr'e Cresia via San Pertini snc  09030 Sardara (SU)]]></description>
        <styleUrl>#icon-1899-0288D1</styleUrl>
      </Placemark>
      <Placemark>
        <name>Ecoserdiana S.P.A.</name>
        <address><![CDATA[Via dell'Artigianato 6  09122 Cagliari (CA)]]></address>
        <description><![CDATA[Via dell'Artigianato 6  09122 Cagliari (CA)]]></description>
        <styleUrl>#icon-1899-0288D1</styleUrl>
      </Placemark>
      <Placemark>
        <name>Ecotessile Srl</name>
        <address>via Andromeda 5  09016 Iglesias (SU)</address>
        <description>via Andromeda 5  09016 Iglesias (SU)</description>
        <styleUrl>#icon-1899-0288D1</styleUrl>
      </Placemark>
      <Placemark>
        <name>Ecotrasporti di Porta Gian Luca e C. S.N.C.</name>
        <address>Via delle Mimose 9  09040 San Vito (SU)</address>
        <description>Via delle Mimose 9  09040 San Vito (SU)</description>
        <styleUrl>#icon-1899-0288D1</styleUrl>
      </Placemark>
      <Placemark>
        <name>Ecotrexenta srl</name>
        <address>via G. Atzeni 40  09040 Senorbì (SU)</address>
        <description>via G. Atzeni 40  09040 Senorbì (SU)</description>
        <styleUrl>#icon-1899-0288D1</styleUrl>
      </Placemark>
      <Placemark>
        <name>Ed Transport S.R.L.S.</name>
        <description>39.48452123518762, 8.910385194992084</description>
        <styleUrl>#icon-1899-0288D1</styleUrl>
        <Point>
          <coordinates>
            8.91038519499208,39.4845212351876,0
          </coordinates>
        </Point>
      </Placemark>
      <Placemark>
        <name>ED.I.CO.M. SRL</name>
        <address>Z.I. Predda Niedda 7 Str. 2  07100 Sassari (SS)</address>
        <description>Z.I. Predda Niedda 7 Str. 2  07100 Sassari (SS)</description>
        <styleUrl>#icon-1899-0288D1</styleUrl>
      </Placemark>
      <Placemark>
        <name>Edil Piras Srl</name>
        <address>Via Baccasara km 1500  08048 Tortolì (NU)</address>
        <description>Via Baccasara km 1500  08048 Tortolì (NU)</description>
        <styleUrl>#icon-1899-0288D1</styleUrl>
      </Placemark>
      <Placemark>
        <name>Edil Proget Srl</name>
        <address>Via A. Fleming 2A  09126 Cagliari (CA)</address>
        <description>Via A. Fleming 2A  09126 Cagliari (CA)</description>
        <styleUrl>#icon-1899-0288D1</styleUrl>
      </Placemark>
      <Placemark>
        <name>Edil Ricicli S.R.L.</name>
        <address>Z.I. Strada C2 bis  09039 Villacidro (SU)</address>
        <description>Z.I. Strada C2 bis  09039 Villacidro (SU)</description>
        <styleUrl>#icon-1899-0288D1</styleUrl>
      </Placemark>
      <Placemark>
        <name>Edil Sanlurese Srl</name>
        <address>Via Giacomo Leopardi 1  09025 Sanluri (SU)</address>
        <description>Via Giacomo Leopardi 1  09025 Sanluri (SU)</description>
        <styleUrl>#icon-1899-0288D1</styleUrl>
      </Placemark>
      <Placemark>
        <name>Edil Sarda Costruzioni di Baldo Roberto</name>
        <address>Via Oristano 160  09094 Marrubiu (OR)</address>
        <description>Via Oristano 160  09094 Marrubiu (OR)</description>
        <styleUrl>#icon-1899-0288D1</styleUrl>
      </Placemark>
      <Placemark>
        <name>Edil Si.Me. S.R.L.S. Denominazione Abbreviata Edil Si.Me. Srls</name>
        <address>Via Einstein 4/A  09040 Selegas (CA)</address>
        <description>Via Einstein 4/A  09040 Selegas (CA)</description>
        <styleUrl>#icon-1899-0288D1</styleUrl>
      </Placemark>
      <Placemark>
        <name>EDIL. SAR. S.r.l. del Geom. I. Marteddu</name>
        <address>S.P. N° 13 KM 2700  09015 Domusnovas (SU)</address>
        <description>S.P. N° 13 KM 2700  09015 Domusnovas (SU)</description>
        <styleUrl>#icon-1899-0288D1</styleUrl>
      </Placemark>
      <Placemark>
        <name><![CDATA[Edil.Fer. di Pier Luigi Putzu e Jonata Angioni & C. s.a.s.]]></name>
        <address>Via Provinciale 3  09010 Domus de Maria (CA)</address>
        <description>Via Provinciale 3  09010 Domus de Maria (CA)</description>
        <styleUrl>#icon-1899-0288D1</styleUrl>
      </Placemark>
      <Placemark>
        <name>Edilcasa di Melis S.R.L.</name>
        <address>Via Roma 62  09013 Carbonia (SU)</address>
        <description>Via Roma 62  09013 Carbonia (SU)</description>
        <styleUrl>#icon-1899-0288D1</styleUrl>
      </Placemark>
      <Placemark>
        <name>Edilfabbro Srl</name>
        <address>S.S. 130 km 13800  09033 Decimomannu (CA)</address>
        <description>S.S. 130 km 13800  09033 Decimomannu (CA)</description>
        <styleUrl>#icon-1899-0288D1</styleUrl>
      </Placemark>
      <Placemark>
        <name><![CDATA[Edilizia Gavino Meloni S.N.C. di Meloni Alberto & C.]]></name>
        <address>Via Uguaglianza 48  07018 Pozzomaggiore (SS)</address>
        <description>Via Uguaglianza 48  07018 Pozzomaggiore (SS)</description>
        <styleUrl>#icon-1899-0288D1</styleUrl>
      </Placemark>
      <Placemark>
        <name>Edilizia Loi di Loi Fabrizio srl</name>
        <address>Via Carloforte 2  09030 Elmas (CA)</address>
        <description>Via Carloforte 2  09030 Elmas (CA)</description>
        <styleUrl>#icon-1899-0288D1</styleUrl>
      </Placemark>
      <Placemark>
        <name>Edilizia Oggi dei F.lli Puliga Snc</name>
        <address>Via Regina Magherita 148  09070 San Vero Milis (OR)</address>
        <description>Via Regina Magherita 148  09070 San Vero Milis (OR)</description>
        <styleUrl>#icon-1899-0288D1</styleUrl>
      </Placemark>
      <Placemark>
        <name><![CDATA[Edilizia Sas di Carlo Floris & C.]]></name>
        <address>Via Aldo Moro 8  09029 Tuili (VS)</address>
        <description>Via Aldo Moro 8  09029 Tuili (VS)</description>
        <styleUrl>#icon-1899-0288D1</styleUrl>
      </Placemark>
      <Placemark>
        <name>Edilmarket di Salis Rosa e Antonio s.a.s.</name>
        <address>Corso Umberto I 85  08044 Jerzu (OG)</address>
        <description>Corso Umberto I 85  08044 Jerzu (OG)</description>
        <styleUrl>#icon-1899-0288D1</styleUrl>
      </Placemark>
      <Placemark>
        <name>Edilmorittu snc</name>
        <address>S.S 129 KM 82.200  08017 Silanus (NU)</address>
        <description>S.S 129 KM 82.200  08017 Silanus (NU)</description>
        <styleUrl>#icon-1899-0288D1</styleUrl>
      </Placemark>
      <Placemark>
        <name>Edimar S.R.L.S.</name>
        <address>Loc. Bau Mannu  09012 Capoterra (CA)</address>
        <description>Loc. Bau Mannu  09012 Capoterra (CA)</description>
        <styleUrl>#icon-1899-0288D1</styleUrl>
      </Placemark>
      <Placemark>
        <name>Effe Ambiente S.R.L.</name>
        <address>Via San Lucifero 31  09125 Cagliari (CA)</address>
        <description>Via San Lucifero 31  09125 Cagliari (CA)</description>
        <styleUrl>#icon-1899-0288D1</styleUrl>
      </Placemark>
      <Placemark>
        <name>Effe.Gi Autotrasporti Srls</name>
        <address>Via Pietro Nenni 2  09026 San Sperate (SU)</address>
        <description>Via Pietro Nenni 2  09026 San Sperate (SU)</description>
        <styleUrl>#icon-1899-0288D1</styleUrl>
      </Placemark>
      <Placemark>
        <name>Elektra Service di Maccioni Marco</name>
        <address>Località Su Rei  09013 Carbonia (SU)</address>
        <description>Località Su Rei  09013 Carbonia (SU)</description>
        <styleUrl>#icon-1899-0288D1</styleUrl>
      </Placemark>
      <Placemark>
        <name><![CDATA[Elettrauto Franco Piras & Figli sas]]></name>
        <address>via Ott. Augusto 85  09028 Sestu (CA)</address>
        <description>via Ott. Augusto 85  09028 Sestu (CA)</description>
        <styleUrl>#icon-1899-0288D1</styleUrl>
      </Placemark>
      <Placemark>
        <name>Elettrica Servizi di Serra Giorgio</name>
        <address>via Spartivento 5  09019 Teulada (CA)</address>
        <description>via Spartivento 5  09019 Teulada (CA)</description>
        <styleUrl>#icon-1899-0288D1</styleUrl>
      </Placemark>
      <Placemark>
        <name>Elettrocar di Calvia Caterina eredi di Calvia Adriana</name>
        <address>Viale Porto Torres 23  07100 Sassari (SS)</address>
        <description>Viale Porto Torres 23  07100 Sassari (SS)</description>
        <styleUrl>#icon-1899-0288D1</styleUrl>
      </Placemark>
      <Placemark>
        <name>Elettroclima Sas</name>
        <address>Via Sebastiano Satta 13  07040 Olmedo (SS)</address>
        <description>Via Sebastiano Satta 13  07040 Olmedo (SS)</description>
        <styleUrl>#icon-1899-0288D1</styleUrl>
      </Placemark>
      <Placemark>
        <name>Elettrosistem di Sanna Tonio</name>
        <address>via Torino 18  09030 Sardara (VS)</address>
        <description>via Torino 18  09030 Sardara (VS)</description>
        <styleUrl>#icon-1899-0288D1</styleUrl>
      </Placemark>
      <Placemark>
        <name>Elidomare srl</name>
        <address>viale Monastir Km 15300  09026 San Sperate (CA)</address>
        <description>viale Monastir Km 15300  09026 San Sperate (CA)</description>
        <styleUrl>#icon-1899-0288D1</styleUrl>
      </Placemark>
      <Placemark>
        <name>Elk Impianti S.R.L.</name>
        <address>Via dei Carroz 12/A  09131 Cagliari (CA)</address>
        <description>Via dei Carroz 12/A  09131 Cagliari (CA)</description>
        <styleUrl>#icon-1899-0288D1</styleUrl>
      </Placemark>
      <Placemark>
        <name>Ellezeta Office S.R.L.</name>
        <address>Viale Umberto Ticca 11  09122 Cagliari (CA)</address>
        <description>Viale Umberto Ticca 11  09122 Cagliari (CA)</description>
        <styleUrl>#icon-1899-0288D1</styleUrl>
      </Placemark>
      <Placemark>
        <name>Elmas Trasporti SRL</name>
        <address>località Sa Narba snc  09030 Elmas (CA)</address>
        <description>località Sa Narba snc  09030 Elmas (CA)</description>
        <styleUrl>#icon-1899-0288D1</styleUrl>
      </Placemark>
      <Placemark>
        <name>Ely Sistemi Project S.R.L.</name>
        <address>Via Renzo Laconi 18  09122 Cagliari (CA)</address>
        <description>Via Renzo Laconi 18  09122 Cagliari (CA)</description>
        <styleUrl>#icon-1899-0288D1</styleUrl>
      </Placemark>
      <Placemark>
        <name>Ely Transport srl</name>
        <address>via Regina Margherita 26  09124 Cagliari (CA)</address>
        <description>via Regina Margherita 26  09124 Cagliari (CA)</description>
        <styleUrl>#icon-1899-0288D1</styleUrl>
      </Placemark>
      <Placemark>
        <name>EM Service Srl</name>
        <address>Viale Ciusa  46  09131 Cagliari (CA)</address>
        <description>Viale Ciusa  46  09131 Cagliari (CA)</description>
        <styleUrl>#icon-1899-0288D1</styleUrl>
      </Placemark>
      <Placemark>
        <name>Emanuele Fortini</name>
        <address>Via Predda Niedda Strada 39/56 c/o SDA Express Courier  07100 Sassari (SS)</address>
        <description>Via Predda Niedda Strada 39/56 c/o SDA Express Courier  07100 Sassari (SS)</description>
        <styleUrl>#icon-1899-0288D1</styleUrl>
      </Placemark>
      <Placemark>
        <name>Emanuelle S.R.L.</name>
        <address>Via Livenza 1  09122 Cagliari (CA)</address>
        <description>Via Livenza 1  09122 Cagliari (CA)</description>
        <styleUrl>#icon-1899-0288D1</styleUrl>
      </Placemark>
      <Placemark>
        <name>EMC2 Trasporti Srl</name>
        <address>S.L. Via Andrea Galassi 2  09131 Cagliari (CA)</address>
        <description>S.L. Via Andrea Galassi 2  09131 Cagliari (CA)</description>
        <styleUrl>#icon-1899-0288D1</styleUrl>
      </Placemark>
      <Placemark>
        <name>Emme Frutta S.R.L.</name>
        <address>Z. I. Predda Niedda Nord - Merc. Agroalim. Box 14  07100 Sassari (SS)</address>
        <description>Z. I. Predda Niedda Nord - Merc. Agroalim. Box 14  07100 Sassari (SS)</description>
        <styleUrl>#icon-1899-0288D1</styleUrl>
      </Placemark>
      <Placemark>
        <name>Emme P Autotrasporti di Pusceddu Marco</name>
        <address>Via Montanaru 24  09048 Sinnai (CA)</address>
        <description>Via Montanaru 24  09048 Sinnai (CA)</description>
        <styleUrl>#icon-1899-0288D1</styleUrl>
      </Placemark>
      <Placemark>
        <name><![CDATA[Emme Transport & Service S.R.L.S.]]></name>
        <address>Via Veneto 20  09023 Monastir (CA)</address>
        <description>Via Veneto 20  09023 Monastir (CA)</description>
        <styleUrl>#icon-1899-0288D1</styleUrl>
      </Placemark>
      <Placemark>
        <name>Emme Truck Group Srls</name>
        <address>Via delle Miniere snc  09067 Elmas (CA)</address>
        <description>Via delle Miniere snc  09067 Elmas (CA)</description>
        <styleUrl>#icon-1899-0288D1</styleUrl>
      </Placemark>
      <Placemark>
        <name><![CDATA[Emmepi Autotrasporti sas di Masuli Antonio & C]]></name>
        <address>Via Dessanay 119  08100 Nuoro (NU)</address>
        <description>Via Dessanay 119  08100 Nuoro (NU)</description>
        <styleUrl>#icon-1899-0288D1</styleUrl>
      </Placemark>
      <Placemark>
        <name>Emp Officina Meccatronica Snc di Mannu E. e Porcheddu M.</name>
        <address>Località Sa Tanchitta  07047 Thiesi (SS)</address>
        <description>Località Sa Tanchitta  07047 Thiesi (SS)</description>
        <styleUrl>#icon-1899-0288D1</styleUrl>
      </Placemark>
      <Placemark>
        <name>Ena Giuseppe Autotrasporti</name>
        <address>Corso Vitt. Veneto 237  08021 Bitti (NU)</address>
        <description>Corso Vitt. Veneto 237  08021 Bitti (NU)</description>
        <styleUrl>#icon-1899-0288D1</styleUrl>
      </Placemark>
      <Placemark>
        <name>Ena Laura</name>
        <address>via san Giovanni sn  09010 Decimoputzu (SU)</address>
        <description>via san Giovanni sn  09010 Decimoputzu (SU)</description>
        <styleUrl>#icon-1899-0288D1</styleUrl>
      </Placemark>
      <Placemark>
        <name>Enafrutta S.R.L.</name>
        <address>Via La Malfa 23  09010 Decimoputzu (SU)</address>
        <description>Via La Malfa 23  09010 Decimoputzu (SU)</description>
        <styleUrl>#icon-1899-0288D1</styleUrl>
      </Placemark>
      <Placemark>
        <name>Enardu Walter</name>
        <address><![CDATA[Via Sant'antonio 114G  09045 Quartu Sant'Elena (CA)]]></address>
        <description><![CDATA[Via Sant'antonio 114G  09045 Quartu Sant'Elena (CA)]]></description>
        <styleUrl>#icon-1899-0288D1</styleUrl>
      </Placemark>
      <Placemark>
        <name>Engineering Fuel Truck Fuel Bunker Energy Conditioned Air Industry Petroleu</name>
        <address>Viale Monastir Km.5400  09122 Cagliari (CA)</address>
        <description>Viale Monastir Km.5400  09122 Cagliari (CA)</description>
        <styleUrl>#icon-1899-0288D1</styleUrl>
      </Placemark>
      <Placemark>
        <name>Enrico Piras</name>
        <address>Via Umbria 6  09068 Uta (CA)</address>
        <description>Via Umbria 6  09068 Uta (CA)</description>
        <styleUrl>#icon-1899-0288D1</styleUrl>
      </Placemark>
      <Placemark>
        <name>Enrico Sechi</name>
        <address>Via Giovanni XXIII 60  07010 Nule (SS)</address>
        <description>Via Giovanni XXIII 60  07010 Nule (SS)</description>
        <styleUrl>#icon-1899-0288D1</styleUrl>
      </Placemark>
      <Placemark>
        <name>Erbi Simone</name>
        <address>Via Dettori n 22  09039 Villacidro (VS)</address>
        <description>Via Dettori n 22  09039 Villacidro (VS)</description>
        <styleUrl>#icon-1899-0288D1</styleUrl>
      </Placemark>
      <Placemark>
        <name>Eredi Cappai Ugo di Cappai Juri e Isocrate snc</name>
        <address>Via Mauro Rostagno 24  09090 Palmas Arborea (OR)</address>
        <description>Via Mauro Rostagno 24  09090 Palmas Arborea (OR)</description>
        <styleUrl>#icon-1899-0288D1</styleUrl>
      </Placemark>
      <Placemark>
        <name>Eredi Murgia Antonio Srl</name>
        <address>Via Gaetano Salvemini 6  09131 Cagliari (CA)</address>
        <description>Via Gaetano Salvemini 6  09131 Cagliari (CA)</description>
        <styleUrl>#icon-1899-0288D1</styleUrl>
      </Placemark>
      <Placemark>
        <name><![CDATA[Eredi Sini snc di Sini Giovanni & C]]></name>
        <address>via Amendola 38  07037 Sorso (SS)</address>
        <description>via Amendola 38  07037 Sorso (SS)</description>
        <styleUrl>#icon-1899-0288D1</styleUrl>
      </Placemark>
      <Placemark>
        <name>Erre Gross Srl</name>
        <address>S.S. 126 km 95  09036 Guspini (SU)</address>
        <description>S.S. 126 km 95  09036 Guspini (SU)</description>
        <styleUrl>#icon-1899-0288D1</styleUrl>
      </Placemark>
      <Placemark>
        <name>Erriu Eugenio</name>
        <address>Via San Salvatore 44  09040 Settimo San Pietro (CA)</address>
        <description>Via San Salvatore 44  09040 Settimo San Pietro (CA)</description>
        <styleUrl>#icon-1899-0288D1</styleUrl>
      </Placemark>
      <Placemark>
        <name>Erriu Gianmarco</name>
        <address>Via Matteotti37  09048 Sinnai (CA)</address>
        <description>Via Matteotti37  09048 Sinnai (CA)</description>
        <styleUrl>#icon-1899-0288D1</styleUrl>
      </Placemark>
      <Placemark>
        <name>Erriu Simone</name>
        <address>Via San Salvatore 44  09060 Settimo San Pietro (CA)</address>
        <description>Via San Salvatore 44  09060 Settimo San Pietro (CA)</description>
        <styleUrl>#icon-1899-0288D1</styleUrl>
      </Placemark>
      <Placemark>
        <name>Erry Atzeni</name>
        <address>Via Roma 14  09015 Domusnovas (SU)</address>
        <description>Via Roma 14  09015 Domusnovas (SU)</description>
        <styleUrl>#icon-1899-0288D1</styleUrl>
      </Placemark>
      <Placemark>
        <name><![CDATA[Esmeralda Charter & Rent Srl]]></name>
        <address>via Predda Niedda 22/B  07100 Sassari (SS)</address>
        <description>via Predda Niedda 22/B  07100 Sassari (SS)</description>
        <styleUrl>#icon-1899-0288D1</styleUrl>
      </Placemark>
      <Placemark>
        <name>Esposito Pino</name>
        <address>Via Saragat 68  07100 Sassari (SS)</address>
        <description>Via Saragat 68  07100 Sassari (SS)</description>
        <styleUrl>#icon-1899-0288D1</styleUrl>
      </Placemark>
      <Placemark>
        <name>Esprima Costruzioni Soc. Coop. a.r.l.</name>
        <address>Via Regina Margherita 87  07016 Pattada (SS)</address>
        <description>Via Regina Margherita 87  07016 Pattada (SS)</description>
        <styleUrl>#icon-1899-0288D1</styleUrl>
      </Placemark>
      <Placemark>
        <name>Esseazeta Trasporti srl</name>
        <address>via La Vega 7/c  09127 Cagliari (CA)</address>
        <description>via La Vega 7/c  09127 Cagliari (CA)</description>
        <styleUrl>#icon-1899-0288D1</styleUrl>
      </Placemark>
      <Placemark>
        <name>Esseci S.R.L.</name>
        <address>Via San Gottardo 28  09042 Monserrato (CA)</address>
        <description>Via San Gottardo 28  09042 Monserrato (CA)</description>
        <styleUrl>#icon-1899-0288D1</styleUrl>
      </Placemark>
      <Placemark>
        <name>Essegi Autotrasporti Srl</name>
        <address>Via V. Dessì 1/D  07100 Sassari (SS)</address>
        <description>Via V. Dessì 1/D  07100 Sassari (SS)</description>
        <styleUrl>#icon-1899-0288D1</styleUrl>
      </Placemark>
      <Placemark>
        <name>Essenzambiente Srl</name>
        <address>Via Brusco Onnis 96  08100 Nuoro (NU)</address>
        <description>Via Brusco Onnis 96  08100 Nuoro (NU)</description>
        <styleUrl>#icon-1899-0288D1</styleUrl>
      </Placemark>
      <Placemark>
        <name>Essepi di Pintus M.</name>
        <address>loc. Multeddu 29  07031 Castelsardo (SS)</address>
        <description>loc. Multeddu 29  07031 Castelsardo (SS)</description>
        <styleUrl>#icon-1899-0288D1</styleUrl>
      </Placemark>
      <Placemark>
        <name>Etla Costruzioni srl</name>
        <description>39.26455835846063, 9.17339992749633</description>
        <styleUrl>#icon-1899-0288D1</styleUrl>
        <Point>
          <coordinates>
            9.17339992749633,39.2645583584606,0
          </coordinates>
        </Point>
      </Placemark>
      <Placemark>
        <name>Ettore Pistis di Pier Paolo Pistis Sas</name>
        <address>Via Adriano Olivetti 14  09060 Settimo San Pietro (CA)</address>
        <description>Via Adriano Olivetti 14  09060 Settimo San Pietro (CA)</description>
        <styleUrl>#icon-1899-0288D1</styleUrl>
      </Placemark>
      <Placemark>
        <name>Etzi Alessio</name>
        <address>Loc. Su Pranu snc  09038 Serramanna (SU)</address>
        <description>Loc. Su Pranu snc  09038 Serramanna (SU)</description>
        <styleUrl>#icon-1899-0288D1</styleUrl>
      </Placemark>
      <Placemark>
        <name>Eukanin Italia S.R.L.S.</name>
        <address>Via 20 Settembre 10  09050 Villa San Pietro (CA)</address>
        <description>Via 20 Settembre 10  09050 Villa San Pietro (CA)</description>
        <styleUrl>#icon-1899-0288D1</styleUrl>
      </Placemark>
      <Placemark>
        <name>Euro Cantieri S.R.L.</name>
        <address>Strada Statale Ex 131  09028 Sestu (CA)</address>
        <description>Strada Statale Ex 131  09028 Sestu (CA)</description>
        <styleUrl>#icon-1899-0288D1</styleUrl>
      </Placemark>
      <Placemark>
        <name>Euro Edil Costruzioni Srl</name>
        <address>Via Cavour 1  08040 Arzana (NU)</address>
        <description>Via Cavour 1  08040 Arzana (NU)</description>
        <styleUrl>#icon-1899-0288D1</styleUrl>
      </Placemark>
      <Placemark>
        <name>Euro Trasporti di Mura Stefano s.a.s.</name>
        <address>via Nikola Tesla 21  07026 Olbia (OT)</address>
        <description>via Nikola Tesla 21  07026 Olbia (OT)</description>
        <styleUrl>#icon-1899-0288D1</styleUrl>
      </Placemark>
      <Placemark>
        <name>Euro-Sarda Ovinex Srl</name>
        <address>Via Pitagora 9/19  07026 Olbia (SS)</address>
        <description>Via Pitagora 9/19  07026 Olbia (SS)</description>
        <styleUrl>#icon-1899-0288D1</styleUrl>
      </Placemark>
      <Placemark>
        <name>Euro-Service srl</name>
        <description>39.298925164702375, 8.82413945076497</description>
        <styleUrl>#icon-1899-0288D1</styleUrl>
        <Point>
          <coordinates>
            8.82413945076497,39.2989251647024,0
          </coordinates>
        </Point>
      </Placemark>
      <Placemark>
        <name>Euro.Com. 2002 di Cara Francesco e Agostino snc</name>
        <address><![CDATA[Via dell'Artigianato 9  09027 Serrenti (VS)]]></address>
        <description><![CDATA[Via dell'Artigianato 9  09027 Serrenti (VS)]]></description>
        <styleUrl>#icon-1899-0288D1</styleUrl>
      </Placemark>
      <Placemark>
        <name><![CDATA[Eurosal sas di Spanu Sabrina & C.]]></name>
        <address>via Paolo Dettori 1  07039 Valledoria (SS)</address>
        <description>via Paolo Dettori 1  07039 Valledoria (SS)</description>
        <styleUrl>#icon-1899-0288D1</styleUrl>
      </Placemark>
      <Placemark>
        <name>Eurosarda S P A *</name>
        <address>Zona Industriale Macchiareddu Ii Strada 2/^  09032 Assemini (CA)</address>
        <description>Zona Industriale Macchiareddu Ii Strada 2/^  09032 Assemini (CA)</description>
        <styleUrl>#icon-1899-0288D1</styleUrl>
      </Placemark>
      <Placemark>
        <name>Euroservice S.R.L.</name>
        <address>Viale Costa Smeralda 12  07021 Arzachena (SS)</address>
        <description>Viale Costa Smeralda 12  07021 Arzachena (SS)</description>
        <styleUrl>#icon-1899-0288D1</styleUrl>
      </Placemark>
      <Placemark>
        <name>Eurotrading S.R.L.</name>
        <address>Via Gabon 1 - 3  07026 Olbia (SS)</address>
        <description>Via Gabon 1 - 3  07026 Olbia (SS)</description>
        <styleUrl>#icon-1899-0288D1</styleUrl>
      </Placemark>
      <Placemark>
        <name>Eurotrans Logistica srl</name>
        <address>S.P. 2 Km 0400  09028 Sestu (CA)</address>
        <description>S.P. 2 Km 0400  09028 Sestu (CA)</description>
        <styleUrl>#icon-1899-0288D1</styleUrl>
      </Placemark>
      <Placemark>
        <name>Eurotransport sas di Sanna Mariolina</name>
        <address>via Serra 9  09038 Serramanna (VS)</address>
        <description>via Serra 9  09038 Serramanna (VS)</description>
        <styleUrl>#icon-1899-0288D1</styleUrl>
      </Placemark>
      <Placemark>
        <name>Eurotrasporti di Fois G.Marco e C. Sas</name>
        <address>Via Sinnai 6  09134 Cagliari (CA)</address>
        <description>Via Sinnai 6  09134 Cagliari (CA)</description>
        <styleUrl>#icon-1899-0288D1</styleUrl>
      </Placemark>
      <Placemark>
        <name>Event Sardinia Srl</name>
        <address>Z.I. Predda Niedda Trav. Strada 38  07100 Sassari (SS)</address>
        <description>Z.I. Predda Niedda Trav. Strada 38  07100 Sassari (SS)</description>
        <styleUrl>#icon-1899-0288D1</styleUrl>
      </Placemark>
      <Placemark>
        <name>Evocar S.r.l.</name>
        <address>Via XXV luglio 8  09036 Guspini (VS)</address>
        <description>Via XXV luglio 8  09036 Guspini (VS)</description>
        <styleUrl>#icon-1899-0288D1</styleUrl>
      </Placemark>
      <Placemark>
        <name>Eya Sardinia S.R.L.</name>
        <address><![CDATA[Via Gabriele d'Annunzio 34  09045 Quartu Sant'Elena (CA)]]></address>
        <description><![CDATA[Via Gabriele d'Annunzio 34  09045 Quartu Sant'Elena (CA)]]></description>
        <styleUrl>#icon-1899-0288D1</styleUrl>
      </Placemark>
      <Placemark>
        <name>Ezzis Danilo</name>
        <address>Via Giuseppe Garibaldi 9  07018 Pozzomaggiore (SS)</address>
        <description>Via Giuseppe Garibaldi 9  07018 Pozzomaggiore (SS)</description>
        <styleUrl>#icon-1899-0288D1</styleUrl>
      </Placemark>
      <Placemark>
        <name><![CDATA[F.A.L.C. di Deiana Rosanna & C. S.A.S.]]></name>
        <address>Via Santa Barbara 5  09047 Selargius (CA)</address>
        <description>Via Santa Barbara 5  09047 Selargius (CA)</description>
        <styleUrl>#icon-1899-0288D1</styleUrl>
      </Placemark>
      <Placemark>
        <name>F.A.R.A. S.R.L.</name>
        <address>Via del Fangario 12  09122 Cagliari (CA)</address>
        <description>Via del Fangario 12  09122 Cagliari (CA)</description>
        <styleUrl>#icon-1899-0288D1</styleUrl>
      </Placemark>
      <Placemark>
        <name>F.C.I. Tech srls</name>
        <address><![CDATA[via Mona 18  09045 Quartu Sant'Elena (CA)]]></address>
        <description><![CDATA[via Mona 18  09045 Quartu Sant'Elena (CA)]]></description>
        <styleUrl>#icon-1899-0288D1</styleUrl>
      </Placemark>
      <Placemark>
        <name>F.C.S. Logistic S.r.l.</name>
        <address>S.S. exc 131 km 7800  09028 Sestu (CA)</address>
        <description>S.S. exc 131 km 7800  09028 Sestu (CA)</description>
        <styleUrl>#icon-1899-0288D1</styleUrl>
      </Placemark>
      <Placemark>
        <name>F.C.S. Rent S.R.L.</name>
        <address>Via Gherardo delle Notti 18  09121 Cagliari (CA)</address>
        <description>Via Gherardo delle Notti 18  09121 Cagliari (CA)</description>
        <styleUrl>#icon-1899-0288D1</styleUrl>
      </Placemark>
      <Placemark>
        <name><![CDATA[F.G.B. DI MATTANA ANTONIO ANGELO & FIGLI S.A.S.]]></name>
        <address>Strada Provinciale 2 KM.0400  09028 Sestu (CA)</address>
        <description>Strada Provinciale 2 KM.0400  09028 Sestu (CA)</description>
        <styleUrl>#icon-1899-0288D1</styleUrl>
      </Placemark>
      <Placemark>
        <name>F.I.R.E.S.-Srl</name>
        <address>Viale Monastir  09028 Sestu (CA)</address>
        <description>Viale Monastir  09028 Sestu (CA)</description>
        <styleUrl>#icon-1899-0288D1</styleUrl>
      </Placemark>
      <Placemark>
        <name>F.lli  Sedda Sas di Ambrogio Sedda e C.</name>
        <address>Via Carlo Felice 7  09023 Monastir (SU)</address>
        <description>Via Carlo Felice 7  09023 Monastir (SU)</description>
        <styleUrl>#icon-1899-0288D1</styleUrl>
      </Placemark>
      <Placemark>
        <name>F.lli Amadu Trivellazioni srl</name>
        <address>via La Cataletta snc  07020 Loiri Porto San Paolo (SS)</address>
        <description>via La Cataletta snc  07020 Loiri Porto San Paolo (SS)</description>
        <styleUrl>#icon-1899-0288D1</styleUrl>
      </Placemark>
      <Placemark>
        <name>F.lli Angius di Marco e Piero Angius S.N.C.</name>
        <address>Via Gennargentu 32  08020 Ovodda (NU)</address>
        <description>Via Gennargentu 32  08020 Ovodda (NU)</description>
        <styleUrl>#icon-1899-0288D1</styleUrl>
      </Placemark>
      <Placemark>
        <name><![CDATA[F.Lli Aresu Sas di Aresu Sandro Mariano & C.]]></name>
        <address>Località Maricoxina  08045 Lanusei (NU)</address>
        <description>Località Maricoxina  08045 Lanusei (NU)</description>
        <styleUrl>#icon-1899-0288D1</styleUrl>
      </Placemark>
      <Placemark>
        <name>F.lli Barria S.n.c.</name>
        <address>via S. Ilario 5  08015 Macomer (NU)</address>
        <description>via S. Ilario 5  08015 Macomer (NU)</description>
        <styleUrl>#icon-1899-0288D1</styleUrl>
      </Placemark>
      <Placemark>
        <name>F.Lli Bellu S.R.L.</name>
        <address>Regione Fighera 2  07041 Alghero (SS)</address>
        <description>Regione Fighera 2  07041 Alghero (SS)</description>
        <styleUrl>#icon-1899-0288D1</styleUrl>
      </Placemark>
      <Placemark>
        <name>F.Lli Carcangiu S.R.L.</name>
        <address>Piazza Stazione Sn  08030 Sadali (SU)</address>
        <description>Piazza Stazione Sn  08030 Sadali (SU)</description>
        <styleUrl>#icon-1899-0288D1</styleUrl>
      </Placemark>
      <Placemark>
        <name>F.lli Deledda Trasporti snc di Efisio e Bruno Deledda</name>
        <address>via de Gasperi 21  08029 Siniscola (NU)</address>
        <description>via de Gasperi 21  08029 Siniscola (NU)</description>
        <styleUrl>#icon-1899-0288D1</styleUrl>
      </Placemark>
      <Placemark>
        <name>F.lli Diana di Diana Leandro srl</name>
        <address>Via Sardegna 9  09080 Siamanna (OR)</address>
        <description>Via Sardegna 9  09080 Siamanna (OR)</description>
        <styleUrl>#icon-1899-0288D1</styleUrl>
      </Placemark>
      <Placemark>
        <name><![CDATA[F.lli Ecca di Ecca Giuseppe & C. snc]]></name>
        <address>via G. Pascoli 42  09039 Villacidro (SU)</address>
        <description>via G. Pascoli 42  09039 Villacidro (SU)</description>
        <styleUrl>#icon-1899-0288D1</styleUrl>
      </Placemark>
      <Placemark>
        <name>F.lli Finà Srl</name>
        <address>Loc. Monti Alidoni 1  07031 Castelsardo (SS)</address>
        <description>Loc. Monti Alidoni 1  07031 Castelsardo (SS)</description>
        <styleUrl>#icon-1899-0288D1</styleUrl>
      </Placemark>
      <Placemark>
        <name><![CDATA[F.lli Gaviano Antonello & Marco Azienda Agricola]]></name>
        <address>Via San Pietro 9  09023 Monastir (SU)</address>
        <description>Via San Pietro 9  09023 Monastir (SU)</description>
        <styleUrl>#icon-1899-0288D1</styleUrl>
      </Placemark>
      <Placemark>
        <name>F.Lli Ibba S.R.L.</name>
        <address><![CDATA[Via dell'Artigianato 2  09122 Cagliari (CA)]]></address>
        <description><![CDATA[Via dell'Artigianato 2  09122 Cagliari (CA)]]></description>
        <styleUrl>#icon-1899-0288D1</styleUrl>
      </Placemark>
      <Placemark>
        <name><![CDATA[F.lli Manca di Manca Sandro & C. Sas]]></name>
        <address>Corso Matteotti 256  09010 Gonnesa (CI)</address>
        <description>Corso Matteotti 256  09010 Gonnesa (CI)</description>
        <styleUrl>#icon-1899-0288D1</styleUrl>
      </Placemark>
      <Placemark>
        <name>F.lli Manca snc</name>
        <address>via Gramsci 5  09076 Sedilo (OR)</address>
        <description>via Gramsci 5  09076 Sedilo (OR)</description>
        <styleUrl>#icon-1899-0288D1</styleUrl>
      </Placemark>
      <Placemark>
        <name>F.lli Maoddi Srl</name>
        <address>Via Baudioni 4  08034 Laconi (OR)</address>
        <description>Via Baudioni 4  08034 Laconi (OR)</description>
        <styleUrl>#icon-1899-0288D1</styleUrl>
      </Placemark>
      <Placemark>
        <name>F.lli Massa srl</name>
        <address>3° strada ZI Macchiareddu  09032 Assemini (CA)</address>
        <description>3° strada ZI Macchiareddu  09032 Assemini (CA)</description>
        <styleUrl>#icon-1899-0288D1</styleUrl>
      </Placemark>
      <Placemark>
        <name>F.lli Millelire di Marco e Tiziano S.N.C.</name>
        <address>Vico Josto Snc  08040 Baunei (NU)</address>
        <description>Vico Josto Snc  08040 Baunei (NU)</description>
        <styleUrl>#icon-1899-0288D1</styleUrl>
      </Placemark>
      <Placemark>
        <name>F.lli Mura srl</name>
        <address>Loc. Preda e Soru  08020 Ottana (NU)</address>
        <description>Loc. Preda e Soru  08020 Ottana (NU)</description>
        <styleUrl>#icon-1899-0288D1</styleUrl>
      </Placemark>
      <Placemark>
        <name>F.lli Muscas Giancarlo e Davide snc</name>
        <address>via Murgia 1  09039 Villacidro (SU)</address>
        <description>via Murgia 1  09039 Villacidro (SU)</description>
        <styleUrl>#icon-1899-0288D1</styleUrl>
      </Placemark>
      <Placemark>
        <name>F.lli Orrù Trasporti srl</name>
        <address>via Einstein 19  09010 Siliqua (CA)</address>
        <description>via Einstein 19  09010 Siliqua (CA)</description>
        <styleUrl>#icon-1899-0288D1</styleUrl>
      </Placemark>
      <Placemark>
        <name>F.lli Pani Autotrasporti di Pani Giuseppe e Antonio snc</name>
        <address>Viale Kennedy 63  09035 Gonnosfanadiga (VS)</address>
        <description>Viale Kennedy 63  09035 Gonnosfanadiga (VS)</description>
        <styleUrl>#icon-1899-0288D1</styleUrl>
      </Placemark>
      <Placemark>
        <name>F.lli Pisci S.r.l.</name>
        <address>Zona Artigianale Lotto 20 - 21  09088 Villaurbana (OR)</address>
        <description>Zona Artigianale Lotto 20 - 21  09088 Villaurbana (OR)</description>
        <styleUrl>#icon-1899-0288D1</styleUrl>
      </Placemark>
      <Placemark>
        <name>F.lli Pitzianti Trasporti snc</name>
        <address>Via Col di Rosso 16  09041 Dolianova (CA)</address>
        <description>Via Col di Rosso 16  09041 Dolianova (CA)</description>
        <styleUrl>#icon-1899-0288D1</styleUrl>
      </Placemark>
      <Placemark>
        <name>F.lli Putzolu snc</name>
        <address>Zona Artigianale  09010 Musei (CI)</address>
        <description>Zona Artigianale  09010 Musei (CI)</description>
        <styleUrl>#icon-1899-0288D1</styleUrl>
      </Placemark>
      <Placemark>
        <name><![CDATA[F.lli Sogus di Sogus Antonello & C. Snc]]></name>
        <address>Via Foscolo 40  09035 Gonnosfanadiga (VS)</address>
        <description>Via Foscolo 40  09035 Gonnosfanadiga (VS)</description>
        <styleUrl>#icon-1899-0288D1</styleUrl>
      </Placemark>
      <Placemark>
        <name><![CDATA[F.lli Tatti di Sergio e Andrea & C. snc]]></name>
        <address>Via Macchiavelli n 16  09030 Sardara (VS)</address>
        <description>Via Macchiavelli n 16  09030 Sardara (VS)</description>
        <styleUrl>#icon-1899-0288D1</styleUrl>
      </Placemark>
      <Placemark>
        <name>F.Lli Vargiu S.R.L.</name>
        <address>Z.I. Cheremule S.S. 131 Bis Km 3  07040 Cheremule (SS)</address>
        <description>Z.I. Cheremule S.S. 131 Bis Km 3  07040 Cheremule (SS)</description>
        <styleUrl>#icon-1899-0288D1</styleUrl>
      </Placemark>
      <Placemark>
        <name>Fabio Alfieri</name>
        <address>Via Giuseppe di Vittorio n16  07041 Alghero (SS)</address>
        <description>Via Giuseppe di Vittorio n16  07041 Alghero (SS)</description>
        <styleUrl>#icon-1899-0288D1</styleUrl>
      </Placemark>
      <Placemark>
        <name>Fabio Manca</name>
        <address>Via Leonardo Alagon 34  09127 Cagliari (CA)</address>
        <description>Via Leonardo Alagon 34  09127 Cagliari (CA)</description>
        <styleUrl>#icon-1899-0288D1</styleUrl>
      </Placemark>
      <Placemark>
        <name>Fabio Martis</name>
        <address>Via Nucleo Torrevecchia 7  09092 Arborea (OR)</address>
        <description>Via Nucleo Torrevecchia 7  09092 Arborea (OR)</description>
        <styleUrl>#icon-1899-0288D1</styleUrl>
      </Placemark>
      <Placemark>
        <name>Fabio Moi S.R.L.S.</name>
        <address>Via dei Giardini 11  09048 Sinnai (CA)</address>
        <description>Via dei Giardini 11  09048 Sinnai (CA)</description>
        <styleUrl>#icon-1899-0288D1</styleUrl>
      </Placemark>
      <Placemark>
        <name>Fabio Porceddu</name>
        <address>via Roma 1  09040 Ortacesus (SU)</address>
        <description>via Roma 1  09040 Ortacesus (SU)</description>
        <styleUrl>#icon-1899-0288D1</styleUrl>
      </Placemark>
      <Placemark>
        <name>Fabio Scerbo</name>
        <address>Via Manzoni 15  07020 Monti (OT)</address>
        <description>Via Manzoni 15  07020 Monti (OT)</description>
        <styleUrl>#icon-1899-0288D1</styleUrl>
      </Placemark>
      <Placemark>
        <name>Fabrizio Obinu</name>
        <address>via Dante 44  09080 Sorradile (OR)</address>
        <description>via Dante 44  09080 Sorradile (OR)</description>
        <styleUrl>#icon-1899-0288D1</styleUrl>
      </Placemark>
      <Placemark>
        <name>Fadda Gabriele</name>
        <address><![CDATA[Via Manara 24  09045 Quartu Sant'Elena (CA)]]></address>
        <description><![CDATA[Via Manara 24  09045 Quartu Sant'Elena (CA)]]></description>
        <styleUrl>#icon-1899-0288D1</styleUrl>
      </Placemark>
      <Placemark>
        <name>Fadda Marco</name>
        <address>via Umbria 8  08010 Birori (NU)</address>
        <description>via Umbria 8  08010 Birori (NU)</description>
        <styleUrl>#icon-1899-0288D1</styleUrl>
      </Placemark>
      <Placemark>
        <name>Fadda Roberto</name>
        <address>Via Bainsizza 11  09123 Cagliari (CA)</address>
        <description>Via Bainsizza 11  09123 Cagliari (CA)</description>
        <styleUrl>#icon-1899-0288D1</styleUrl>
      </Placemark>
      <Placemark>
        <name>Fadda Roberto</name>
        <address>Loc. Crus  09028 Sestu (CA)</address>
        <description>Loc. Crus  09028 Sestu (CA)</description>
        <styleUrl>#icon-1899-0288D1</styleUrl>
      </Placemark>
      <Placemark>
        <name>Fadda S.p.A.</name>
        <address>Ex SS 131 km 10  09028 Sestu (CA)</address>
        <description>Ex SS 131 km 10  09028 Sestu (CA)</description>
        <styleUrl>#icon-1899-0288D1</styleUrl>
      </Placemark>
      <Placemark>
        <name>Faedda Andrea Autotrasporti</name>
        <address>Via Cavalieri di Vittorio Veneto 5  07012 Bonorva (SS)</address>
        <description>Via Cavalieri di Vittorio Veneto 5  07012 Bonorva (SS)</description>
        <styleUrl>#icon-1899-0288D1</styleUrl>
      </Placemark>
      <Placemark>
        <name>Faedda Leo</name>
        <address>Via Antoni Gramsci 87  09010 Gonnesa (SU)</address>
        <description>Via Antoni Gramsci 87  09010 Gonnesa (SU)</description>
        <styleUrl>#icon-1899-0288D1</styleUrl>
      </Placemark>
      <Placemark>
        <name>Fais Efisio</name>
        <address>Via Leopardi 20  09033 Decimomannu (CA)</address>
        <description>Via Leopardi 20  09033 Decimomannu (CA)</description>
        <styleUrl>#icon-1899-0288D1</styleUrl>
      </Placemark>
      <Placemark>
        <name>Falchi Matteo Autotrasporti</name>
        <address>via Sardegna 22  07048 Torralba (SS)</address>
        <description>via Sardegna 22  07048 Torralba (SS)</description>
        <styleUrl>#icon-1899-0288D1</styleUrl>
      </Placemark>
      <Placemark>
        <name>Falchi Meccatronica S.R.L.</name>
        <address>Via delle Telecomunicazioni 10  08015 Macomer (NU)</address>
        <description>Via delle Telecomunicazioni 10  08015 Macomer (NU)</description>
        <styleUrl>#icon-1899-0288D1</styleUrl>
      </Placemark>
      <Placemark>
        <name>Fanari Truck Service S.r.l.</name>
        <address>Via delle Miniere 29/31  09067 Elmas (CA)</address>
        <description>Via delle Miniere 29/31  09067 Elmas (CA)</description>
        <styleUrl>#icon-1899-0288D1</styleUrl>
      </Placemark>
      <Placemark>
        <name>Fanni Logistica Srl</name>
        <address>Z.I. Macchiareddu - II Strada Ovest nona strada consortile  09010 Uta (CA)</address>
        <description>Z.I. Macchiareddu - II Strada Ovest nona strada consortile  09010 Uta (CA)</description>
        <styleUrl>#icon-1899-0288D1</styleUrl>
      </Placemark>
      <Placemark>
        <name>Fanni Oliviero</name>
        <address>via is Collus 9  09010 Santadi (SU)</address>
        <description>via is Collus 9  09010 Santadi (SU)</description>
        <styleUrl>#icon-1899-0288D1</styleUrl>
      </Placemark>
      <Placemark>
        <name>Fanti Francesco</name>
        <address>Via Giovanni Falcone 43  09060 Settimo San Pietro (CA)</address>
        <description>Via Giovanni Falcone 43  09060 Settimo San Pietro (CA)</description>
        <styleUrl>#icon-1899-0288D1</styleUrl>
      </Placemark>
      <Placemark>
        <name>Fanti Gianluca</name>
        <address>Via Walderode 41  09032 Sinnai (CA)</address>
        <description>Via Walderode 41  09032 Sinnai (CA)</description>
        <styleUrl>#icon-1899-0288D1</styleUrl>
      </Placemark>
      <Placemark>
        <name>Fap Società Cooperativa</name>
        <address>Vico di Via Sandro Pertini 11/B  09010 Gonnesa (SU)</address>
        <description>Vico di Via Sandro Pertini 11/B  09010 Gonnesa (SU)</description>
        <styleUrl>#icon-1899-0288D1</styleUrl>
      </Placemark>
      <Placemark>
        <name>Fara Fabio</name>
        <address>Regione Filigheddu 113  07100 Sassari (SS)</address>
        <description>Regione Filigheddu 113  07100 Sassari (SS)</description>
        <styleUrl>#icon-1899-0288D1</styleUrl>
      </Placemark>
      <Placemark>
        <name>Fara Gabriele</name>
        <address>Via I Maggio 2  09047 Selargius (CA)</address>
        <description>Via I Maggio 2  09047 Selargius (CA)</description>
        <styleUrl>#icon-1899-0288D1</styleUrl>
      </Placemark>
      <Placemark>
        <name>Farci Sandro</name>
        <address>via Marmilla 16  08030 Gergei (CA)</address>
        <description>via Marmilla 16  08030 Gergei (CA)</description>
        <styleUrl>#icon-1899-0288D1</styleUrl>
      </Placemark>
      <Placemark>
        <name>Farigu Giovanni</name>
        <address>Via Sicilia 9  09124 Cagliari (CA)</address>
        <description>Via Sicilia 9  09124 Cagliari (CA)</description>
        <styleUrl>#icon-1899-0288D1</styleUrl>
      </Placemark>
      <Placemark>
        <name>Farigu Pierluigi</name>
        <address>Località Gennemurdegu  09012 Capoterra (CA)</address>
        <description>Località Gennemurdegu  09012 Capoterra (CA)</description>
        <styleUrl>#icon-1899-0288D1</styleUrl>
      </Placemark>
      <Placemark>
        <name>Farigu Vincenzo</name>
        <address>Via Cagliari 138/P.1  09018 Sarroch (CA)</address>
        <description>Via Cagliari 138/P.1  09018 Sarroch (CA)</description>
        <styleUrl>#icon-1899-0288D1</styleUrl>
      </Placemark>
      <Placemark>
        <name>Farina Matteo</name>
        <address>Via Regina Elena 48  07010 Bottidda (SS)</address>
        <description>Via Regina Elena 48  07010 Bottidda (SS)</description>
        <styleUrl>#icon-1899-0288D1</styleUrl>
      </Placemark>
      <Placemark>
        <name>Farris Massimiliano</name>
        <address>Via Puccini 24  09028 Sestu (CA)</address>
        <description>Via Puccini 24  09028 Sestu (CA)</description>
        <styleUrl>#icon-1899-0288D1</styleUrl>
      </Placemark>
      <Placemark>
        <name>Fatelli Paolo</name>
        <address>Via Alessandro Volta 10  09048 Sinnai (CA)</address>
        <description>Via Alessandro Volta 10  09048 Sinnai (CA)</description>
        <styleUrl>#icon-1899-0288D1</styleUrl>
      </Placemark>
      <Placemark>
        <name>FD Concerti S.r.l.s.</name>
        <address>Via Cervino 14  09048 Sinnai (CA)</address>
        <description>Via Cervino 14  09048 Sinnai (CA)</description>
        <styleUrl>#icon-1899-0288D1</styleUrl>
      </Placemark>
      <Placemark>
        <name>Fd Distribuzione Bevande S.R.L.</name>
        <address>Via Dore 8  07044 Ittiri (SS)</address>
        <description>Via Dore 8  07044 Ittiri (SS)</description>
        <styleUrl>#icon-1899-0288D1</styleUrl>
      </Placemark>
      <Placemark>
        <name>Febo Autotrasporti di Rico Salvatore Feboli</name>
        <address>Via Nello Frau 36  09067 Elmas (CA)</address>
        <description>Via Nello Frau 36  09067 Elmas (CA)</description>
        <styleUrl>#icon-1899-0288D1</styleUrl>
      </Placemark>
      <Placemark>
        <name><![CDATA[Federico Cassitta & C. S.A.S.]]></name>
        <address>Strada Statale 127 Km.4900  07026 Olbia (SS)</address>
        <description>Strada Statale 127 Km.4900  07026 Olbia (SS)</description>
        <styleUrl>#icon-1899-0288D1</styleUrl>
      </Placemark>
      <Placemark>
        <name>Federico Sarritzu</name>
        <address><![CDATA[Strada comunale Is Xireddus 8  09045 Quartu Sant'Elena (CA)]]></address>
        <description><![CDATA[Strada comunale Is Xireddus 8  09045 Quartu Sant'Elena (CA)]]></description>
        <styleUrl>#icon-1899-0288D1</styleUrl>
      </Placemark>
      <Placemark>
        <name>Fenu Alessandro</name>
        <address>via Italo Calvino 36  09020 Samatzai (SU)</address>
        <description>via Italo Calvino 36  09020 Samatzai (SU)</description>
        <styleUrl>#icon-1899-0288D1</styleUrl>
      </Placemark>
      <Placemark>
        <name>Fenu Gianfranco</name>
        <address>Via dei Mille 5  09099 Uras (OR)</address>
        <description>Via dei Mille 5  09099 Uras (OR)</description>
        <styleUrl>#icon-1899-0288D1</styleUrl>
      </Placemark>
      <Placemark>
        <name>Fenu Igor</name>
        <address>viale Umberto I  09090 Morgongiori (OR)</address>
        <description>viale Umberto I  09090 Morgongiori (OR)</description>
        <styleUrl>#icon-1899-0288D1</styleUrl>
      </Placemark>
      <Placemark>
        <name>Fenu Roberto</name>
        <address>Via Milano 47  09028 Sestu (CA)</address>
        <description>Via Milano 47  09028 Sestu (CA)</description>
        <styleUrl>#icon-1899-0288D1</styleUrl>
      </Placemark>
      <Placemark>
        <name>Fenu Stefano</name>
        <address>Via Carbonascia 13  09010 Portoscuso (SU)</address>
        <description>Via Carbonascia 13  09010 Portoscuso (SU)</description>
        <styleUrl>#icon-1899-0288D1</styleUrl>
      </Placemark>
      <Placemark>
        <name>Ferivan Group S.R.L.S.</name>
        <address>Via Atene 9  09129 Cagliari (CA)</address>
        <description>Via Atene 9  09129 Cagliari (CA)</description>
        <styleUrl>#icon-1899-0288D1</styleUrl>
      </Placemark>
      <Placemark>
        <name>Ferrara Marco</name>
        <address>Via Giovanni XXIII 27  09032 Assemini (CA)</address>
        <description>Via Giovanni XXIII 27  09032 Assemini (CA)</description>
        <styleUrl>#icon-1899-0288D1</styleUrl>
      </Placemark>
      <Placemark>
        <name>Ferraris S.R.L.S.</name>
        <address>via Nazionale 52  09013 Carbonia (SU)</address>
        <description>via Nazionale 52  09013 Carbonia (SU)</description>
        <styleUrl>#icon-1899-0288D1</styleUrl>
      </Placemark>
      <Placemark>
        <name>Ferru Angelo</name>
        <address>Vico 3° San Gemiliano 3  09028 Sestu (CA)</address>
        <description>Vico 3° San Gemiliano 3  09028 Sestu (CA)</description>
        <styleUrl>#icon-1899-0288D1</styleUrl>
      </Placemark>
      <Placemark>
        <name>Ferru Christian</name>
        <address>Via Piroddi 39  09048 Sinnai (CA)</address>
        <description>Via Piroddi 39  09048 Sinnai (CA)</description>
        <styleUrl>#icon-1899-0288D1</styleUrl>
      </Placemark>
      <Placemark>
        <name>Ferru Francesco Romeo</name>
        <address>Via Ferrara 44  09028 Sestu (CA)</address>
        <description>Via Ferrara 44  09028 Sestu (CA)</description>
        <styleUrl>#icon-1899-0288D1</styleUrl>
      </Placemark>
      <Placemark>
        <name>Fertimon srl</name>
        <address>c.so Italia 32  08030 Teti (NU)</address>
        <description>c.so Italia 32  08030 Teti (NU)</description>
        <styleUrl>#icon-1899-0288D1</styleUrl>
      </Placemark>
      <Placemark>
        <name>Feurra Cristian</name>
        <address>Via Ciusa 22  08029 Siniscola (NU)</address>
        <description>Via Ciusa 22  08029 Siniscola (NU)</description>
        <styleUrl>#icon-1899-0288D1</styleUrl>
      </Placemark>
      <Placemark>
        <name>FG Costruzioni Srl</name>
        <address>Via Marsala 4  09067 Elmas (CA)</address>
        <description>Via Marsala 4  09067 Elmas (CA)</description>
        <styleUrl>#icon-1899-0288D1</styleUrl>
      </Placemark>
      <Placemark>
        <name>Fgs Trasporti S.R.L.</name>
        <address>Strada Statale 388 Km.7800  09088 Simaxis (OR)</address>
        <description>Strada Statale 388 Km.7800  09088 Simaxis (OR)</description>
        <styleUrl>#icon-1899-0288D1</styleUrl>
      </Placemark>
      <Placemark>
        <name>Fiamma Gas Srl</name>
        <address>via Porto Botte 46  09042 Monserrato (CA)</address>
        <description>via Porto Botte 46  09042 Monserrato (CA)</description>
        <styleUrl>#icon-1899-0288D1</styleUrl>
      </Placemark>
      <Placemark>
        <name>Figus Roberto</name>
        <address>Viale Europa 55  08040 Arzana (NU)</address>
        <description>Viale Europa 55  08040 Arzana (NU)</description>
        <styleUrl>#icon-1899-0288D1</styleUrl>
      </Placemark>
      <Placemark>
        <name>Figus Salvatore Autotrasporti</name>
        <address>località Santa Lucia snc  09090 Morgongiori (OR)</address>
        <description>località Santa Lucia snc  09090 Morgongiori (OR)</description>
        <styleUrl>#icon-1899-0288D1</styleUrl>
      </Placemark>
      <Placemark>
        <name>FKI Srl</name>
        <address>Z.I. Bonu TRAU Via della scienza n. 2  08015 Macomer (NU)</address>
        <description>Z.I. Bonu TRAU Via della scienza n. 2  08015 Macomer (NU)</description>
        <styleUrl>#icon-1899-0288D1</styleUrl>
      </Placemark>
      <Placemark>
        <name>Flli Attene S.n.c. di Gianfranco e Paolo</name>
        <address>Viale Piras Albas 18  09073 Cuglieri (OR)</address>
        <description>Viale Piras Albas 18  09073 Cuglieri (OR)</description>
        <styleUrl>#icon-1899-0288D1</styleUrl>
      </Placemark>
      <Placemark>
        <name>Flora Sardegna Distribuzione S.R.L.</name>
        <address>Via Leon Battista Alberti 22  09131 Cagliari (CA)</address>
        <description>Via Leon Battista Alberti 22  09131 Cagliari (CA)</description>
        <styleUrl>#icon-1899-0288D1</styleUrl>
      </Placemark>
      <Placemark>
        <name>Floricoltura Francesco Carboni</name>
        <address>Via Predda Niedda 2/F  07100 Sassari (SS)</address>
        <description>Via Predda Niedda 2/F  07100 Sassari (SS)</description>
        <styleUrl>#icon-1899-0288D1</styleUrl>
      </Placemark>
      <Placemark>
        <name>Floris Alberto</name>
        <address>Via Baronia 31  09121 Cagliari (CA)</address>
        <description>Via Baronia 31  09121 Cagliari (CA)</description>
        <styleUrl>#icon-1899-0288D1</styleUrl>
      </Placemark>
      <Placemark>
        <name>Floris Antonello</name>
        <address>Via Ninetta Bartoli 6/a  09016 Iglesias (SU)</address>
        <description>Via Ninetta Bartoli 6/a  09016 Iglesias (SU)</description>
        <styleUrl>#icon-1899-0288D1</styleUrl>
      </Placemark>
      <Placemark>
        <name>Floris Carlo</name>
        <address><![CDATA[Via Luigi Boccherini 65  09045 Quartu Sant'Elena (CA)]]></address>
        <description><![CDATA[Via Luigi Boccherini 65  09045 Quartu Sant'Elena (CA)]]></description>
        <styleUrl>#icon-1899-0288D1</styleUrl>
      </Placemark>
      <Placemark>
        <name>Floris Franco</name>
        <address>Via Genova 4  09033 Decimomannu (CA)</address>
        <description>Via Genova 4  09033 Decimomannu (CA)</description>
        <styleUrl>#icon-1899-0288D1</styleUrl>
      </Placemark>
      <Placemark>
        <name>Floris Mariangela</name>
        <address>Via Cadorna n.27  08032 Desulo (NU)</address>
        <description>Via Cadorna n.27  08032 Desulo (NU)</description>
        <styleUrl>#icon-1899-0288D1</styleUrl>
      </Placemark>
      <Placemark>
        <name>Floris Virgilio</name>
        <address>Loc. Regione Monte Terli snc  08048 Tortolì (NU)</address>
        <description>Loc. Regione Monte Terli snc  08048 Tortolì (NU)</description>
        <styleUrl>#icon-1899-0288D1</styleUrl>
      </Placemark>
      <Placemark>
        <name><![CDATA[Fluo Service Cars&Truck S.r.l.s.]]></name>
        <address>Seconda strada Est snc z.ind Macchiareddu  09032 Assemini (CA)</address>
        <description>Seconda strada Est snc z.ind Macchiareddu  09032 Assemini (CA)</description>
        <styleUrl>#icon-1899-0288D1</styleUrl>
      </Placemark>
      <Placemark>
        <name>Fm Costruzioni Società Cooperativa Sociale</name>
        <address>Via Marche 8  07031 Castelsardo (SS)</address>
        <description>Via Marche 8  07031 Castelsardo (SS)</description>
        <styleUrl>#icon-1899-0288D1</styleUrl>
      </Placemark>
      <Placemark>
        <name>Fo.Ni. Autotrasporti Snc di Fois G. e Nichiri A.</name>
        <address>Via Civitavecchia 37  07026 Olbia (SS)</address>
        <description>Via Civitavecchia 37  07026 Olbia (SS)</description>
        <styleUrl>#icon-1899-0288D1</styleUrl>
      </Placemark>
      <Placemark>
        <name>Foddi Luigi</name>
        <address>Via Sardegna 2  09035 Gonnosfanadiga (SU)</address>
        <description>Via Sardegna 2  09035 Gonnosfanadiga (SU)</description>
        <styleUrl>#icon-1899-0288D1</styleUrl>
      </Placemark>
      <Placemark>
        <name>Fois Alessandro</name>
        <address>Via Sanluri 17  09030 Samassi (SU)</address>
        <description>Via Sanluri 17  09030 Samassi (SU)</description>
        <styleUrl>#icon-1899-0288D1</styleUrl>
      </Placemark>
      <Placemark>
        <name>Fois Antonello</name>
        <address>via De Castro  09072 Cabras (OR)</address>
        <description>via De Castro  09072 Cabras (OR)</description>
        <styleUrl>#icon-1899-0288D1</styleUrl>
      </Placemark>
      <Placemark>
        <name>Fois Simone</name>
        <description>39.49911714593345, 8.971958908487972</description>
        <styleUrl>#icon-1899-0288D1</styleUrl>
        <Point>
          <coordinates>
            8.97195890848797,39.4991171459334,0
          </coordinates>
        </Point>
      </Placemark>
      <Placemark>
        <name>Follesa Turismo Services S.R.L.</name>
        <description>39.003387996332165, 8.997625898974865</description>
        <styleUrl>#icon-1899-0288D1</styleUrl>
        <Point>
          <coordinates>
            8.99762589897487,39.0033879963322,0
          </coordinates>
        </Point>
      </Placemark>
      <Placemark>
        <name>Fonnesu Salvatore</name>
        <description>39.45598316876777, 8.739856868303068</description>
        <styleUrl>#icon-1899-0288D1</styleUrl>
        <Point>
          <coordinates>
            8.73985686830307,39.4559831687678,0
          </coordinates>
        </Point>
      </Placemark>
      <Placemark>
        <name>Fonnesu Salvatore srl</name>
        <address>via Sassari 12  07018 Pozzomaggiore (SS)</address>
        <description>via Sassari 12  07018 Pozzomaggiore (SS)</description>
        <styleUrl>#icon-1899-0288D1</styleUrl>
      </Placemark>
      <Placemark>
        <name>Fonte San Giacomo S.R.L.</name>
        <address>Strada Statale 196 Km.12945  09034 Villasor (SU)</address>
        <description>Strada Statale 196 Km.12945  09034 Villasor (SU)</description>
        <styleUrl>#icon-1899-0288D1</styleUrl>
      </Placemark>
      <Placemark>
        <name>Form Ricambi S.a.S</name>
        <address><![CDATA[Via dell'Artigianato 15  09122 Cagliari (CA)]]></address>
        <description><![CDATA[Via dell'Artigianato 15  09122 Cagliari (CA)]]></description>
        <styleUrl>#icon-1899-0288D1</styleUrl>
      </Placemark>
      <Placemark>
        <name>Fornea Severino</name>
        <address>via Don Enrico Tazzoli 12  09047 Selargius (CA)</address>
        <description>via Don Enrico Tazzoli 12  09047 Selargius (CA)</description>
        <styleUrl>#icon-1899-0288D1</styleUrl>
      </Placemark>
      <Placemark>
        <name>Fortinfer di Vittorio Vacca e C. S.N.C.</name>
        <address>Loc Mamusari Snc  07010 Ardara (SS)</address>
        <description>Loc Mamusari Snc  07010 Ardara (SS)</description>
        <styleUrl>#icon-1899-0288D1</styleUrl>
      </Placemark>
      <Placemark>
        <name>Fortinfer Società Cooperativa Sociale</name>
        <address>Loc. Mamusari snc  07010 Ardara (SS)</address>
        <description>Loc. Mamusari snc  07010 Ardara (SS)</description>
        <styleUrl>#icon-1899-0288D1</styleUrl>
      </Placemark>
      <Placemark>
        <name>Fozzi autotrasporti di Fozzi Luciano</name>
        <address>Via Silvio Pellico 2A  07012 Bonorva (SS)</address>
        <description>Via Silvio Pellico 2A  07012 Bonorva (SS)</description>
        <styleUrl>#icon-1899-0288D1</styleUrl>
      </Placemark>
      <Placemark>
        <name>Fozzi Pietro</name>
        <address>Strada Sa Mandrachina 16  07040 Olmedo (SS)</address>
        <description>Strada Sa Mandrachina 16  07040 Olmedo (SS)</description>
        <styleUrl>#icon-1899-0288D1</styleUrl>
      </Placemark>
      <Placemark>
        <name>FP Autotrasporti di Simone Piras sas</name>
        <address>Loc. San Giovanni  09010 Fluminimaggiore (SU)</address>
        <description>Loc. San Giovanni  09010 Fluminimaggiore (SU)</description>
        <styleUrl>#icon-1899-0288D1</styleUrl>
      </Placemark>
      <Placemark>
        <name><![CDATA[FRA. DES di Sanna Diego Nicola & C. S.A.S.]]></name>
        <address>Vicolo Carso 19  09170 Oristano (OR)</address>
        <description>Vicolo Carso 19  09170 Oristano (OR)</description>
        <styleUrl>#icon-1899-0288D1</styleUrl>
      </Placemark>
      <Placemark>
        <name>Fradelloni Raffaele e Figli S.p.A.</name>
        <address>Località Porto Canale s.n.  09123 Cagliari (CA)</address>
        <description>Località Porto Canale s.n.  09123 Cagliari (CA)</description>
        <styleUrl>#icon-1899-0288D1</styleUrl>
      </Placemark>
      <Placemark>
        <name>Francesca Musu</name>
        <address>Via Alghero 3  09086 Samugheo (OR)</address>
        <description>Via Alghero 3  09086 Samugheo (OR)</description>
        <styleUrl>#icon-1899-0288D1</styleUrl>
      </Placemark>
      <Placemark>
        <name>Francesco Congia</name>
        <address>Via Muraglia 4  09025 Sanluri (CA)</address>
        <description>Via Muraglia 4  09025 Sanluri (CA)</description>
        <styleUrl>#icon-1899-0288D1</styleUrl>
      </Placemark>
      <Placemark>
        <name>Francesco Orrù Autotrasporti</name>
        <address>via Cavour 8  09041 Dolianova (CA)</address>
        <description>via Cavour 8  09041 Dolianova (CA)</description>
        <styleUrl>#icon-1899-0288D1</styleUrl>
      </Placemark>
      <Placemark>
        <name><![CDATA[Franchini Service s.a.s. di Michele Franchini & C.]]></name>
        <address>Via Cettolini 24  09067 Elmas (CA)</address>
        <description>Via Cettolini 24  09067 Elmas (CA)</description>
        <styleUrl>#icon-1899-0288D1</styleUrl>
      </Placemark>
      <Placemark>
        <name>Franco Ortu S.R.L.</name>
        <address>Srada Prov.le 2 - KM. 0400  09028 Sestu (CA)</address>
        <description>Srada Prov.le 2 - KM. 0400  09028 Sestu (CA)</description>
        <styleUrl>#icon-1899-0288D1</styleUrl>
      </Placemark>
      <Placemark>
        <name>Fratelli Cherchi srl Officina</name>
        <address>via degli Artigiani 11  09070 Norbello (OR)</address>
        <description>via degli Artigiani 11  09070 Norbello (OR)</description>
        <styleUrl>#icon-1899-0288D1</styleUrl>
      </Placemark>
      <Placemark>
        <name>Fratelli Murrighile Sas</name>
        <address>Via Sos Balaros  07020 Monti (SS)</address>
        <description>Via Sos Balaros  07020 Monti (SS)</description>
        <styleUrl>#icon-1899-0288D1</styleUrl>
      </Placemark>
      <Placemark>
        <name>Frau Celestino</name>
        <address>via Mascagni 8  09027 Serrenti (VS)</address>
        <description>via Mascagni 8  09027 Serrenti (VS)</description>
        <styleUrl>#icon-1899-0288D1</styleUrl>
      </Placemark>
      <Placemark>
        <name>Frau Stefano</name>
        <address>Via Tuveri 6  09020 Samatzai (SU)</address>
        <description>Via Tuveri 6  09020 Samatzai (SU)</description>
        <styleUrl>#icon-1899-0288D1</styleUrl>
      </Placemark>
      <Placemark>
        <name>Freedom Service S.R.L.</name>
        <address>Via San Benedetto 1  09128 Cagliari (CA)</address>
        <description>Via San Benedetto 1  09128 Cagliari (CA)</description>
        <styleUrl>#icon-1899-0288D1</styleUrl>
      </Placemark>
      <Placemark>
        <name>Frigoservis S.r.l.</name>
        <description>39.24626964786528, 8.972271223767441</description>
        <styleUrl>#icon-1899-0288D1</styleUrl>
        <Point>
          <coordinates>
            8.97227122376744,39.2462696478653,0
          </coordinates>
        </Point>
      </Placemark>
      <Placemark>
        <name>Frigotrasporti Sardegna S.R.L.</name>
        <address>Via Gramsci 44  09067 Elmas (CA)</address>
        <description>Via Gramsci 44  09067 Elmas (CA)</description>
        <styleUrl>#icon-1899-0288D1</styleUrl>
      </Placemark>
      <Placemark>
        <name>Frigotrasporti Sardegna Snc</name>
        <address>Via Antonio Gramsci 44  09030 Elmas (CA)</address>
        <description>Via Antonio Gramsci 44  09030 Elmas (CA)</description>
        <styleUrl>#icon-1899-0288D1</styleUrl>
      </Placemark>
      <Placemark>
        <name><![CDATA[Frongia M. & G. S.R.L.]]></name>
        <address>Strada Statale 196 Km.32000  09039 Villacidro (SU)</address>
        <description>Strada Statale 196 Km.32000  09039 Villacidro (SU)</description>
        <styleUrl>#icon-1899-0288D1</styleUrl>
      </Placemark>
      <Placemark>
        <name>Frongia Nicola</name>
        <address>Via Oristano 8  09015 Domusnovas (SU)</address>
        <description>Via Oristano 8  09015 Domusnovas (SU)</description>
        <styleUrl>#icon-1899-0288D1</styleUrl>
      </Placemark>
      <Placemark>
        <name>Frongia Roberto</name>
        <address>Via Cagliari 13  08032 Desulo (NU)</address>
        <description>Via Cagliari 13  08032 Desulo (NU)</description>
        <styleUrl>#icon-1899-0288D1</styleUrl>
      </Placemark>
      <Placemark>
        <name>Frongia Scavi S.R.L.</name>
        <address>Via Galileo Galilei 4  08100 Nuoro (NU)</address>
        <description>Via Galileo Galilei 4  08100 Nuoro (NU)</description>
        <styleUrl>#icon-1899-0288D1</styleUrl>
      </Placemark>
      <Placemark>
        <name>Frongia Service di Eric Stefano Frongia</name>
        <address><![CDATA[Viale dei Giardini 31  09097 San Nicolò d'Arcidano (OR)]]></address>
        <description><![CDATA[Viale dei Giardini 31  09097 San Nicolò d'Arcidano (OR)]]></description>
        <styleUrl>#icon-1899-0288D1</styleUrl>
      </Placemark>
      <Placemark>
        <name>Fruit Garden S.r.l.</name>
        <address>Via Camillo Cavour 55  09015 Domusnovas (SU)</address>
        <description>Via Camillo Cavour 55  09015 Domusnovas (SU)</description>
        <styleUrl>#icon-1899-0288D1</styleUrl>
      </Placemark>
      <Placemark>
        <name>Fruit Point Sas di Porta Elena e C.</name>
        <address>Via Dottor Ortu 41  09039 Villacidro (SU)</address>
        <description>Via Dottor Ortu 41  09039 Villacidro (SU)</description>
        <styleUrl>#icon-1899-0288D1</styleUrl>
      </Placemark>
      <Placemark>
        <name>FTG Logistica Srls</name>
        <address>Via Pietra Nuragica 2  07026 Olbia (OT)</address>
        <description>Via Pietra Nuragica 2  07026 Olbia (OT)</description>
        <styleUrl>#icon-1899-0288D1</styleUrl>
      </Placemark>
      <Placemark>
        <name>Fulcav di Fullone Salvatore C. snc</name>
        <address>Strada provinciale 93 Km 1800  09047 Selargius (CA)</address>
        <description>Strada provinciale 93 Km 1800  09047 Selargius (CA)</description>
        <styleUrl>#icon-1899-0288D1</styleUrl>
      </Placemark>
      <Placemark>
        <name>Furcas Giuseppina</name>
        <address>Via Lamarmora 8  09040 San Nicolò Gerrei (CA)</address>
        <description>Via Lamarmora 8  09040 San Nicolò Gerrei (CA)</description>
        <styleUrl>#icon-1899-0288D1</styleUrl>
      </Placemark>
      <Placemark>
        <name>Furcas Roberto</name>
        <address>Via Enrico Berlinguer 14  09027 Serrenti (SU)</address>
        <description>Via Enrico Berlinguer 14  09027 Serrenti (SU)</description>
        <styleUrl>#icon-1899-0288D1</styleUrl>
      </Placemark>
      <Placemark>
        <name><![CDATA[G & C srls Unipersonale]]></name>
        <address>Strada Provinciale 38 Bis 46  07026 Olbia (OT)</address>
        <description>Strada Provinciale 38 Bis 46  07026 Olbia (OT)</description>
        <styleUrl>#icon-1899-0288D1</styleUrl>
      </Placemark>
      <Placemark>
        <name><![CDATA[G & F Fruit Srl]]></name>
        <address>Loc. Sa marigosa Mercato Ortofrutticolo Box 62  09028 Sestu (CA)</address>
        <description>Loc. Sa marigosa Mercato Ortofrutticolo Box 62  09028 Sestu (CA)</description>
        <styleUrl>#icon-1899-0288D1</styleUrl>
      </Placemark>
      <Placemark>
        <name><![CDATA[G&C Trasporti S.R.L.S.]]></name>
        <address>Via Vittorio Veneto 28  09012 Capoterra (CA)</address>
        <description>Via Vittorio Veneto 28  09012 Capoterra (CA)</description>
        <styleUrl>#icon-1899-0288D1</styleUrl>
      </Placemark>
      <Placemark>
        <name><![CDATA[G&S Di Gianluca Tocco]]></name>
        <address>Via Campu Braxiu 3  09024 Nuraminis (SU)</address>
        <description>Via Campu Braxiu 3  09024 Nuraminis (SU)</description>
        <styleUrl>#icon-1899-0288D1</styleUrl>
      </Placemark>
      <Placemark>
        <name>G. P. Trasporti</name>
        <address>via V. Veneto 28  09012 Capoterra (CA)</address>
        <description>via V. Veneto 28  09012 Capoterra (CA)</description>
        <styleUrl>#icon-1899-0288D1</styleUrl>
      </Placemark>
      <Placemark>
        <name>G.A.C S.A.S. di Viola Carolina Sanna</name>
        <address>Via Umberto I 52  09040 Gesico (SU)</address>
        <description>Via Umberto I 52  09040 Gesico (SU)</description>
        <styleUrl>#icon-1899-0288D1</styleUrl>
      </Placemark>
      <Placemark>
        <name>G.A.S. di Sechi Giambattista</name>
        <address>Corso Umberto I 123  07020 Buddusò (SS)</address>
        <description>Corso Umberto I 123  07020 Buddusò (SS)</description>
        <styleUrl>#icon-1899-0288D1</styleUrl>
      </Placemark>
      <Placemark>
        <name>G.E.D Fornitura Pietre e Autotrasporti S.R.L.S</name>
        <address>Località Sas Enas 15/A  07020 Padru (SS)</address>
        <description>Località Sas Enas 15/A  07020 Padru (SS)</description>
        <styleUrl>#icon-1899-0288D1</styleUrl>
      </Placemark>
      <Placemark>
        <name>G.E.M. Autotrasporti s.r.l.</name>
        <address>Via Costituzione 4  09020 Villamar (VS)</address>
        <description>Via Costituzione 4  09020 Villamar (VS)</description>
        <styleUrl>#icon-1899-0288D1</styleUrl>
      </Placemark>
      <Placemark>
        <name><![CDATA[G.L. Trasport di Giovannino & Lorenzo Usai s.n.c.]]></name>
        <address>III traversa Via dei Mandorli snc  09044 Quartucciu (CA)</address>
        <description>III traversa Via dei Mandorli snc  09044 Quartucciu (CA)</description>
        <styleUrl>#icon-1899-0288D1</styleUrl>
      </Placemark>
      <Placemark>
        <name>G.L.B Rottami srl</name>
        <address>via Agnelli snc  09010 Villaspeciosa (SU)</address>
        <description>via Agnelli snc  09010 Villaspeciosa (SU)</description>
        <styleUrl>#icon-1899-0288D1</styleUrl>
      </Placemark>
      <Placemark>
        <name><![CDATA[G.M. Carta & C. S.P.A.]]></name>
        <address>Strada Statale 131 Km. 7300 (Via Monastir) N 10  09100 Sestu (CA)</address>
        <description>Strada Statale 131 Km. 7300 (Via Monastir) N 10  09100 Sestu (CA)</description>
        <styleUrl>#icon-1899-0288D1</styleUrl>
      </Placemark>
      <Placemark>
        <name>G.P. Service</name>
        <address>Via la Marmora 18  09075 Santu Lussurgiu (OR)</address>
        <description>Via la Marmora 18  09075 Santu Lussurgiu (OR)</description>
        <styleUrl>#icon-1899-0288D1</styleUrl>
      </Placemark>
      <Placemark>
        <name>G.S. Cars srls</name>
        <address>Via Epicuro 18  07026 Olbia (OT)</address>
        <description>Via Epicuro 18  07026 Olbia (OT)</description>
        <styleUrl>#icon-1899-0288D1</styleUrl>
      </Placemark>
      <Placemark>
        <name>G.S. S.R.L.</name>
        <address>Località Cossazzu Snc  08031 Aritzo (NU)</address>
        <description>Località Cossazzu Snc  08031 Aritzo (NU)</description>
        <styleUrl>#icon-1899-0288D1</styleUrl>
      </Placemark>
      <Placemark>
        <name>G.S. servizi trasporti logistica srl</name>
        <description>39.53805356914758, 8.923344312485797</description>
        <styleUrl>#icon-1899-0288D1</styleUrl>
        <Point>
          <coordinates>
            8.9233443124858,39.5380535691476,0
          </coordinates>
        </Point>
      </Placemark>
      <Placemark>
        <name><![CDATA[G.S. Solinas S.A.S. di Gian Piero Solinas & C.]]></name>
        <address>Via Guglielmo Marconi 23  07010 Burgos (SS)</address>
        <description>Via Guglielmo Marconi 23  07010 Burgos (SS)</description>
        <styleUrl>#icon-1899-0288D1</styleUrl>
      </Placemark>
      <Placemark>
        <name>G.S.A. Servizi Società cooperativa arl</name>
        <address>via Pabillonis 6  09035 Gonnosfanadiga (SU)</address>
        <description>via Pabillonis 6  09035 Gonnosfanadiga (SU)</description>
        <styleUrl>#icon-1899-0288D1</styleUrl>
      </Placemark>
      <Placemark>
        <name>G.s.m. impianti di Carboni Simone</name>
        <address>Via Vico 3  09040 Soleminis (CA)</address>
        <description>Via Vico 3  09040 Soleminis (CA)</description>
        <styleUrl>#icon-1899-0288D1</styleUrl>
      </Placemark>
      <Placemark>
        <name>G.T. Shardana Motor Sport S.R.L. Sem Plificata</name>
        <address>Via Siviglia 10  09129 Cagliari (CA)</address>
        <description>Via Siviglia 10  09129 Cagliari (CA)</description>
        <styleUrl>#icon-1899-0288D1</styleUrl>
      </Placemark>
      <Placemark>
        <name>Ga.Ve.Da S.R.L.</name>
        <address>Via Atene 9  09129 Cagliari (CA)</address>
        <description>Via Atene 9  09129 Cagliari (CA)</description>
        <styleUrl>#icon-1899-0288D1</styleUrl>
      </Placemark>
      <Placemark>
        <name>Gabriele Cabras</name>
        <address>Via Cagliari 2A  09041 Dolianova (SU)</address>
        <description>Via Cagliari 2A  09041 Dolianova (SU)</description>
        <styleUrl>#icon-1899-0288D1</styleUrl>
      </Placemark>
      <Placemark>
        <name>Gabriele Murgia</name>
        <address>Loc. Porto Canale SNC  09123 Cagliari (CA)</address>
        <description>Loc. Porto Canale SNC  09123 Cagliari (CA)</description>
        <styleUrl>#icon-1899-0288D1</styleUrl>
      </Placemark>
      <Placemark>
        <name>Gaclà Srl</name>
        <address>Via G. Falcone 8  09030 Elmas (CA)</address>
        <description>Via G. Falcone 8  09030 Elmas (CA)</description>
        <styleUrl>#icon-1899-0288D1</styleUrl>
      </Placemark>
      <Placemark>
        <name>Gaetano Bottone</name>
        <address>Via Italo Balbo 29  09080 Villaurbana (OR)</address>
        <description>Via Italo Balbo 29  09080 Villaurbana (OR)</description>
        <styleUrl>#icon-1899-0288D1</styleUrl>
      </Placemark>
      <Placemark>
        <name>Gaias Giuseppe Autotrasporti</name>
        <address>Via Cairoli 6  07016 Pattada (SS)</address>
        <description>Via Cairoli 6  07016 Pattada (SS)</description>
        <styleUrl>#icon-1899-0288D1</styleUrl>
      </Placemark>
      <Placemark>
        <name>Galanello Massimiliano</name>
        <address>Loc. sa Murta  09023 Monastir (SU)</address>
        <description>Loc. sa Murta  09023 Monastir (SU)</description>
        <styleUrl>#icon-1899-0288D1</styleUrl>
      </Placemark>
      <Placemark>
        <name>Galimberti 3G srl</name>
        <address>Via Cocco Ortu 89  09128 Cagliari (CA)</address>
        <description>Via Cocco Ortu 89  09128 Cagliari (CA)</description>
        <styleUrl>#icon-1899-0288D1</styleUrl>
      </Placemark>
      <Placemark>
        <name>GALIZIA ROBERTO</name>
        <address>LOC. SAN GAETANO  09044 QUARTUCCIU (CA)</address>
        <description>LOC. SAN GAETANO  09044 QUARTUCCIU (CA)</description>
        <styleUrl>#icon-1899-0288D1</styleUrl>
      </Placemark>
      <Placemark>
        <name><![CDATA[Gallone Trasporti srl di Patteri Vincenzo & C.]]></name>
        <address>Via De Gasperi 22  08022 Dorgali (NU)</address>
        <description>Via De Gasperi 22  08022 Dorgali (NU)</description>
        <styleUrl>#icon-1899-0288D1</styleUrl>
      </Placemark>
      <Placemark>
        <name>Gallus Costruzioni di Gallus Giuseppe</name>
        <address>via San Platano 47  09010 VILLASPECIOSA (SU)</address>
        <description>via San Platano 47  09010 VILLASPECIOSA (SU)</description>
        <styleUrl>#icon-1899-0288D1</styleUrl>
      </Placemark>
      <Placemark>
        <name>Galtransport S.R.L.</name>
        <address>Zona Industriale Alta Gallura  07029 Tempio Pausania (SS)</address>
        <description>Zona Industriale Alta Gallura  07029 Tempio Pausania (SS)</description>
        <styleUrl>#icon-1899-0288D1</styleUrl>
      </Placemark>
      <Placemark>
        <name>Gambella89 di Gambella Giorgio</name>
        <address>Via Cannas 41  09013 Carbonia (SU)</address>
        <description>Via Cannas 41  09013 Carbonia (SU)</description>
        <styleUrl>#icon-1899-0288D1</styleUrl>
      </Placemark>
      <Placemark>
        <name>Ganbella di Gambella Antonello</name>
        <address>Via Risorgimento 59  09013 CARBONIA (SU)</address>
        <description>Via Risorgimento 59  09013 CARBONIA (SU)</description>
        <styleUrl>#icon-1899-0288D1</styleUrl>
      </Placemark>
      <Placemark>
        <name>Garage Service S.N.C</name>
        <address>Via G.B. Tuveri 16  09040 Furtei (SU)</address>
        <description>Via G.B. Tuveri 16  09040 Furtei (SU)</description>
        <styleUrl>#icon-1899-0288D1</styleUrl>
      </Placemark>
      <Placemark>
        <name>Garau Antonello Igino</name>
        <address>Via Nazionale 21  08040 Loceri (NU)</address>
        <description>Via Nazionale 21  08040 Loceri (NU)</description>
        <styleUrl>#icon-1899-0288D1</styleUrl>
      </Placemark>
      <Placemark>
        <name>Garau Daniele</name>
        <address>Via San Nicolò 94  09039 Villacidro (VS)</address>
        <description>Via San Nicolò 94  09039 Villacidro (VS)</description>
        <styleUrl>#icon-1899-0288D1</styleUrl>
      </Placemark>
      <Placemark>
        <name>Garau Giovanni</name>
        <address>Via Lubiana 325  09013 Carbonia (SU)</address>
        <description>Via Lubiana 325  09013 Carbonia (SU)</description>
        <styleUrl>#icon-1899-0288D1</styleUrl>
      </Placemark>
      <Placemark>
        <name>Garau Legnami Snc</name>
        <address>Via Helsinki Z.I. Nord  09170 Oristano (OR)</address>
        <description>Via Helsinki Z.I. Nord  09170 Oristano (OR)</description>
        <styleUrl>#icon-1899-0288D1</styleUrl>
      </Placemark>
      <Placemark>
        <name>Garau Trasporti di Manuela Serra</name>
        <address>Via Giuseppe Verdi 44  09098 Terralba (OR)</address>
        <description>Via Giuseppe Verdi 44  09098 Terralba (OR)</description>
        <styleUrl>#icon-1899-0288D1</styleUrl>
      </Placemark>
      <Placemark>
        <name>Garzia Carla</name>
        <address><![CDATA[Via Sant'Alenixedda 79  09128 Cagliari (CA)]]></address>
        <description><![CDATA[Via Sant'Alenixedda 79  09128 Cagliari (CA)]]></description>
        <styleUrl>#icon-1899-0288D1</styleUrl>
      </Placemark>
      <Placemark>
        <name>Gas Auto Service S.r.l.s.</name>
        <address>Via Carmine 193  09032 Assemini (CA)</address>
        <description>Via Carmine 193  09032 Assemini (CA)</description>
        <styleUrl>#icon-1899-0288D1</styleUrl>
      </Placemark>
      <Placemark>
        <name>Gascano di Scano Marco</name>
        <address>Via I Maggio 14  09040 Guasila (SU)</address>
        <description>Via I Maggio 14  09040 Guasila (SU)</description>
        <styleUrl>#icon-1899-0288D1</styleUrl>
      </Placemark>
      <Placemark>
        <name>Gav Srl</name>
        <address>Via Tamburino sardo 24  09134 Cagliari (CA)</address>
        <description>Via Tamburino sardo 24  09134 Cagliari (CA)</description>
        <styleUrl>#icon-1899-0288D1</styleUrl>
      </Placemark>
      <Placemark>
        <name>Gaviano Fabrizio</name>
        <address>Via Regina Margherita  09052 Escolca (SU)</address>
        <description>Via Regina Margherita  09052 Escolca (SU)</description>
        <styleUrl>#icon-1899-0288D1</styleUrl>
      </Placemark>
      <Placemark>
        <name>GBA Demolizioni Recupero e Vendita Inerti S.R.L.</name>
        <address>Via Repubblica 143  09039 Villacidro (SU)</address>
        <description>Via Repubblica 143  09039 Villacidro (SU)</description>
        <styleUrl>#icon-1899-0288D1</styleUrl>
      </Placemark>
      <Placemark>
        <name>Ge.Si. Casa di Tedde Mario In Breve G.S.C.</name>
        <address>Via Santa Barbara 6  08100 Nuoro (NU)</address>
        <description>Via Santa Barbara 6  08100 Nuoro (NU)</description>
        <styleUrl>#icon-1899-0288D1</styleUrl>
      </Placemark>
      <Placemark>
        <name>Gel - Company di Caria Sauro e C. S.A.S.</name>
        <address>Via San Basilio 71/B  09010 Decimoputzu (SU)</address>
        <description>Via San Basilio 71/B  09010 Decimoputzu (SU)</description>
        <styleUrl>#icon-1899-0288D1</styleUrl>
      </Placemark>
      <Placemark>
        <name>Gel Distribuzione Srl</name>
        <address>Via Seychelles 28 - Z. I.  07026 Olbia (OT)</address>
        <description>Via Seychelles 28 - Z. I.  07026 Olbia (OT)</description>
        <styleUrl>#icon-1899-0288D1</styleUrl>
      </Placemark>
      <Placemark>
        <name>Gemini Express S.a.S.</name>
        <address>Strada 8 ovest pod 165  09092 Arborea (OR)</address>
        <description>Strada 8 ovest pod 165  09092 Arborea (OR)</description>
        <styleUrl>#icon-1899-0288D1</styleUrl>
      </Placemark>
      <Placemark>
        <name>General Meccanica Srl</name>
        <address><![CDATA[Via Pola 9  09045 Quartu Sant'Elena (CA)]]></address>
        <description><![CDATA[Via Pola 9  09045 Quartu Sant'Elena (CA)]]></description>
        <styleUrl>#icon-1899-0288D1</styleUrl>
      </Placemark>
      <Placemark>
        <name>General Services Corporation S.R.L.S.</name>
        <address>Via Alfonso Ligas 14  09121 Cagliari (CA)</address>
        <description>Via Alfonso Ligas 14  09121 Cagliari (CA)</description>
        <styleUrl>#icon-1899-0288D1</styleUrl>
      </Placemark>
      <Placemark>
        <name>General Trasporti Srl</name>
        <address>Loc. Su Lillu  09012 Capoterra (CA)</address>
        <description>Loc. Su Lillu  09012 Capoterra (CA)</description>
        <styleUrl>#icon-1899-0288D1</styleUrl>
      </Placemark>
      <Placemark>
        <name>Gennarelli Guido</name>
        <address>Via Rossini 63/B  09128 Cagliari (CA)</address>
        <description>Via Rossini 63/B  09128 Cagliari (CA)</description>
        <styleUrl>#icon-1899-0288D1</styleUrl>
      </Placemark>
      <Placemark>
        <name><![CDATA[Geoambiente Italia di Doneddu Alessio Arturo & C. Sas]]></name>
        <address>Via Murichessa 138  08100 Nuoro (NU)</address>
        <description>Via Murichessa 138  08100 Nuoro (NU)</description>
        <styleUrl>#icon-1899-0288D1</styleUrl>
      </Placemark>
      <Placemark>
        <name>Geom. Maurizio Marras</name>
        <address>Via Montebello 9  08030 Meana Sardo (NU)</address>
        <description>Via Montebello 9  08030 Meana Sardo (NU)</description>
        <styleUrl>#icon-1899-0288D1</styleUrl>
      </Placemark>
      <Placemark>
        <name>Geometra Borea Edoardo Allestimenti Industriali</name>
        <address>via Corbino 22  09067 Elmas (CA)</address>
        <description>via Corbino 22  09067 Elmas (CA)</description>
        <styleUrl>#icon-1899-0288D1</styleUrl>
      </Placemark>
      <Placemark>
        <name>Geosarda s.n.c. di Fratelli Porceddu</name>
        <address><![CDATA[via Gavino Pes 1  09045 Quartu Sant'Elena (CA)]]></address>
        <description><![CDATA[via Gavino Pes 1  09045 Quartu Sant'Elena (CA)]]></description>
        <styleUrl>#icon-1899-0288D1</styleUrl>
      </Placemark>
      <Placemark>
        <name>Geotecnic Perforazioni di Muntone Christian</name>
        <address>Via Andrea Cordedda 12  08023 Fonni (NU)</address>
        <description>Via Andrea Cordedda 12  08023 Fonni (NU)</description>
        <styleUrl>#icon-1899-0288D1</styleUrl>
      </Placemark>
      <Placemark>
        <name>Geri Alberto</name>
        <address>Via Lucca 10  09126 Cagliari (CA)</address>
        <description>Via Lucca 10  09126 Cagliari (CA)</description>
        <styleUrl>#icon-1899-0288D1</styleUrl>
      </Placemark>
      <Placemark>
        <name>Gesam srl</name>
        <address>Zona industriale Truncu Reale lotto 19  07100 Sassari (SS)</address>
        <description>Zona industriale Truncu Reale lotto 19  07100 Sassari (SS)</description>
        <styleUrl>#icon-1899-0288D1</styleUrl>
      </Placemark>
      <Placemark>
        <name>Gessa Carlo</name>
        <address>Via Garibaldi 35  09040 Mandas (SU)</address>
        <description>Via Garibaldi 35  09040 Mandas (SU)</description>
        <styleUrl>#icon-1899-0288D1</styleUrl>
      </Placemark>
      <Placemark>
        <name>Ghiani Andrea</name>
        <address>Via Priore Verengario 26  09129 Cagliari (CA)</address>
        <description>Via Priore Verengario 26  09129 Cagliari (CA)</description>
        <styleUrl>#icon-1899-0288D1</styleUrl>
      </Placemark>
      <Placemark>
        <name>Ghiani Antonio</name>
        <address>Via Villanovafranca 19  09040 Guasila (CA)</address>
        <description>Via Villanovafranca 19  09040 Guasila (CA)</description>
        <styleUrl>#icon-1899-0288D1</styleUrl>
      </Placemark>
      <Placemark>
        <name>Ghiani Luciano</name>
        <address>Via Municipio 17  09055 Gergei (SU)</address>
        <description>Via Municipio 17  09055 Gergei (SU)</description>
        <styleUrl>#icon-1899-0288D1</styleUrl>
      </Placemark>
      <Placemark>
        <name>Ghs Trucks di Federico Ghisu</name>
        <address>Via della Casa Comunale 27  09038 Serramanna (SU)</address>
        <description>Via della Casa Comunale 27  09038 Serramanna (SU)</description>
        <styleUrl>#icon-1899-0288D1</styleUrl>
      </Placemark>
      <Placemark>
        <name>Giagheddu Antonio</name>
        <address>Via Roma 78  07020 Monti (OT)</address>
        <description>Via Roma 78  07020 Monti (OT)</description>
        <styleUrl>#icon-1899-0288D1</styleUrl>
      </Placemark>
      <Placemark>
        <name>Giampiero Foddis</name>
        <address>Via Virginia 31  09133 Monserrato (CA)</address>
        <description>Via Virginia 31  09133 Monserrato (CA)</description>
        <styleUrl>#icon-1899-0288D1</styleUrl>
      </Placemark>
      <Placemark>
        <name>Gian Marco Ruggeri</name>
        <address>Via Giussano 8  09098 Terralba (OR)</address>
        <description>Via Giussano 8  09098 Terralba (OR)</description>
        <styleUrl>#icon-1899-0288D1</styleUrl>
      </Placemark>
      <Placemark>
        <name>Giancarlo Augusti S.R.L.S.</name>
        <address>Via Fratelli Cairoli 25  09134 Cagliari (CA)</address>
        <description>Via Fratelli Cairoli 25  09134 Cagliari (CA)</description>
        <styleUrl>#icon-1899-0288D1</styleUrl>
      </Placemark>
      <Placemark>
        <name>Giancarlo Lai</name>
        <address><![CDATA[Vico I rinascita 4  09097 San Nicolò d'Arcidano (OR)]]></address>
        <description><![CDATA[Vico I rinascita 4  09097 San Nicolò d'Arcidano (OR)]]></description>
        <styleUrl>#icon-1899-0288D1</styleUrl>
      </Placemark>
      <Placemark>
        <name>Gianluca Scarano</name>
        <address>Loc. Monte Mereu Strada 21 Vico II 8  09018 Sarroch (CA)</address>
        <description>Loc. Monte Mereu Strada 21 Vico II 8  09018 Sarroch (CA)</description>
        <styleUrl>#icon-1899-0288D1</styleUrl>
      </Placemark>
      <Placemark>
        <name>Gianni Usai Scavi e Movimento Terra</name>
        <address>via Carmine 223  09032 Assemini (CA)</address>
        <description>via Carmine 223  09032 Assemini (CA)</description>
        <styleUrl>#icon-1899-0288D1</styleUrl>
      </Placemark>
      <Placemark>
        <name>Gianrico Secci</name>
        <address>Via Nuoro 17  09032 Assemini (CA)</address>
        <description>Via Nuoro 17  09032 Assemini (CA)</description>
        <styleUrl>#icon-1899-0288D1</styleUrl>
      </Placemark>
      <Placemark>
        <name>Giardini del Sud di Mereu Giuseppe</name>
        <description>39.32018597198025, 9.002827741314043</description>
        <styleUrl>#icon-1899-0288D1</styleUrl>
        <Point>
          <coordinates>
            9.00282774131404,39.3201859719803,0
          </coordinates>
        </Point>
      </Placemark>
      <Placemark>
        <name>Giarrusso Giuseppe</name>
        <address>Strada Statale 388 Km.7800  09088 Simaxis (OR)</address>
        <description>Strada Statale 388 Km.7800  09088 Simaxis (OR)</description>
        <styleUrl>#icon-1899-0288D1</styleUrl>
      </Placemark>
      <Placemark>
        <name>Gieffe Holding Srl</name>
        <address>Via Monte Gran Sasso 60  09047 Selargius (CA)</address>
        <description>Via Monte Gran Sasso 60  09047 Selargius (CA)</description>
        <styleUrl>#icon-1899-0288D1</styleUrl>
      </Placemark>
      <Placemark>
        <name>Gieffe Trasporti Srl</name>
        <address>Via Francesco Ciusa 46  09131 Cagliari (CA)</address>
        <description>Via Francesco Ciusa 46  09131 Cagliari (CA)</description>
        <styleUrl>#icon-1899-0288D1</styleUrl>
      </Placemark>
      <Placemark>
        <name>Gielle srl</name>
        <address>via San Martino 13  08100 Nuoro (NU)</address>
        <description>via San Martino 13  08100 Nuoro (NU)</description>
        <styleUrl>#icon-1899-0288D1</styleUrl>
      </Placemark>
      <Placemark>
        <name>Giglio Candido</name>
        <address>Località Magalli Snc  09040 Guasila (SU)</address>
        <description>Località Magalli Snc  09040 Guasila (SU)</description>
        <styleUrl>#icon-1899-0288D1</styleUrl>
      </Placemark>
      <Placemark>
        <name>Gilima s.r.l.</name>
        <address><![CDATA[Loc. S'Ena snc  07030 Florinas (SS)]]></address>
        <description><![CDATA[Loc. S'Ena snc  07030 Florinas (SS)]]></description>
        <styleUrl>#icon-1899-0288D1</styleUrl>
      </Placemark>
      <Placemark>
        <name>Ginesu Stefano</name>
        <address>Traversa Delle Ginestre  09100 Cagliari (CA)</address>
        <description>Traversa Delle Ginestre  09100 Cagliari (CA)</description>
        <styleUrl>#icon-1899-0288D1</styleUrl>
      </Placemark>
      <Placemark>
        <name>Giobbo Mauro Autotrasporti</name>
        <address>via Cuccu 14  08027 Orgosolo (NU)</address>
        <description>via Cuccu 14  08027 Orgosolo (NU)</description>
        <styleUrl>#icon-1899-0288D1</styleUrl>
      </Placemark>
      <Placemark>
        <name>Gioi Nicola</name>
        <address>vivo I Manzoni 15  08032 Desulo (NU)</address>
        <description>vivo I Manzoni 15  08032 Desulo (NU)</description>
        <styleUrl>#icon-1899-0288D1</styleUrl>
      </Placemark>
      <Placemark>
        <name>Giorgia Scavi di Floris Luigi</name>
        <address>via XX Settembre 10  08048 Tortolì (NU)</address>
        <description>via XX Settembre 10  08048 Tortolì (NU)</description>
        <styleUrl>#icon-1899-0288D1</styleUrl>
      </Placemark>
      <Placemark>
        <name>Giorgiascavi S.R.L.S.</name>
        <address>Località Scerì Snc  08040 Ilbono (NU)</address>
        <description>Località Scerì Snc  08040 Ilbono (NU)</description>
        <styleUrl>#icon-1899-0288D1</styleUrl>
      </Placemark>
      <Placemark>
        <name>Giostra Andrea</name>
        <address>Vico I Barbaggia 5  09058 Nurallao (SU)</address>
        <description>Vico I Barbaggia 5  09058 Nurallao (SU)</description>
        <styleUrl>#icon-1899-0288D1</styleUrl>
      </Placemark>
      <Placemark>
        <name>Giovanni Antonio Deligia</name>
        <address>Via Vitt. Emanuele 12  08016 Borore (NU)</address>
        <description>Via Vitt. Emanuele 12  08016 Borore (NU)</description>
        <styleUrl>#icon-1899-0288D1</styleUrl>
      </Placemark>
      <Placemark>
        <name>Giovanni Gavino Vargiu</name>
        <address>Sp 042 dei due mari 116 Località Campanedda  07100 Sassari (SS)</address>
        <description>Sp 042 dei due mari 116 Località Campanedda  07100 Sassari (SS)</description>
        <styleUrl>#icon-1899-0288D1</styleUrl>
      </Placemark>
      <Placemark>
        <name>Giovanni Orrù</name>
        <address>Via Messina 10  09016 Iglesias (SU)</address>
        <description>Via Messina 10  09016 Iglesias (SU)</description>
        <styleUrl>#icon-1899-0288D1</styleUrl>
      </Placemark>
      <Placemark>
        <name>Giovanni Patteri</name>
        <address>Via Concordia 23  08022 Dorgali (NU)</address>
        <description>Via Concordia 23  08022 Dorgali (NU)</description>
        <styleUrl>#icon-1899-0288D1</styleUrl>
      </Placemark>
      <Placemark>
        <name>Giovanni Urraci</name>
        <address>via Graibaldi 12  09020 Villamar (SU)</address>
        <description>via Graibaldi 12  09020 Villamar (SU)</description>
        <styleUrl>#icon-1899-0288D1</styleUrl>
      </Placemark>
      <Placemark>
        <name>Gisca Ecologica S.a.s.</name>
        <address>Z.I. Predda Niedda Sud Str. 27  07100 Sassari (SS)</address>
        <description>Z.I. Predda Niedda Sud Str. 27  07100 Sassari (SS)</description>
        <styleUrl>#icon-1899-0288D1</styleUrl>
      </Placemark>
      <Placemark>
        <name>Giulia Autotrasporti srls</name>
        <address>Loc. Motorra snc  08022 Dorgali (NU)</address>
        <description>Loc. Motorra snc  08022 Dorgali (NU)</description>
        <styleUrl>#icon-1899-0288D1</styleUrl>
      </Placemark>
      <Placemark>
        <name>Giuliano Bachis</name>
        <address>Via Avogadro 33  09121 Cagliari (CA)</address>
        <description>Via Avogadro 33  09121 Cagliari (CA)</description>
        <styleUrl>#icon-1899-0288D1</styleUrl>
      </Placemark>
      <Placemark>
        <name>Giuseppe Manunza</name>
        <address>Via Martiri del Congo 58  09170 Oristano (OR)</address>
        <description>Via Martiri del Congo 58  09170 Oristano (OR)</description>
        <styleUrl>#icon-1899-0288D1</styleUrl>
      </Placemark>
      <Placemark>
        <name>Giuseppe Sanna</name>
        <address>Via Alessandro Manzoni 15  07100 sassari (SS)</address>
        <description>Via Alessandro Manzoni 15  07100 sassari (SS)</description>
        <styleUrl>#icon-1899-0288D1</styleUrl>
      </Placemark>
      <Placemark>
        <name>Giuseppina Oppes</name>
        <address>via Diaz 13  07018 Pozzomaggiore (SS)</address>
        <description>via Diaz 13  07018 Pozzomaggiore (SS)</description>
        <styleUrl>#icon-1899-0288D1</styleUrl>
      </Placemark>
      <Placemark>
        <name>Gizeta di Francesco Giovanni Zoroddu</name>
        <address>S.S. 389 Loc. Bidolzu Z.I.  07020 Buddusò (SS)</address>
        <description>S.S. 389 Loc. Bidolzu Z.I.  07020 Buddusò (SS)</description>
        <styleUrl>#icon-1899-0288D1</styleUrl>
      </Placemark>
      <Placemark>
        <name>Global Tour 2 srl</name>
        <address>via Carducci 9  09128 Cagliari (CA)</address>
        <description>via Carducci 9  09128 Cagliari (CA)</description>
        <styleUrl>#icon-1899-0288D1</styleUrl>
      </Placemark>
      <Placemark>
        <name>GLS (Sardegna Servizi Espressi srl)</name>
        <address>via Michele Giua - Z.I. ex Casic  09121 Cagliari (CA)</address>
        <description>via Michele Giua - Z.I. ex Casic  09121 Cagliari (CA)</description>
        <styleUrl>#icon-1899-0288D1</styleUrl>
      </Placemark>
      <Placemark>
        <name>GM Legnami di Michael Collu</name>
        <address><![CDATA[via Dante 18/20  09045 Quartu Sant'Elena (CA)]]></address>
        <description><![CDATA[via Dante 18/20  09045 Quartu Sant'Elena (CA)]]></description>
        <styleUrl>#icon-1899-0288D1</styleUrl>
      </Placemark>
      <Placemark>
        <name>GMP SRLS</name>
        <address>Zona Sedrianedda snc  09047 Selargius (CA)</address>
        <description>Zona Sedrianedda snc  09047 Selargius (CA)</description>
        <styleUrl>#icon-1899-0288D1</styleUrl>
      </Placemark>
      <Placemark>
        <name>Goia Silvia</name>
        <address><![CDATA[Via Sant'Ignazio da Laconi 38  09123 Cagliari (CA)]]></address>
        <description><![CDATA[Via Sant'Ignazio da Laconi 38  09123 Cagliari (CA)]]></description>
        <styleUrl>#icon-1899-0288D1</styleUrl>
      </Placemark>
      <Placemark>
        <name>Gorni Riccardo</name>
        <address>Via Campo Pisano  09100 Cagliari (CA)</address>
        <description>Via Campo Pisano  09100 Cagliari (CA)</description>
        <styleUrl>#icon-1899-0288D1</styleUrl>
      </Placemark>
      <Placemark>
        <name>Gosamo Sergio</name>
        <address>via Pietro Pinna 2  08100 Borore (NU)</address>
        <description>via Pietro Pinna 2  08100 Borore (NU)</description>
        <styleUrl>#icon-1899-0288D1</styleUrl>
      </Placemark>
      <Placemark>
        <name>GP10 di Giuseppe Isola</name>
        <address>Via Carlo Sanna 249  09040 Senorbì (SU)</address>
        <description>Via Carlo Sanna 249  09040 Senorbì (SU)</description>
        <styleUrl>#icon-1899-0288D1</styleUrl>
      </Placemark>
      <Placemark>
        <name>GP10 di Valentina Bertocchi</name>
        <address>Viale Europa 119  09023 Monastir (SU)</address>
        <description>Viale Europa 119  09023 Monastir (SU)</description>
        <styleUrl>#icon-1899-0288D1</styleUrl>
      </Placemark>
      <Placemark>
        <name>Gramm Alexander</name>
        <address>Via della libertà 31  09040 Soleminis (CA)</address>
        <description>Via della libertà 31  09040 Soleminis (CA)</description>
        <styleUrl>#icon-1899-0288D1</styleUrl>
      </Placemark>
      <Placemark>
        <name>Granella Carni S.R.L.</name>
        <address>Via Lea Garofalo Snc  09010 Villamassargia (SU)</address>
        <description>Via Lea Garofalo Snc  09010 Villamassargia (SU)</description>
        <styleUrl>#icon-1899-0288D1</styleUrl>
      </Placemark>
      <Placemark>
        <name>Graviano Carmelo</name>
        <address>Via Rosselli 4  09047 Selargius (CA)</address>
        <description>Via Rosselli 4  09047 Selargius (CA)</description>
        <styleUrl>#icon-1899-0288D1</styleUrl>
      </Placemark>
      <Placemark>
        <name>Green Land S.R.L.</name>
        <address>via Pasquale Cugia 43  09129 Cagliari (CA)</address>
        <description>via Pasquale Cugia 43  09129 Cagliari (CA)</description>
        <styleUrl>#icon-1899-0288D1</styleUrl>
      </Placemark>
      <Placemark>
        <name>Grendi Trasporti Marittimi S.P.A.</name>
        <address>Località Porto Canale  09123 Cagliari (CA)</address>
        <description>Località Porto Canale  09123 Cagliari (CA)</description>
        <styleUrl>#icon-1899-0288D1</styleUrl>
      </Placemark>
      <Placemark>
        <name>Grini Pietro</name>
        <address>Via Trieste 13  07010 Benetutti (SS)</address>
        <description>Via Trieste 13  07010 Benetutti (SS)</description>
        <styleUrl>#icon-1899-0288D1</styleUrl>
      </Placemark>
      <Placemark>
        <name>Grm di Alessandro Durzu</name>
        <address>Viale Guglielmo Marconi 175  09131 Cagliari (CA)</address>
        <description>Viale Guglielmo Marconi 175  09131 Cagliari (CA)</description>
        <styleUrl>#icon-1899-0288D1</styleUrl>
      </Placemark>
      <Placemark>
        <name>Grossfrutta srl</name>
        <address>Via Is Sannas 20  09010 San Giovanni Suergiu (CI)</address>
        <description>Via Is Sannas 20  09010 San Giovanni Suergiu (CI)</description>
        <styleUrl>#icon-1899-0288D1</styleUrl>
      </Placemark>
      <Placemark>
        <name>Gru Service srl</name>
        <address>Via del Pino Solitirio Loc. truncu is follas  09032 Assemini (CA)</address>
        <description>Via del Pino Solitirio Loc. truncu is follas  09032 Assemini (CA)</description>
        <styleUrl>#icon-1899-0288D1</styleUrl>
      </Placemark>
      <Placemark>
        <name>Gruppo Caria Srl</name>
        <address>Via Bellini 9  09128 Cagliari (CA)</address>
        <description>Via Bellini 9  09128 Cagliari (CA)</description>
        <styleUrl>#icon-1899-0288D1</styleUrl>
      </Placemark>
      <Placemark>
        <name>Gs Officina Meccanica di Garau Angelo e Serra Carlo S.N.C.</name>
        <address>Loc. Campo Frassoi SNC  09010 San Giovanni Suergiu (CA)</address>
        <description>Loc. Campo Frassoi SNC  09010 San Giovanni Suergiu (CA)</description>
        <styleUrl>#icon-1899-0288D1</styleUrl>
      </Placemark>
      <Placemark>
        <name>GS Trasporti Express di Sitzia Sebastiano</name>
        <address><![CDATA[via Cimabue 113  09045 Quartu Sant'Elena (CA)]]></address>
        <description><![CDATA[via Cimabue 113  09045 Quartu Sant'Elena (CA)]]></description>
        <styleUrl>#icon-1899-0288D1</styleUrl>
      </Placemark>
      <Placemark>
        <name>GS Trasporti S.R.L.S.</name>
        <description>40.89800808149905, 9.101005664671051</description>
        <styleUrl>#icon-1899-0288D1</styleUrl>
        <Point>
          <coordinates>
            9.10100566467105,40.8980080814991,0
          </coordinates>
        </Point>
      </Placemark>
      <Placemark>
        <name>Guarino Tommaso</name>
        <address>Via Tevere 4  09122 Cagliari (CA)</address>
        <description>Via Tevere 4  09122 Cagliari (CA)</description>
        <styleUrl>#icon-1899-0288D1</styleUrl>
      </Placemark>
      <Placemark>
        <name>Gus Transport di Efisio Spano</name>
        <address>Via Mazzini 110  09036 Guspini (VS)</address>
        <description>Via Mazzini 110  09036 Guspini (VS)</description>
        <styleUrl>#icon-1899-0288D1</styleUrl>
      </Placemark>
      <Placemark>
        <name>Gusinu Davide</name>
        <address>Loc. Sas Enas 15/A  07020 Padru (SS)</address>
        <description>Loc. Sas Enas 15/A  07020 Padru (SS)</description>
        <styleUrl>#icon-1899-0288D1</styleUrl>
      </Placemark>
      <Placemark>
        <name>Habitat Sardegna S.R.L.</name>
        <address>Zona Industriale Reg. Sa tanchitta snc  07047 Thiesi (SS)</address>
        <description>Zona Industriale Reg. Sa tanchitta snc  07047 Thiesi (SS)</description>
        <styleUrl>#icon-1899-0288D1</styleUrl>
      </Placemark>
      <Placemark>
        <name>Hades Società Cooperativa</name>
        <address>Via Giuseppe Mazzini 91  09025 Sanluri (SU)</address>
        <description>Via Giuseppe Mazzini 91  09025 Sanluri (SU)</description>
        <styleUrl>#icon-1899-0288D1</styleUrl>
      </Placemark>
      <Placemark>
        <name>Halivovic Ruzdija Conal Tomas</name>
        <address>Via Nazauro Sauro 88  09123 Cagliari (CA)</address>
        <description>Via Nazauro Sauro 88  09123 Cagliari (CA)</description>
        <styleUrl>#icon-1899-0288D1</styleUrl>
      </Placemark>
      <Placemark>
        <name>Hamar s.r.l.s.</name>
        <address>Via Vittorio Emanuele 42  09033 Decimomannu (CA)</address>
        <description>Via Vittorio Emanuele 42  09033 Decimomannu (CA)</description>
        <styleUrl>#icon-1899-0288D1</styleUrl>
      </Placemark>
      <Placemark>
        <name>Hammer di Dore Antonio Luigi</name>
        <address>Via IV Novembre 34  07044 Ittiri (SS)</address>
        <description>Via IV Novembre 34  07044 Ittiri (SS)</description>
        <styleUrl>#icon-1899-0288D1</styleUrl>
      </Placemark>
      <Placemark>
        <name>HOSPITAL GLASS di Serra Francesco</name>
        <address>Via Is Mirrionis 96  09127 Cagliari (CA)</address>
        <description>Via Is Mirrionis 96  09127 Cagliari (CA)</description>
        <styleUrl>#icon-1899-0288D1</styleUrl>
      </Placemark>
      <Placemark>
        <name>I 4 Mori di Sulis Monica</name>
        <address>Via San Giovanni 12  08040 Ussassai (NU)</address>
        <description>Via San Giovanni 12  08040 Ussassai (NU)</description>
        <styleUrl>#icon-1899-0288D1</styleUrl>
      </Placemark>
      <Placemark>
        <name>I Granai di Qui Sardegna S.r.l.</name>
        <address>Z.I. Macchiareddu VI strada Ovest  090100 Uta (CA)</address>
        <description>Z.I. Macchiareddu VI strada Ovest  090100 Uta (CA)</description>
        <styleUrl>#icon-1899-0288D1</styleUrl>
      </Placemark>
      <Placemark>
        <name>I Tre Panettieri Società Cooperativa Sociale</name>
        <address>Via Cavallera  09010 Villamassargia (SU)</address>
        <description>Via Cavallera  09010 Villamassargia (SU)</description>
        <styleUrl>#icon-1899-0288D1</styleUrl>
      </Placemark>
      <Placemark>
        <name>I.D. S.R.L.</name>
        <address>Via A. Loru 15  09125 Cagliari (CA)</address>
        <description>Via A. Loru 15  09125 Cagliari (CA)</description>
        <styleUrl>#icon-1899-0288D1</styleUrl>
      </Placemark>
      <Placemark>
        <name>I.DE.CO srl</name>
        <address>via Araolla 19  09047 Selargius (CA)</address>
        <description>via Araolla 19  09047 Selargius (CA)</description>
        <styleUrl>#icon-1899-0288D1</styleUrl>
      </Placemark>
      <Placemark>
        <name>I.M.C. di Manca Simone</name>
        <address>Corso Giacomo Matteotti 256  09010 Gonnesa (SU)</address>
        <description>Corso Giacomo Matteotti 256  09010 Gonnesa (SU)</description>
        <styleUrl>#icon-1899-0288D1</styleUrl>
      </Placemark>
      <Placemark>
        <name>I.M.E.T. di Atzeni Danilo</name>
        <address>via D. Scano 6  09090 Morgongiori (OR)</address>
        <description>via D. Scano 6  09090 Morgongiori (OR)</description>
        <styleUrl>#icon-1899-0288D1</styleUrl>
      </Placemark>
      <Placemark>
        <name>I.M.E.T. S.R.L.S.</name>
        <address>via D. Scano 6  09090 Morgongiori (OR)</address>
        <description>via D. Scano 6  09090 Morgongiori (OR)</description>
        <styleUrl>#icon-1899-0288D1</styleUrl>
      </Placemark>
      <Placemark>
        <name>I.MA. Carni srl</name>
        <address>Località Is Carropus snc  09040 Settimo San Pietro (CA)</address>
        <description>Località Is Carropus snc  09040 Settimo San Pietro (CA)</description>
        <styleUrl>#icon-1899-0288D1</styleUrl>
      </Placemark>
      <Placemark>
        <name>I.S.C. Industrial Services Contracts S.R.L.</name>
        <address>Strada Provinciale 2  09010 Portovesme (SU)</address>
        <description>Strada Provinciale 2  09010 Portovesme (SU)</description>
        <styleUrl>#icon-1899-0288D1</styleUrl>
      </Placemark>
      <Placemark>
        <name>I.S.O.F. S.R.L.</name>
        <address><![CDATA[Località Pill'E Matta  09044 Quartucciu (CA)]]></address>
        <description><![CDATA[Località Pill'E Matta  09044 Quartucciu (CA)]]></description>
        <styleUrl>#icon-1899-0288D1</styleUrl>
      </Placemark>
      <Placemark>
        <name>Ibba Pierluigi</name>
        <address>Via Lombardia 2  09030 Sardara (CA)</address>
        <description>Via Lombardia 2  09030 Sardara (CA)</description>
        <styleUrl>#icon-1899-0288D1</styleUrl>
      </Placemark>
      <Placemark>
        <name>Icap S.R.L.</name>
        <address>Via Vittorio Emanuele 24  09012 Capoterra (CA)</address>
        <description>Via Vittorio Emanuele 24  09012 Capoterra (CA)</description>
        <styleUrl>#icon-1899-0288D1</styleUrl>
      </Placemark>
      <Placemark>
        <name><![CDATA[ICE SERVICE & C SAS]]></name>
        <address>Via Cavaro 46  09131 Cagliari (CA)</address>
        <description>Via Cavaro 46  09131 Cagliari (CA)</description>
        <styleUrl>#icon-1899-0288D1</styleUrl>
      </Placemark>
      <Placemark>
        <name>ICEA S.R.L.</name>
        <address>Z.I Luceri  09048 Sinnai (CA)</address>
        <description>Z.I Luceri  09048 Sinnai (CA)</description>
        <styleUrl>#icon-1899-0288D1</styleUrl>
      </Placemark>
      <Placemark>
        <name>Icetime Sas</name>
        <address>Via Corea 30/B Z. Ind. Sett. 6  07026 Olbia (OT)</address>
        <description>Via Corea 30/B Z. Ind. Sett. 6  07026 Olbia (OT)</description>
        <styleUrl>#icon-1899-0288D1</styleUrl>
      </Placemark>
      <Placemark>
        <name>ICOM S.p.A.</name>
        <address>Zona Ind.le Macchiareddu - 5a Strada Trav. A  09032 Assemini (CA)</address>
        <description>Zona Ind.le Macchiareddu - 5a Strada Trav. A  09032 Assemini (CA)</description>
        <styleUrl>#icon-1899-0288D1</styleUrl>
      </Placemark>
      <Placemark>
        <name><![CDATA[Ideal Car di A & C S.R.L.]]></name>
        <address>Via Giovanni Battista Tuveri 54/B  09129 Cagliari (CA)</address>
        <description>Via Giovanni Battista Tuveri 54/B  09129 Cagliari (CA)</description>
        <styleUrl>#icon-1899-0288D1</styleUrl>
      </Placemark>
      <Placemark>
        <name>Idio Salonis S.R.L.</name>
        <address>Località Zona Industriale  09018 Sarroch (CA)</address>
        <description>Località Zona Industriale  09018 Sarroch (CA)</description>
        <styleUrl>#icon-1899-0288D1</styleUrl>
      </Placemark>
      <Placemark>
        <name>Idromatik srl</name>
        <address>via Renzo Laconi 14  09122 Cagliari (CA)</address>
        <description>via Renzo Laconi 14  09122 Cagliari (CA)</description>
        <styleUrl>#icon-1899-0288D1</styleUrl>
      </Placemark>
      <Placemark>
        <name>Idroterme Villasor srl</name>
        <address>via Tuveri 54  09129 Cagliari (CA)</address>
        <description>via Tuveri 54  09129 Cagliari (CA)</description>
        <styleUrl>#icon-1899-0288D1</styleUrl>
      </Placemark>
      <Placemark>
        <name>Il  Maestrale di Marta Miniero</name>
        <address>Via Roma 110  08047 Tertenia (NU)</address>
        <description>Via Roma 110  08047 Tertenia (NU)</description>
        <styleUrl>#icon-1899-0288D1</styleUrl>
      </Placemark>
      <Placemark>
        <name>IL PICCOLO LUNA PARK DI CALOGERO PRINCIOTTA</name>
        <address>VIA PAOLO DETTORI 2  09036 GUSPINI (SU)</address>
        <description>VIA PAOLO DETTORI 2  09036 GUSPINI (SU)</description>
        <styleUrl>#icon-1899-0288D1</styleUrl>
      </Placemark>
      <Placemark>
        <name>Il Quadrifoglio di Lecca Giovanni</name>
        <address>Via Roma 263  09043 Muravera (CA)</address>
        <description>Via Roma 263  09043 Muravera (CA)</description>
        <styleUrl>#icon-1899-0288D1</styleUrl>
      </Placemark>
      <Placemark>
        <name>Il soccorso di Pardu Rodolfo</name>
        <address>Via Piemonte 13  09040 Senorbì (SU)</address>
        <description>Via Piemonte 13  09040 Senorbì (SU)</description>
        <styleUrl>#icon-1899-0288D1</styleUrl>
      </Placemark>
      <Placemark>
        <name>Il Termoidraulico di Casu Filippo</name>
        <address>Via San Clemente 2  09134 Cagliari (CA)</address>
        <description>Via San Clemente 2  09134 Cagliari (CA)</description>
        <styleUrl>#icon-1899-0288D1</styleUrl>
      </Placemark>
      <Placemark>
        <name>Il Veliero Snc</name>
        <address>S.s. 195 km 16175  09018 Sarroch (CA)</address>
        <description>S.s. 195 km 16175  09018 Sarroch (CA)</description>
        <styleUrl>#icon-1899-0288D1</styleUrl>
      </Placemark>
      <Placemark>
        <name>Image snc di Mariani Mariano Nicole e Paba Sandra</name>
        <address>Via Vittorio Veneto 2  09070 Oristano (OR)</address>
        <description>Via Vittorio Veneto 2  09070 Oristano (OR)</description>
        <styleUrl>#icon-1899-0288D1</styleUrl>
      </Placemark>
      <Placemark>
        <name><![CDATA[Imm & Tras S.r.l.]]></name>
        <address>S.S. 387 km 23  06040 Serdiana (SU)</address>
        <description>S.S. 387 km 23  06040 Serdiana (SU)</description>
        <styleUrl>#icon-1899-0288D1</styleUrl>
      </Placemark>
      <Placemark>
        <name>Imos srl</name>
        <address>Regione Su Trogliu  07047 Thiesi (SS)</address>
        <description>Regione Su Trogliu  07047 Thiesi (SS)</description>
        <styleUrl>#icon-1899-0288D1</styleUrl>
      </Placemark>
      <Placemark>
        <name>Imp.el di Walter Marcangeli</name>
        <address>Piazza Verdi 5  09035 Gonnosfanadiga (SU)</address>
        <description>Piazza Verdi 5  09035 Gonnosfanadiga (SU)</description>
        <styleUrl>#icon-1899-0288D1</styleUrl>
      </Placemark>
      <Placemark>
        <name>Impianti Elettrici di Pintus Roberto</name>
        <address>via Calatafimi 4  09030 Elmas (CA)</address>
        <description>via Calatafimi 4  09030 Elmas (CA)</description>
        <styleUrl>#icon-1899-0288D1</styleUrl>
      </Placemark>
      <Placemark>
        <name>Impiantistica Termo ID S.R.L.S.</name>
        <address>Regione Santa Maria  07013 Mores (SS)</address>
        <description>Regione Santa Maria  07013 Mores (SS)</description>
        <styleUrl>#icon-1899-0288D1</styleUrl>
      </Placemark>
      <Placemark>
        <name>Import Export Sugheri srl</name>
        <address>via Oristano 12  09066 Villanova Tulo (SU)</address>
        <description>via Oristano 12  09066 Villanova Tulo (SU)</description>
        <styleUrl>#icon-1899-0288D1</styleUrl>
      </Placemark>
      <Placemark>
        <name>Impresa Andrea Argiolas</name>
        <address>via Repubblica 31  09028 Sestu (CA)</address>
        <description>via Repubblica 31  09028 Sestu (CA)</description>
        <styleUrl>#icon-1899-0288D1</styleUrl>
      </Placemark>
      <Placemark>
        <name>Impresa Caredda Roberto</name>
        <address>Vico III Petrarca 4  08042 Bari Sardo (NU)</address>
        <description>Vico III Petrarca 4  08042 Bari Sardo (NU)</description>
        <styleUrl>#icon-1899-0288D1</styleUrl>
      </Placemark>
      <Placemark>
        <name>Impresa Edile Artigiana Melis Simone</name>
        <address>Via Einstein 4A  09047 selargius (CA)</address>
        <description>Via Einstein 4A  09047 selargius (CA)</description>
        <styleUrl>#icon-1899-0288D1</styleUrl>
      </Placemark>
      <Placemark>
        <name>Impresa edile Carta Roberto</name>
        <address>Via Roma 2  09040 Gesico (SU)</address>
        <description>Via Roma 2  09040 Gesico (SU)</description>
        <styleUrl>#icon-1899-0288D1</styleUrl>
      </Placemark>
      <Placemark>
        <name>Impresa Edile Congia Ignazio</name>
        <address>via Serpi 44  09010 Fluminimaggiore (SU)</address>
        <description>via Serpi 44  09010 Fluminimaggiore (SU)</description>
        <styleUrl>#icon-1899-0288D1</styleUrl>
      </Placemark>
      <Placemark>
        <name>Impresa Edile Ghiaccio Gianluca</name>
        <address>via San Nicolò 12  09078 Scano di Montiferro (OR)</address>
        <description>via San Nicolò 12  09078 Scano di Montiferro (OR)</description>
        <styleUrl>#icon-1899-0288D1</styleUrl>
      </Placemark>
      <Placemark>
        <name>Impresa Edile Giuseppe Ortu</name>
        <description>40.05242349579658, 8.638432168324341</description>
        <styleUrl>#icon-1899-0288D1</styleUrl>
        <Point>
          <coordinates>
            8.63843216832434,40.0524234957966,0
          </coordinates>
        </Point>
      </Placemark>
      <Placemark>
        <name>Impresa Edile Porcu Massimo</name>
        <address>corso Italia 46  09092 Arborea (OR)</address>
        <description>corso Italia 46  09092 Arborea (OR)</description>
        <styleUrl>#icon-1899-0288D1</styleUrl>
      </Placemark>
      <Placemark>
        <name>Impresa edile Sanneris Gian Piero</name>
        <address>Loc. Ischixedda  09039 Villacidro (VS)</address>
        <description>Loc. Ischixedda  09039 Villacidro (VS)</description>
        <styleUrl>#icon-1899-0288D1</styleUrl>
      </Placemark>
      <Placemark>
        <name>Impresa Edile Zedda Giovanni</name>
        <address>via Quintino Sella 13  09047 Selargius (CA)</address>
        <description>via Quintino Sella 13  09047 Selargius (CA)</description>
        <styleUrl>#icon-1899-0288D1</styleUrl>
      </Placemark>
      <Placemark>
        <name><![CDATA[Impresa Manca - Costruzioni Generali S.P.A. Abbrevita "Impresa Manca S.P.A."]]></name>
        <address><![CDATA[Località Villa d'Orri  09018 Sarroch (CA)]]></address>
        <description><![CDATA[Località Villa d'Orri  09018 Sarroch (CA)]]></description>
        <styleUrl>#icon-1899-0288D1</styleUrl>
      </Placemark>
      <Placemark>
        <name>Impresa Manca Franco Antonio</name>
        <address>Viale kennedy n11  08031 Aritzo (NU)</address>
        <description>Viale kennedy n11  08031 Aritzo (NU)</description>
        <styleUrl>#icon-1899-0288D1</styleUrl>
      </Placemark>
      <Placemark>
        <name>Impresa Mandras Amedeo Pietro</name>
        <address>via Arabia Saudita 15  07026 Olbia (SS)</address>
        <description>via Arabia Saudita 15  07026 Olbia (SS)</description>
        <styleUrl>#icon-1899-0288D1</styleUrl>
      </Placemark>
      <Placemark>
        <name>Impresa Meloni Costruzioni S.R.L. *Meloni S.R.L.</name>
        <address><![CDATA[Via Orrù 1  09045 Quartu Sant'Elena (CA)]]></address>
        <description><![CDATA[Via Orrù 1  09045 Quartu Sant'Elena (CA)]]></description>
        <styleUrl>#icon-1899-0288D1</styleUrl>
      </Placemark>
      <Placemark>
        <name>Impresa S.C. Costruzioni di Samuele Carta</name>
        <address>Via Roma 2  09040 Gesico (CA)</address>
        <description>Via Roma 2  09040 Gesico (CA)</description>
        <styleUrl>#icon-1899-0288D1</styleUrl>
      </Placemark>
      <Placemark>
        <name>Impresa Spanu Paolo</name>
        <address>via E. Berlinguer 13  08030 Gergei (CA)</address>
        <description>via E. Berlinguer 13  08030 Gergei (CA)</description>
        <styleUrl>#icon-1899-0288D1</styleUrl>
      </Placemark>
      <Placemark>
        <name>In.Co srl</name>
        <address><![CDATA[via Sa Serrixedda 24  09045 Quartu Sant'Elena (CA)]]></address>
        <description><![CDATA[via Sa Serrixedda 24  09045 Quartu Sant'Elena (CA)]]></description>
        <styleUrl>#icon-1899-0288D1</styleUrl>
      </Placemark>
      <Placemark>
        <name>Inconi Raffaele</name>
        <address>Via Marco Furio Camillo 31  09134 Cagliari (CA)</address>
        <description>Via Marco Furio Camillo 31  09134 Cagliari (CA)</description>
        <styleUrl>#icon-1899-0288D1</styleUrl>
      </Placemark>
      <Placemark>
        <name>Infissi di Murtas Simone</name>
        <address>via Cornalias 117  09121 Cagliari (CA)</address>
        <description>via Cornalias 117  09121 Cagliari (CA)</description>
        <styleUrl>#icon-1899-0288D1</styleUrl>
      </Placemark>
      <Placemark>
        <name>Innocenti trasporti SAS</name>
        <address>Zona PIP  09010 Musei (SU)</address>
        <description>Zona PIP  09010 Musei (SU)</description>
        <styleUrl>#icon-1899-0288D1</styleUrl>
      </Placemark>
      <Placemark>
        <name>Innovatech S.R.L.S.</name>
        <address>Via Montegrappa 29  08024 Mamoiada (NU)</address>
        <description>Via Montegrappa 29  08024 Mamoiada (NU)</description>
        <styleUrl>#icon-1899-0288D1</styleUrl>
      </Placemark>
      <Placemark>
        <name>Inted Srl</name>
        <address>Z.I. Campo Mela S.S. 131 km19950  07030 Cargeghe (SS)</address>
        <description>Z.I. Campo Mela S.S. 131 km19950  07030 Cargeghe (SS)</description>
        <styleUrl>#icon-1899-0288D1</styleUrl>
      </Placemark>
      <Placemark>
        <name>INTERCOS S.R.L.</name>
        <address><![CDATA[Via Italia 11  09045 Quartu Sant'Elena (CA)]]></address>
        <description><![CDATA[Via Italia 11  09045 Quartu Sant'Elena (CA)]]></description>
        <styleUrl>#icon-1899-0288D1</styleUrl>
      </Placemark>
      <Placemark>
        <name>Intermed srls</name>
        <address>Via Cagliari 405  09170 Oristano (OR)</address>
        <description>Via Cagliari 405  09170 Oristano (OR)</description>
        <styleUrl>#icon-1899-0288D1</styleUrl>
      </Placemark>
      <Placemark>
        <name>Isola Gas Società  S.R.L.</name>
        <address>Strada Statale 293 Km.2467  09030 Samassi (SU)</address>
        <description>Strada Statale 293 Km.2467  09030 Samassi (SU)</description>
        <styleUrl>#icon-1899-0288D1</styleUrl>
      </Placemark>
      <Placemark>
        <name>Isola Roberto</name>
        <address>Via Trieste 63  09041 Dolianova (SU)</address>
        <description>Via Trieste 63  09041 Dolianova (SU)</description>
        <styleUrl>#icon-1899-0288D1</styleUrl>
      </Placemark>
      <Placemark>
        <name>Isotech S.R.L.S.</name>
        <address>Via Lago Mulargia snc  09045 Quartu Sant Elena (CA)</address>
        <description>Via Lago Mulargia snc  09045 Quartu Sant Elena (CA)</description>
        <styleUrl>#icon-1899-0288D1</styleUrl>
      </Placemark>
      <Placemark>
        <name>Istmo Group S.r.l.</name>
        <address><![CDATA[via Calabria 25/A  09017 Sant'Antioco (SU)]]></address>
        <description><![CDATA[via Calabria 25/A  09017 Sant'Antioco (SU)]]></description>
        <styleUrl>#icon-1899-0288D1</styleUrl>
      </Placemark>
      <Placemark>
        <name>Istral Società Cooperativa</name>
        <address>Via Cagliari 68  09015 Domusnovas (SU)</address>
        <description>Via Cagliari 68  09015 Domusnovas (SU)</description>
        <styleUrl>#icon-1899-0288D1</styleUrl>
      </Placemark>
      <Placemark>
        <name>Isu Paolo</name>
        <address>Via Degasperi 42  09031 Arbus (SU)</address>
        <description>Via Degasperi 42  09031 Arbus (SU)</description>
        <styleUrl>#icon-1899-0288D1</styleUrl>
      </Placemark>
      <Placemark>
        <name>Ital Isole Logistica Srl</name>
        <address>Z.I.Macchiareddu III Strada  09032 Assemini (CA)</address>
        <description>Z.I.Macchiareddu III Strada  09032 Assemini (CA)</description>
        <styleUrl>#icon-1899-0288D1</styleUrl>
      </Placemark>
      <Placemark>
        <name>Italcementi Spa - Cementeria di Samatzai</name>
        <address>SP 33 Km 3138  09020 Samatzai (CA)</address>
        <description>SP 33 Km 3138  09020 Samatzai (CA)</description>
        <styleUrl>#icon-1899-0288D1</styleUrl>
      </Placemark>
      <Placemark>
        <name>Italcrane srl</name>
        <address>via San Sperate 3  09033 Decimomannu (CA)</address>
        <description>via San Sperate 3  09033 Decimomannu (CA)</description>
        <styleUrl>#icon-1899-0288D1</styleUrl>
      </Placemark>
      <Placemark>
        <name><![CDATA[Italia Trasporti & Servizi S.R.L.]]></name>
        <address>Strada Statale Ex 131  09028 Sestu (CA)</address>
        <description>Strada Statale Ex 131  09028 Sestu (CA)</description>
        <styleUrl>#icon-1899-0288D1</styleUrl>
      </Placemark>
      <Placemark>
        <name><![CDATA[Janas SNC di Marco Lecca & C.]]></name>
        <address>Via della cooperazione snc  z.i. loc. Luceri  09048 Sinnai (CA)</address>
        <description>Via della cooperazione snc  z.i. loc. Luceri  09048 Sinnai (CA)</description>
        <styleUrl>#icon-1899-0288D1</styleUrl>
      </Placemark>
      <Placemark>
        <name>Janco Madronic</name>
        <address>Viale Bonaria 80  09125 Cagliari (CA)</address>
        <description>Viale Bonaria 80  09125 Cagliari (CA)</description>
        <styleUrl>#icon-1899-0288D1</styleUrl>
      </Placemark>
      <Placemark>
        <name>Jara S.A.S. di Sanna Roberto e C.</name>
        <address>Via Giovanni Battista Tuveri 16  09029 Tuili (SU)</address>
        <description>Via Giovanni Battista Tuveri 16  09029 Tuili (SU)</description>
        <styleUrl>#icon-1899-0288D1</styleUrl>
      </Placemark>
      <Placemark>
        <name>Jayad Abdelmajid</name>
        <address>Località Pisus 2  09010 Narcao (SU)</address>
        <description>Località Pisus 2  09010 Narcao (SU)</description>
        <styleUrl>#icon-1899-0288D1</styleUrl>
      </Placemark>
      <Placemark>
        <name>Joule trasporti srl</name>
        <description>39.25780018308591, 9.090832428145127</description>
        <styleUrl>#icon-1899-0288D1</styleUrl>
        <Point>
          <coordinates>
            9.09083242814513,39.2578001830859,0
          </coordinates>
        </Point>
      </Placemark>
      <Placemark>
        <name>Kairos di Mattana Valentino Marcellino</name>
        <address>Località Santa Lucia  09010 Uta (CA)</address>
        <description>Località Santa Lucia  09010 Uta (CA)</description>
        <styleUrl>#icon-1899-0288D1</styleUrl>
      </Placemark>
      <Placemark>
        <name>Kalidadi S.R.L.S.</name>
        <address>Via dei Colombi 42  09126 Cagliari (CA)</address>
        <description>Via dei Colombi 42  09126 Cagliari (CA)</description>
        <styleUrl>#icon-1899-0288D1</styleUrl>
      </Placemark>
      <Placemark>
        <name><![CDATA[Karalis 11 Soccorso Stradale di Gabriele Badas & C. S.A.S.]]></name>
        <address>Via Liguria 30  09028 Sestu (CA)</address>
        <description>Via Liguria 30  09028 Sestu (CA)</description>
        <styleUrl>#icon-1899-0288D1</styleUrl>
      </Placemark>
      <Placemark>
        <name>Karalis Veicoli Industriali S.R.L.</name>
        <address>Via della Tecnica 19/A  09067 Elmas (CA)</address>
        <description>Via della Tecnica 19/A  09067 Elmas (CA)</description>
        <styleUrl>#icon-1899-0288D1</styleUrl>
      </Placemark>
      <Placemark>
        <name><![CDATA[Karalisweb di Daniela Spiggia & C sas]]></name>
        <address>Via Borea 2  09100 Cagliari (CA)</address>
        <description>Via Borea 2  09100 Cagliari (CA)</description>
        <styleUrl>#icon-1899-0288D1</styleUrl>
      </Placemark>
      <Placemark>
        <name>KESSEFF SRL</name>
        <address>Via Fara 15  09128 Cagliari (CA)</address>
        <description>Via Fara 15  09128 Cagliari (CA)</description>
        <styleUrl>#icon-1899-0288D1</styleUrl>
      </Placemark>
      <Placemark>
        <name>Kinoviaggi di Lecca Francesco</name>
        <address>Via Giuseppe Garibaldi 13  09056 Isili (SU)</address>
        <description>Via Giuseppe Garibaldi 13  09056 Isili (SU)</description>
        <styleUrl>#icon-1899-0288D1</styleUrl>
      </Placemark>
      <Placemark>
        <name>KMA Società Cooperativa</name>
        <address>via Amendola 20  09020 Samatzai (CA)</address>
        <description>via Amendola 20  09020 Samatzai (CA)</description>
        <styleUrl>#icon-1899-0288D1</styleUrl>
      </Placemark>
      <Placemark>
        <name>KML Società Cooperativa</name>
        <address>Via Venezia 54h  09028 Sestu (CA)</address>
        <description>Via Venezia 54h  09028 Sestu (CA)</description>
        <styleUrl>#icon-1899-0288D1</styleUrl>
      </Placemark>
      <Placemark>
        <name>KVT srl</name>
        <address>via Asti 9  09126 Cagliari (CA)</address>
        <description>via Asti 9  09126 Cagliari (CA)</description>
        <styleUrl>#icon-1899-0288D1</styleUrl>
      </Placemark>
      <Placemark>
        <name><![CDATA[L'agricoltore S.r.L]]></name>
        <address>S.P. 2 KM 2+400 SNC  09028 Sestu (CA)</address>
        <description>S.P. 2 KM 2+400 SNC  09028 Sestu (CA)</description>
        <styleUrl>#icon-1899-0288D1</styleUrl>
      </Placemark>
      <Placemark>
        <name><![CDATA[L'Angolo Idea s.a.s. di Onidi]]></name>
        <address>via Stazione 34  09039 Villacidro (VS)</address>
        <description>via Stazione 34  09039 Villacidro (VS)</description>
        <styleUrl>#icon-1899-0288D1</styleUrl>
      </Placemark>
      <Placemark>
        <name><![CDATA[L'assistenza s.r.l.]]></name>
        <address>via Sardegna 121  09032 Assemini (CA)</address>
        <description>via Sardegna 121  09032 Assemini (CA)</description>
        <styleUrl>#icon-1899-0288D1</styleUrl>
      </Placemark>
      <Placemark>
        <name><![CDATA[L'autoscuola 2 di Andrea Argiolas]]></name>
        <address>Via Gorizia 72  09028 Sestu (CA)</address>
        <description>Via Gorizia 72  09028 Sestu (CA)</description>
        <styleUrl>#icon-1899-0288D1</styleUrl>
      </Placemark>
      <Placemark>
        <name><![CDATA[L'Autoservizio Due Srl]]></name>
        <address><![CDATA[Località S'argidda snc  09032 Assemini (CA)]]></address>
        <description><![CDATA[Località S'argidda snc  09032 Assemini (CA)]]></description>
        <styleUrl>#icon-1899-0288D1</styleUrl>
      </Placemark>
      <Placemark>
        <name><![CDATA[L'Azzurra Trasporti Snc]]></name>
        <address>Via della Libertà 9  09024 Nuraminis (CA)</address>
        <description>Via della Libertà 9  09024 Nuraminis (CA)</description>
        <styleUrl>#icon-1899-0288D1</styleUrl>
      </Placemark>
      <Placemark>
        <name><![CDATA[L'Elica Centro Nautico Srl]]></name>
        <address><![CDATA[Viale dell'artigianato snc - Loc. Li Lucianeddi  07028 Santa Teresa Gallura (SS)]]></address>
        <description><![CDATA[Viale dell'artigianato snc - Loc. Li Lucianeddi  07028 Santa Teresa Gallura (SS)]]></description>
        <styleUrl>#icon-1899-0288D1</styleUrl>
      </Placemark>
      <Placemark>
        <name><![CDATA[L'estintore Società Cooperativa]]></name>
        <address>Viale Trieste 95  09123 Cagliari (CA)</address>
        <description>Viale Trieste 95  09123 Cagliari (CA)</description>
        <styleUrl>#icon-1899-0288D1</styleUrl>
      </Placemark>
      <Placemark>
        <name><![CDATA[L'Ortofrutta di Salis Salvatore]]></name>
        <address>Strada Provinciale S.P.2 Km 0400 Snc  09028 Sestu (CA)</address>
        <description>Strada Provinciale S.P.2 Km 0400 Snc  09028 Sestu (CA)</description>
        <styleUrl>#icon-1899-0288D1</styleUrl>
      </Placemark>
      <Placemark>
        <name><![CDATA[L'Ortolano Società Cooperativa Agricola]]></name>
        <address>Strada Provinciale Sestu S. Sperate Km.4400  09028 Sestu (CA)</address>
        <description>Strada Provinciale Sestu S. Sperate Km.4400  09028 Sestu (CA)</description>
        <styleUrl>#icon-1899-0288D1</styleUrl>
      </Placemark>
      <Placemark>
        <name><![CDATA[L'Utile e Il Dilettevole di Melis Francesco]]></name>
        <address>Via Sardegna 122  08047 Tertenia (NU)</address>
        <description>Via Sardegna 122  08047 Tertenia (NU)</description>
        <styleUrl>#icon-1899-0288D1</styleUrl>
      </Placemark>
      <Placemark>
        <name>L.A.M. S.R.L.</name>
        <address>Via Nicolò Paganini 8  09032 Assemini (CA)</address>
        <description>Via Nicolò Paganini 8  09032 Assemini (CA)</description>
        <styleUrl>#icon-1899-0288D1</styleUrl>
      </Placemark>
      <Placemark>
        <name>L.A.V.S. Pula</name>
        <description>39.00320245929805, 9.002343014318752</description>
        <styleUrl>#icon-1899-0288D1</styleUrl>
        <Point>
          <coordinates>
            9.00234301431875,39.0032024592981,0
          </coordinates>
        </Point>
      </Placemark>
      <Placemark>
        <name>L.D. Trasporti di Desogus Luca</name>
        <address>Via Antares 11  09012 Capoterra (CA)</address>
        <description>Via Antares 11  09012 Capoterra (CA)</description>
        <styleUrl>#icon-1899-0288D1</styleUrl>
      </Placemark>
      <Placemark>
        <name>L.P. Service di Luca Pianu</name>
        <address>via Legnano 68  09134 Cagliari (CA)</address>
        <description>via Legnano 68  09134 Cagliari (CA)</description>
        <styleUrl>#icon-1899-0288D1</styleUrl>
      </Placemark>
      <Placemark>
        <name>La Biga</name>
        <address>via Trento 2  09086 Samugheo (OR)</address>
        <description>via Trento 2  09086 Samugheo (OR)</description>
        <styleUrl>#icon-1899-0288D1</styleUrl>
      </Placemark>
      <Placemark>
        <name>La Boutique del Ricambio di Pinna Franca</name>
        <address>Via Satta 51  09035 Gonnosfanadiga (SU)</address>
        <description>Via Satta 51  09035 Gonnosfanadiga (SU)</description>
        <styleUrl>#icon-1899-0288D1</styleUrl>
      </Placemark>
      <Placemark>
        <name>La Boutique del ricambio srls</name>
        <address>Via Nazionale 85  09035 Gonnosfanadiga (SU)</address>
        <description>Via Nazionale 85  09035 Gonnosfanadiga (SU)</description>
        <styleUrl>#icon-1899-0288D1</styleUrl>
      </Placemark>
      <Placemark>
        <name>La Commerciale S.R.L.</name>
        <address><![CDATA[Via Sant'Arrenzou 6  09040 Senorbì (SU)]]></address>
        <description><![CDATA[Via Sant'Arrenzou 6  09040 Senorbì (SU)]]></description>
        <styleUrl>#icon-1899-0288D1</styleUrl>
      </Placemark>
      <Placemark>
        <name>La Commerciale Zucca Trasporti SRLS</name>
        <address>Via Lombardia 70  08100 Nuoro (NU)</address>
        <description>Via Lombardia 70  08100 Nuoro (NU)</description>
        <styleUrl>#icon-1899-0288D1</styleUrl>
      </Placemark>
      <Placemark>
        <name><![CDATA[La Fabbrica di Pischedda  Maurizio & C. Sas]]></name>
        <address>Zona industriale Baccasara snc  08048 Tortolì (OG)</address>
        <description>Zona industriale Baccasara snc  08048 Tortolì (OG)</description>
        <styleUrl>#icon-1899-0288D1</styleUrl>
      </Placemark>
      <Placemark>
        <name>La Forgia di Floris Simone</name>
        <address>Zona Artigianale Lotto 3  09050 Pula (CA)</address>
        <description>Zona Artigianale Lotto 3  09050 Pula (CA)</description>
        <styleUrl>#icon-1899-0288D1</styleUrl>
      </Placemark>
      <Placemark>
        <name>La Frutteria Service S.R.L.</name>
        <address>Via Giacomo Puccini 4  09023 Monastir (CA)</address>
        <description>Via Giacomo Puccini 4  09023 Monastir (CA)</description>
        <styleUrl>#icon-1899-0288D1</styleUrl>
      </Placemark>
      <Placemark>
        <name>La Gaetana Giacomo</name>
        <address>VIa Tirso 3  09033 Decimomannu (CA)</address>
        <description>VIa Tirso 3  09033 Decimomannu (CA)</description>
        <styleUrl>#icon-1899-0288D1</styleUrl>
      </Placemark>
      <Placemark>
        <name>La Girandola sas</name>
        <address>Via Ruanda 14  07026 Olbia (SS)</address>
        <description>Via Ruanda 14  07026 Olbia (SS)</description>
        <styleUrl>#icon-1899-0288D1</styleUrl>
      </Placemark>
      <Placemark>
        <name>La Mondobeton Srl</name>
        <address>Località Magangiosa snc  09028 Sestu (CA)</address>
        <description>Località Magangiosa snc  09028 Sestu (CA)</description>
        <styleUrl>#icon-1899-0288D1</styleUrl>
      </Placemark>
      <Placemark>
        <name>La Spezia e Il Lupo di Todde Gianmaria Alessandro</name>
        <address>Via Flumendosa 9  09122 Cagliari (CA)</address>
        <description>Via Flumendosa 9  09122 Cagliari (CA)</description>
        <styleUrl>#icon-1899-0288D1</styleUrl>
      </Placemark>
      <Placemark>
        <name>La.In. Servizi Società Cooperativa A R.L.</name>
        <address>Località Fraigas 1  07014 Ozieri (SS)</address>
        <description>Località Fraigas 1  07014 Ozieri (SS)</description>
        <styleUrl>#icon-1899-0288D1</styleUrl>
      </Placemark>
      <Placemark>
        <name><![CDATA[Lai & C. di Lai Giovanni S.N.C.]]></name>
        <address>Via A. Gramsci 77  08015 Macomer (NU)</address>
        <description>Via A. Gramsci 77  08015 Macomer (NU)</description>
        <styleUrl>#icon-1899-0288D1</styleUrl>
      </Placemark>
      <Placemark>
        <name>Lai Federico</name>
        <address>Via dei Partigiani 34/b  09028 Sestu (CA)</address>
        <description>Via dei Partigiani 34/b  09028 Sestu (CA)</description>
        <styleUrl>#icon-1899-0288D1</styleUrl>
      </Placemark>
      <Placemark>
        <name>Lai Francesco</name>
        <address>Via Dorgali 64  09042 Monserrato (CA)</address>
        <description>Via Dorgali 64  09042 Monserrato (CA)</description>
        <styleUrl>#icon-1899-0288D1</styleUrl>
      </Placemark>
      <Placemark>
        <name>Lai Gabriele</name>
        <address>Via Marconi 35  09048 Sinnai (CA)</address>
        <description>Via Marconi 35  09048 Sinnai (CA)</description>
        <styleUrl>#icon-1899-0288D1</styleUrl>
      </Placemark>
      <Placemark>
        <name>Lai Gianfranco</name>
        <address>Via Ottaviano Augusto 102  09028 Sestu (CA)</address>
        <description>Via Ottaviano Augusto 102  09028 Sestu (CA)</description>
        <styleUrl>#icon-1899-0288D1</styleUrl>
      </Placemark>
      <Placemark>
        <name>Lai Gianluca</name>
        <address>via Siena 8  09012 Capoterra (CA)</address>
        <description>via Siena 8  09012 Capoterra (CA)</description>
        <styleUrl>#icon-1899-0288D1</styleUrl>
      </Placemark>
      <Placemark>
        <name>Lai Gilberto Davide</name>
        <address>Via Nuraxi  08046 Perdasdefogu (NU)</address>
        <description>Via Nuraxi  08046 Perdasdefogu (NU)</description>
        <styleUrl>#icon-1899-0288D1</styleUrl>
      </Placemark>
      <Placemark>
        <name>Lai Ivan Luca</name>
        <address><![CDATA[Via Sarrabus 4  09045 Quartu Sant'Elena (CA)]]></address>
        <description><![CDATA[Via Sarrabus 4  09045 Quartu Sant'Elena (CA)]]></description>
        <styleUrl>#icon-1899-0288D1</styleUrl>
      </Placemark>
      <Placemark>
        <name>Lai Jessica</name>
        <address>via S.Anna 22  09040 Soleminis (SU)</address>
        <description>via S.Anna 22  09040 Soleminis (SU)</description>
        <styleUrl>#icon-1899-0288D1</styleUrl>
      </Placemark>
      <Placemark>
        <name>Lai Massimo</name>
        <address>Vicolo II Roma 7  09010 Uta (CA)</address>
        <description>Vicolo II Roma 7  09010 Uta (CA)</description>
        <styleUrl>#icon-1899-0288D1</styleUrl>
      </Placemark>
      <Placemark>
        <name>Lai Matteo</name>
        <address>via Pascoli 38  09012 Capoterra (CA)</address>
        <description>via Pascoli 38  09012 Capoterra (CA)</description>
        <styleUrl>#icon-1899-0288D1</styleUrl>
      </Placemark>
      <Placemark>
        <name>Lai Salvatore Suini</name>
        <address>Via Case Sparse 5  09023 Monastir (SU)</address>
        <description>Via Case Sparse 5  09023 Monastir (SU)</description>
        <styleUrl>#icon-1899-0288D1</styleUrl>
      </Placemark>
      <Placemark>
        <name>Lai Srl</name>
        <address>Viale Pietro Ghitti 34  08020 Ottana (NU)</address>
        <description>Viale Pietro Ghitti 34  08020 Ottana (NU)</description>
        <styleUrl>#icon-1899-0288D1</styleUrl>
      </Placemark>
      <Placemark>
        <name>Lai Yuri</name>
        <address>S.S 131 KM.12000  09028 Sestu (CA)</address>
        <description>S.S 131 KM.12000  09028 Sestu (CA)</description>
        <styleUrl>#icon-1899-0288D1</styleUrl>
      </Placemark>
      <Placemark>
        <name>Lallai Fabio</name>
        <address>Via Antonio Scano 14  09129 Cagliari (CA)</address>
        <description>Via Antonio Scano 14  09129 Cagliari (CA)</description>
        <styleUrl>#icon-1899-0288D1</styleUrl>
      </Placemark>
      <Placemark>
        <name>Lampis Antonio</name>
        <address>Via della libertà 3  09015 Domusnovas (CI)</address>
        <description>Via della libertà 3  09015 Domusnovas (CI)</description>
        <styleUrl>#icon-1899-0288D1</styleUrl>
      </Placemark>
      <Placemark>
        <name>Lampis Giannino</name>
        <address>Via Nazionale 48  09027 Serrenti (SU)</address>
        <description>Via Nazionale 48  09027 Serrenti (SU)</description>
        <styleUrl>#icon-1899-0288D1</styleUrl>
      </Placemark>
      <Placemark>
        <name>Lampis Matteo</name>
        <address>Via Ingurtosu 2  09013 Carbonia (SU)</address>
        <description>Via Ingurtosu 2  09013 Carbonia (SU)</description>
        <styleUrl>#icon-1899-0288D1</styleUrl>
      </Placemark>
      <Placemark>
        <name>Lampis Valentino</name>
        <address>Via Costantino Nivola  09010 Tratalias (SU)</address>
        <description>Via Costantino Nivola  09010 Tratalias (SU)</description>
        <styleUrl>#icon-1899-0288D1</styleUrl>
      </Placemark>
      <Placemark>
        <name>Lancellotti Giovanni</name>
        <address>via Magenta 54  09015 Domusnovas (CI)</address>
        <description>via Magenta 54  09015 Domusnovas (CI)</description>
        <styleUrl>#icon-1899-0288D1</styleUrl>
      </Placemark>
      <Placemark>
        <name>Langiu Emanuele</name>
        <address>Via Ogliastra 45  09121 Cagliari (CA)</address>
        <description>Via Ogliastra 45  09121 Cagliari (CA)</description>
        <styleUrl>#icon-1899-0288D1</styleUrl>
      </Placemark>
      <Placemark>
        <name>Lasio Agricoltura S.R.L.</name>
        <description>39.43985078612471, 8.915958841012266</description>
        <styleUrl>#icon-1899-0288D1</styleUrl>
        <Point>
          <coordinates>
            8.91595884101227,39.4398507861247,0
          </coordinates>
        </Point>
      </Placemark>
      <Placemark>
        <name>Laura Asara</name>
        <address>Corso Umberto I 154  Pitagora spa  07026 Olbia (OT)</address>
        <description>Corso Umberto I 154  Pitagora spa  07026 Olbia (OT)</description>
        <styleUrl>#icon-1899-0288D1</styleUrl>
      </Placemark>
      <Placemark>
        <name>Lavalogistica Srl</name>
        <address>VIII Strada ZI Macchiareddu  09068 UTA (CA)</address>
        <description>VIII Strada ZI Macchiareddu  09068 UTA (CA)</description>
        <styleUrl>#icon-1899-0288D1</styleUrl>
      </Placemark>
      <Placemark>
        <name>Lavorazioni Agromeccaniche di Luigi Soro</name>
        <address>Via de Gasperi 3  07014 Ozieri (SS)</address>
        <description>Via de Gasperi 3  07014 Ozieri (SS)</description>
        <styleUrl>#icon-1899-0288D1</styleUrl>
      </Placemark>
      <Placemark>
        <name>Lavori in Corso S.r.l.S</name>
        <address>Viale Paolo Dettori 8  07021 Arzachena (SS)</address>
        <description>Viale Paolo Dettori 8  07021 Arzachena (SS)</description>
        <styleUrl>#icon-1899-0288D1</styleUrl>
      </Placemark>
      <Placemark>
        <name>Lazzaro Zuddas e C. sas</name>
        <address>via Nazionale 403  09039 Villacidro (SU)</address>
        <description>via Nazionale 403  09039 Villacidro (SU)</description>
        <styleUrl>#icon-1899-0288D1</styleUrl>
      </Placemark>
      <Placemark>
        <name><![CDATA[LD S.N.C. di Loddo Davide Giuseppe & f.lli]]></name>
        <address>Via G. Matteotti 3  08036 Ortueri (NU)</address>
        <description>Via G. Matteotti 3  08036 Ortueri (NU)</description>
        <styleUrl>#icon-1899-0288D1</styleUrl>
      </Placemark>
      <Placemark>
        <name><![CDATA[Le 4 gomme di Trullu Annapaola & C. SAS]]></name>
        <address>Via Cagliari zona PIP  09010 Narcao (CI)</address>
        <description>Via Cagliari zona PIP  09010 Narcao (CI)</description>
        <styleUrl>#icon-1899-0288D1</styleUrl>
      </Placemark>
      <Placemark>
        <name>Le Donne Andrea Autonoleggio</name>
        <address>Via Michelangelo snc  09013 Carbonia (CI)</address>
        <description>Via Michelangelo snc  09013 Carbonia (CI)</description>
        <styleUrl>#icon-1899-0288D1</styleUrl>
      </Placemark>
      <Placemark>
        <name>Le Due Stelle S.R.L.</name>
        <address>Via Diego Gregorio Cadello 8/10  09121 Cagliari (CA)</address>
        <description>Via Diego Gregorio Cadello 8/10  09121 Cagliari (CA)</description>
        <styleUrl>#icon-1899-0288D1</styleUrl>
      </Placemark>
      <Placemark>
        <name>Le sorelle del pulito S.R.L.</name>
        <address>Via Monaco 29  09023 Monastir (SU)</address>
        <description>Via Monaco 29  09023 Monastir (SU)</description>
        <styleUrl>#icon-1899-0288D1</styleUrl>
      </Placemark>
      <Placemark>
        <name>Le Tende di Bandino M. snc</name>
        <address>Via Italia 5  09134 Cagliari (CA)</address>
        <description>Via Italia 5  09134 Cagliari (CA)</description>
        <styleUrl>#icon-1899-0288D1</styleUrl>
      </Placemark>
      <Placemark>
        <name>Lecca Albina</name>
        <address>Via Degli Orti 10  09040 San Basilio (SU)</address>
        <description>Via Degli Orti 10  09040 San Basilio (SU)</description>
        <styleUrl>#icon-1899-0288D1</styleUrl>
      </Placemark>
      <Placemark>
        <name>Lecca Carni S.a.s.</name>
        <address>Via Salvator Deiana 26  09042 Monserrato (CA)</address>
        <description>Via Salvator Deiana 26  09042 Monserrato (CA)</description>
        <styleUrl>#icon-1899-0288D1</styleUrl>
      </Placemark>
      <Placemark>
        <name>Lecca Francesco</name>
        <address>Via Giuseppe Garibaldi 13  09056 Isili (SU)</address>
        <description>Via Giuseppe Garibaldi 13  09056 Isili (SU)</description>
        <styleUrl>#icon-1899-0288D1</styleUrl>
      </Placemark>
      <Placemark>
        <name>Lecca Salvatore Autotrasporti</name>
        <address>Via Roma 28  09040 San Basilio (SU)</address>
        <description>Via Roma 28  09040 San Basilio (SU)</description>
        <styleUrl>#icon-1899-0288D1</styleUrl>
      </Placemark>
      <Placemark>
        <name>Lecca Umberto</name>
        <address><![CDATA[Via San Tommaso D'Acquino 8  09100 Cagliari (CA)]]></address>
        <description><![CDATA[Via San Tommaso D'Acquino 8  09100 Cagliari (CA)]]></description>
        <styleUrl>#icon-1899-0288D1</styleUrl>
      </Placemark>
      <Placemark>
        <name>Lecca Vitalia</name>
        <address>vico 6 S.Narciso  09040 Furtei (VS)</address>
        <description>vico 6 S.Narciso  09040 Furtei (VS)</description>
        <styleUrl>#icon-1899-0288D1</styleUrl>
      </Placemark>
      <Placemark>
        <name>Lecis Andrea</name>
        <address>Via Porrino 18  09035 Gonnosfanadiga (SU)</address>
        <description>Via Porrino 18  09035 Gonnosfanadiga (SU)</description>
        <styleUrl>#icon-1899-0288D1</styleUrl>
      </Placemark>
      <Placemark>
        <name>Lecis Matteo</name>
        <address>Viale Marconi 23  09027 Serrenti (SU)</address>
        <description>Viale Marconi 23  09027 Serrenti (SU)</description>
        <styleUrl>#icon-1899-0288D1</styleUrl>
      </Placemark>
      <Placemark>
        <name>Ledda Alessandro</name>
        <address>via Principe Amedeo 51  09049 Villasimius (SU)</address>
        <description>via Principe Amedeo 51  09049 Villasimius (SU)</description>
        <styleUrl>#icon-1899-0288D1</styleUrl>
      </Placemark>
      <Placemark>
        <name>Ledda Raffaele</name>
        <address>Via Aldo Moro 18  09038 Serramanna (SU)</address>
        <description>Via Aldo Moro 18  09038 Serramanna (SU)</description>
        <styleUrl>#icon-1899-0288D1</styleUrl>
      </Placemark>
      <Placemark>
        <name>Leni Trasporti di Pittau Cristian</name>
        <address>Via Giuseppe di Vittorio 44  09039 Villacidro (SU)</address>
        <description>Via Giuseppe di Vittorio 44  09039 Villacidro (SU)</description>
        <styleUrl>#icon-1899-0288D1</styleUrl>
      </Placemark>
      <Placemark>
        <name>Leni Trasporti srl</name>
        <address>via Cagliari 73  09039 Villacidro (VS)</address>
        <description>via Cagliari 73  09039 Villacidro (VS)</description>
        <styleUrl>#icon-1899-0288D1</styleUrl>
      </Placemark>
      <Placemark>
        <name>Leocar di Collu M. E C. SRL</name>
        <address>Via Don Minzoni 11  09010 Siliqua (SU)</address>
        <description>Via Don Minzoni 11  09010 Siliqua (SU)</description>
        <styleUrl>#icon-1899-0288D1</styleUrl>
      </Placemark>
      <Placemark>
        <name>Leon Sulejmanovic</name>
        <address><![CDATA[Via Sant'Ignazio da Laconi 88  09100 Cagliari (CA)]]></address>
        <description><![CDATA[Via Sant'Ignazio da Laconi 88  09100 Cagliari (CA)]]></description>
        <styleUrl>#icon-1899-0288D1</styleUrl>
      </Placemark>
      <Placemark>
        <name>Leonardo Piga</name>
        <address>Via Zenobio Lampis 6  09020 Samatzai (SU)</address>
        <description>Via Zenobio Lampis 6  09020 Samatzai (SU)</description>
        <styleUrl>#icon-1899-0288D1</styleUrl>
      </Placemark>
      <Placemark>
        <name>Lepori Flavio</name>
        <address><![CDATA[Via Don F.Sini 8  07038 Trinità d'Agultu e Vignola (SS)]]></address>
        <description><![CDATA[Via Don F.Sini 8  07038 Trinità d'Agultu e Vignola (SS)]]></description>
        <styleUrl>#icon-1899-0288D1</styleUrl>
      </Placemark>
      <Placemark>
        <name>Lepori Matteo</name>
        <address>Via Lazio 57  09048 Sinnai (CA)</address>
        <description>Via Lazio 57  09048 Sinnai (CA)</description>
        <styleUrl>#icon-1899-0288D1</styleUrl>
      </Placemark>
      <Placemark>
        <name>LG Trasporti di Lallai Giuseppe</name>
        <address>Via Kennedy 30  09069 Maracalagonis (CA)</address>
        <description>Via Kennedy 30  09069 Maracalagonis (CA)</description>
        <styleUrl>#icon-1899-0288D1</styleUrl>
      </Placemark>
      <Placemark>
        <name>Lgroup Società Cooperativa Sociale</name>
        <address>Via Pilar 5  09010 Villamassargia (CA)</address>
        <description>Via Pilar 5  09010 Villamassargia (CA)</description>
        <styleUrl>#icon-1899-0288D1</styleUrl>
      </Placemark>
      <Placemark>
        <name>Licheri Logistica Srl</name>
        <address>Via Olbia 9  09071 Abbasanta (OR)</address>
        <description>Via Olbia 9  09071 Abbasanta (OR)</description>
        <styleUrl>#icon-1899-0288D1</styleUrl>
      </Placemark>
      <Placemark>
        <name>Licheri Matteo</name>
        <address>Località Pardu Prenu Via Carbonia 5  09071 Abbasanta (OR)</address>
        <description>Località Pardu Prenu Via Carbonia 5  09071 Abbasanta (OR)</description>
        <styleUrl>#icon-1899-0288D1</styleUrl>
      </Placemark>
      <Placemark>
        <name>Licheri s.r.l</name>
        <address>via gennargentu 2  08020 Sarule (NU)</address>
        <description>via gennargentu 2  08020 Sarule (NU)</description>
        <styleUrl>#icon-1899-0288D1</styleUrl>
      </Placemark>
      <Placemark>
        <name>Licheri Sergio</name>
        <address>Via Roma 21  09040 Senorbì (SU)</address>
        <description>Via Roma 21  09040 Senorbì (SU)</description>
        <styleUrl>#icon-1899-0288D1</styleUrl>
      </Placemark>
      <Placemark>
        <name>Ligas Franco</name>
        <address>Via Pintus 3  09032 Assemini (CA)</address>
        <description>Via Pintus 3  09032 Assemini (CA)</description>
        <styleUrl>#icon-1899-0288D1</styleUrl>
      </Placemark>
      <Placemark>
        <name>Liggi Francesco</name>
        <address>Vivo san Francesco 4  09040 Segariu (SU)</address>
        <description>Vivo san Francesco 4  09040 Segariu (SU)</description>
        <styleUrl>#icon-1899-0288D1</styleUrl>
      </Placemark>
      <Placemark>
        <name>Lilliu Andrea</name>
        <address>Via Mauro Rostagno 14  09090 Palmas arborea (OR)</address>
        <description>Via Mauro Rostagno 14  09090 Palmas arborea (OR)</description>
        <styleUrl>#icon-1899-0288D1</styleUrl>
      </Placemark>
      <Placemark>
        <name>Lilliu Francesca</name>
        <address>Via Iolanda 37  09021 Barumini (SU)</address>
        <description>Via Iolanda 37  09021 Barumini (SU)</description>
        <styleUrl>#icon-1899-0288D1</styleUrl>
      </Placemark>
      <Placemark>
        <name>Lilliu Franco</name>
        <address>Via Marmilla 40  09020 Ussaramanna (SU)</address>
        <description>Via Marmilla 40  09020 Ussaramanna (SU)</description>
        <styleUrl>#icon-1899-0288D1</styleUrl>
      </Placemark>
      <Placemark>
        <name>Lilliu Luigi Autotrasporti</name>
        <address>via Sisto 19  09134 Cagliari (CA)</address>
        <description>via Sisto 19  09134 Cagliari (CA)</description>
        <styleUrl>#icon-1899-0288D1</styleUrl>
      </Placemark>
      <Placemark>
        <name>Lilliu Stefano S.r.l. - Officina</name>
        <description>39.22788119088681, 8.971561752951157</description>
        <styleUrl>#icon-1899-0288D1</styleUrl>
        <Point>
          <coordinates>
            8.97156175295116,39.2278811908868,0
          </coordinates>
        </Point>
      </Placemark>
      <Placemark>
        <name>Liori Marco Giuseppe</name>
        <address>Strada Vicinale Via Montesanto snc  09010 Pula (CA)</address>
        <description>Strada Vicinale Via Montesanto snc  09010 Pula (CA)</description>
        <styleUrl>#icon-1899-0288D1</styleUrl>
      </Placemark>
      <Placemark>
        <name>Lisai Gesuino</name>
        <address>Via Marginesu 6  07100 SASSARI (SS)</address>
        <description>Via Marginesu 6  07100 SASSARI (SS)</description>
        <styleUrl>#icon-1899-0288D1</styleUrl>
      </Placemark>
      <Placemark>
        <name>Littarru Giovannangelo (Nero Carbone)</name>
        <address>Via Cadello 2  09121 Cagliari (CA)</address>
        <description>Via Cadello 2  09121 Cagliari (CA)</description>
        <styleUrl>#icon-1899-0288D1</styleUrl>
      </Placemark>
      <Placemark>
        <name>Littras di Littarru Giancarlo</name>
        <address>Via della Dalie 5/a  09012 Capoterra (CA)</address>
        <description>Via della Dalie 5/a  09012 Capoterra (CA)</description>
        <styleUrl>#icon-1899-0288D1</styleUrl>
      </Placemark>
      <Placemark>
        <name>Lo Russo Luigi</name>
        <address>Via Roma 68  09070 Bonarcado (OR)</address>
        <description>Via Roma 68  09070 Bonarcado (OR)</description>
        <styleUrl>#icon-1899-0288D1</styleUrl>
      </Placemark>
      <Placemark>
        <name>Lo Scoglio di Alessandro Manconi S.A.S.</name>
        <address><![CDATA[Località La Spiaggiuola Sant'Elia  09126 Cagliari (CA)]]></address>
        <description><![CDATA[Località La Spiaggiuola Sant'Elia  09126 Cagliari (CA)]]></description>
        <styleUrl>#icon-1899-0288D1</styleUrl>
      </Placemark>
      <Placemark>
        <name>Lo.ci. Trasporti srl</name>
        <address>Z.I. Sa Stoia  09016 Iglesias (CI)</address>
        <description>Z.I. Sa Stoia  09016 Iglesias (CI)</description>
        <styleUrl>#icon-1899-0288D1</styleUrl>
      </Placemark>
      <Placemark>
        <name>LO.GA. Trasporti s.r.l.s.</name>
        <address><![CDATA[via Genova72  09045 Quartu Sant'Elena (CA)]]></address>
        <description><![CDATA[via Genova72  09045 Quartu Sant'Elena (CA)]]></description>
        <styleUrl>#icon-1899-0288D1</styleUrl>
      </Placemark>
      <Placemark>
        <name>Lobina Costruzioni srl</name>
        <address>Piazza degli Sforza 3  09121 Cagliari (CA)</address>
        <description>Piazza degli Sforza 3  09121 Cagliari (CA)</description>
        <styleUrl>#icon-1899-0288D1</styleUrl>
      </Placemark>
      <Placemark>
        <name>Lobina Ivan</name>
        <address>Via dei Giardini 27  09040 Burcei (SU)</address>
        <description>Via dei Giardini 27  09040 Burcei (SU)</description>
        <styleUrl>#icon-1899-0288D1</styleUrl>
      </Placemark>
      <Placemark>
        <name><![CDATA[Locci Adolfo & C. sas]]></name>
        <address>via Crispi 6  09010 San Giovanni Suergiu (CI)</address>
        <description>via Crispi 6  09010 San Giovanni Suergiu (CI)</description>
        <styleUrl>#icon-1899-0288D1</styleUrl>
      </Placemark>
      <Placemark>
        <name>Locci Daniele</name>
        <address>Via Mazzini 48/B  09010 San Giovanni Suergiu (SU)</address>
        <description>Via Mazzini 48/B  09010 San Giovanni Suergiu (SU)</description>
        <styleUrl>#icon-1899-0288D1</styleUrl>
      </Placemark>
      <Placemark>
        <name>Locci Diego</name>
        <address>Via San Gottardo 66  09042 Monserrato (CA)</address>
        <description>Via San Gottardo 66  09042 Monserrato (CA)</description>
        <styleUrl>#icon-1899-0288D1</styleUrl>
      </Placemark>
      <Placemark>
        <name>Locci Edmondo</name>
        <address>Piazza Cattaneo 6  09013 Carbonia (SU)</address>
        <description>Piazza Cattaneo 6  09013 Carbonia (SU)</description>
        <styleUrl>#icon-1899-0288D1</styleUrl>
      </Placemark>
      <Placemark>
        <name>Locci Giovanni</name>
        <address>Via Cortirisioni 60  09039 VILLACIDRO (SU)</address>
        <description>Via Cortirisioni 60  09039 VILLACIDRO (SU)</description>
        <styleUrl>#icon-1899-0288D1</styleUrl>
      </Placemark>
      <Placemark>
        <name>Locci Maurizio</name>
        <address><![CDATA[Via Pardinixeddu 11 D  09045 Quartu Sant'Elena (CA)]]></address>
        <description><![CDATA[Via Pardinixeddu 11 D  09045 Quartu Sant'Elena (CA)]]></description>
        <styleUrl>#icon-1899-0288D1</styleUrl>
      </Placemark>
      <Placemark>
        <name>Locci Pierantonio</name>
        <address>Via Roma 61  09041 Dolianova (SU)</address>
        <description>Via Roma 61  09041 Dolianova (SU)</description>
        <styleUrl>#icon-1899-0288D1</styleUrl>
      </Placemark>
      <Placemark>
        <name>Locci Sandro</name>
        <address>Via Giuseppe Zanda 43  08032 Desulo (NU)</address>
        <description>Via Giuseppe Zanda 43  08032 Desulo (NU)</description>
        <styleUrl>#icon-1899-0288D1</styleUrl>
      </Placemark>
      <Placemark>
        <name>Loddo Davide</name>
        <address><![CDATA[Via Sant'Angelo 40  09042 Monserrato (CA)]]></address>
        <description><![CDATA[Via Sant'Angelo 40  09042 Monserrato (CA)]]></description>
        <styleUrl>#icon-1899-0288D1</styleUrl>
      </Placemark>
      <Placemark>
        <name>Loddo Francesco</name>
        <address>Via Monfalcone 10/A  09122 Cagliari (CA)</address>
        <description>Via Monfalcone 10/A  09122 Cagliari (CA)</description>
        <styleUrl>#icon-1899-0288D1</styleUrl>
      </Placemark>
      <Placemark>
        <name>Loddo Francesco</name>
        <address><![CDATA[Via Sant'Angelo 40  09042 Monserrato (CA)]]></address>
        <description><![CDATA[Via Sant'Angelo 40  09042 Monserrato (CA)]]></description>
        <styleUrl>#icon-1899-0288D1</styleUrl>
      </Placemark>
      <Placemark>
        <name>Loddo Gabriele</name>
        <address>Corso Gramsci 46  09012 Capoterra (CA)</address>
        <description>Corso Gramsci 46  09012 Capoterra (CA)</description>
        <styleUrl>#icon-1899-0288D1</styleUrl>
      </Placemark>
      <Placemark>
        <name>Loddo Giampietro</name>
        <address>Vico IV Trento 6  09041 Dolianova (SU)</address>
        <description>Vico IV Trento 6  09041 Dolianova (SU)</description>
        <styleUrl>#icon-1899-0288D1</styleUrl>
      </Placemark>
      <Placemark>
        <name>Loddo Giuseppe</name>
        <address>Via S. Antonio n 47  09047 Selargius (CA)</address>
        <description>Via S. Antonio n 47  09047 Selargius (CA)</description>
        <styleUrl>#icon-1899-0288D1</styleUrl>
      </Placemark>
      <Placemark>
        <name>Loddo Mario</name>
        <address>Via Roma 14  09032 Assemini (CA)</address>
        <description>Via Roma 14  09032 Assemini (CA)</description>
        <styleUrl>#icon-1899-0288D1</styleUrl>
      </Placemark>
      <Placemark>
        <name>Loddo Maurizio</name>
        <address><![CDATA[Via Guicciardini 10  09045 Quartu Sant'Elena (CA)]]></address>
        <description><![CDATA[Via Guicciardini 10  09045 Quartu Sant'Elena (CA)]]></description>
        <styleUrl>#icon-1899-0288D1</styleUrl>
      </Placemark>
      <Placemark>
        <name>Loddo Sergio Autotrasporti</name>
        <address>Loc. Villaggio Moratti  09018 Sarroch (CA)</address>
        <description>Loc. Villaggio Moratti  09018 Sarroch (CA)</description>
        <styleUrl>#icon-1899-0288D1</styleUrl>
      </Placemark>
      <Placemark>
        <name><![CDATA[Loddo Trasporti Snc di Loddo G & C.]]></name>
        <address>Via delle Regioni n 10  09010 Portoscuso (CI)</address>
        <description>Via delle Regioni n 10  09010 Portoscuso (CI)</description>
        <styleUrl>#icon-1899-0288D1</styleUrl>
      </Placemark>
      <Placemark>
        <name>Lodo trasporti Srl</name>
        <address>Loc. Truncu is follas  09032 Assemini (CA)</address>
        <description>Loc. Truncu is follas  09032 Assemini (CA)</description>
        <styleUrl>#icon-1899-0288D1</styleUrl>
      </Placemark>
      <Placemark>
        <name>Logi Transport srls</name>
        <address>via Torino 47  09010 Portoscuso (SU)</address>
        <description>via Torino 47  09010 Portoscuso (SU)</description>
        <styleUrl>#icon-1899-0288D1</styleUrl>
      </Placemark>
      <Placemark>
        <name>Logica Società Cooperativa</name>
        <address>Via G.B. Pirelli sn - zona PIP  09098 Terralba (OR)</address>
        <description>Via G.B. Pirelli sn - zona PIP  09098 Terralba (OR)</description>
        <styleUrl>#icon-1899-0288D1</styleUrl>
      </Placemark>
      <Placemark>
        <name>Logistar S.C. arl</name>
        <address>via Uganda 4  07026 Olbia (SS)</address>
        <description>via Uganda 4  07026 Olbia (SS)</description>
        <styleUrl>#icon-1899-0288D1</styleUrl>
      </Placemark>
      <Placemark>
        <name>Logistica 3 Srl</name>
        <address>Via Grazia Deledda 18  09127 Cagliari (CA)</address>
        <description>Via Grazia Deledda 18  09127 Cagliari (CA)</description>
        <styleUrl>#icon-1899-0288D1</styleUrl>
      </Placemark>
      <Placemark>
        <name>Logistica Futura 2010 srl</name>
        <address><![CDATA[Via Olanda 9  09045 Quartu Sant'Elena (CA)]]></address>
        <description><![CDATA[Via Olanda 9  09045 Quartu Sant'Elena (CA)]]></description>
        <styleUrl>#icon-1899-0288D1</styleUrl>
      </Placemark>
      <Placemark>
        <name>Logistica Italiana srl</name>
        <address>Via Concezione 3  09125 Cagliari (CA)</address>
        <description>Via Concezione 3  09125 Cagliari (CA)</description>
        <styleUrl>#icon-1899-0288D1</styleUrl>
      </Placemark>
      <Placemark>
        <name>Logistica Mediterranea Spa</name>
        <address><![CDATA[Via Sant'Eulalia 3  09067 Elmas (CA)]]></address>
        <description><![CDATA[Via Sant'Eulalia 3  09067 Elmas (CA)]]></description>
        <styleUrl>#icon-1899-0288D1</styleUrl>
      </Placemark>
      <Placemark>
        <name>Logistica S.P. Srl</name>
        <address>largo Pablo Picasso 20-21  08100 Nuoro (NU)</address>
        <description>largo Pablo Picasso 20-21  08100 Nuoro (NU)</description>
        <styleUrl>#icon-1899-0288D1</styleUrl>
      </Placemark>
      <Placemark>
        <name>Logistica Transflor srl</name>
        <address>Via Grazia Deledda snc  07011 Bono (SS)</address>
        <description>Via Grazia Deledda snc  07011 Bono (SS)</description>
        <styleUrl>#icon-1899-0288D1</styleUrl>
      </Placemark>
      <Placemark>
        <name>Logistica Trasporti Pittau Srl</name>
        <address>Via A. Vivaldi 93  09039 Villacidro (SU)</address>
        <description>Via A. Vivaldi 93  09039 Villacidro (SU)</description>
        <styleUrl>#icon-1899-0288D1</styleUrl>
      </Placemark>
      <Placemark>
        <name>Logistica Trasporti Sardegna Srl</name>
        <address>Zona Ind Tossilo  08015 Macomer (NU)</address>
        <description>Zona Ind Tossilo  08015 Macomer (NU)</description>
        <styleUrl>#icon-1899-0288D1</styleUrl>
      </Placemark>
      <Placemark>
        <name>Logistica Villano srl</name>
        <address>via Cavour 43  09100 Cagliari (CA)</address>
        <description>via Cavour 43  09100 Cagliari (CA)</description>
        <styleUrl>#icon-1899-0288D1</styleUrl>
      </Placemark>
      <Placemark>
        <name>Loi Agnese</name>
        <address>Via San Francesco 11  09050 Pula (CA)</address>
        <description>Via San Francesco 11  09050 Pula (CA)</description>
        <styleUrl>#icon-1899-0288D1</styleUrl>
      </Placemark>
      <Placemark>
        <name>Loi Alberto</name>
        <address>Via Campu Braxiu 21  09024 Nuraminis (SU)</address>
        <description>Via Campu Braxiu 21  09024 Nuraminis (SU)</description>
        <styleUrl>#icon-1899-0288D1</styleUrl>
      </Placemark>
      <Placemark>
        <name>Loi Andrea Mario</name>
        <address>Via la Marmore 3  08022 Dorgali (NU)</address>
        <description>Via la Marmore 3  08022 Dorgali (NU)</description>
        <styleUrl>#icon-1899-0288D1</styleUrl>
      </Placemark>
      <Placemark>
        <name>Loi Anna Rita</name>
        <address>via Umberto 188  08044 Jerzu (NU)</address>
        <description>via Umberto 188  08044 Jerzu (NU)</description>
        <styleUrl>#icon-1899-0288D1</styleUrl>
      </Placemark>
      <Placemark>
        <name>Loi Carlo</name>
        <address>Via Dante 8  08040 Ilbono (NU)</address>
        <description>Via Dante 8  08040 Ilbono (NU)</description>
        <styleUrl>#icon-1899-0288D1</styleUrl>
      </Placemark>
      <Placemark>
        <name>Loi Filippo</name>
        <address>Via Nazionale 132  08040 Ussassai (NU)</address>
        <description>Via Nazionale 132  08040 Ussassai (NU)</description>
        <styleUrl>#icon-1899-0288D1</styleUrl>
      </Placemark>
      <Placemark>
        <name>Loi Pierpublio</name>
        <address><![CDATA[Strada Comunale Cani Nieddu 43  09045 Quartu Sant'Elena (CA)]]></address>
        <description><![CDATA[Strada Comunale Cani Nieddu 43  09045 Quartu Sant'Elena (CA)]]></description>
        <styleUrl>#icon-1899-0288D1</styleUrl>
      </Placemark>
      <Placemark>
        <name>Longoni srl</name>
        <address>via Natta  09122 Cagliari (CA)</address>
        <description>via Natta  09122 Cagliari (CA)</description>
        <styleUrl>#icon-1899-0288D1</styleUrl>
      </Placemark>
      <Placemark>
        <name>Lonis Multiservice Di Francesco Lonis</name>
        <address>Via Lonis 45  09040 Senorbì (CA)</address>
        <description>Via Lonis 45  09040 Senorbì (CA)</description>
        <styleUrl>#icon-1899-0288D1</styleUrl>
      </Placemark>
      <Placemark>
        <name>Lora Truck S.R.L.S.</name>
        <address>Viale Stazione 4  09030 Samassi (CA)</address>
        <description>Viale Stazione 4  09030 Samassi (CA)</description>
        <styleUrl>#icon-1899-0288D1</styleUrl>
      </Placemark>
      <Placemark>
        <name>Lorenzo Vitario</name>
        <address>Via Daniele Manin 130  09122 Selargius (CA)</address>
        <description>Via Daniele Manin 130  09122 Selargius (CA)</description>
        <styleUrl>#icon-1899-0288D1</styleUrl>
      </Placemark>
      <Placemark>
        <name>Loriga S.R.L.</name>
        <address>Via Brigata Sassari 25  07045 Ossi (SS)</address>
        <description>Via Brigata Sassari 25  07045 Ossi (SS)</description>
        <styleUrl>#icon-1899-0288D1</styleUrl>
      </Placemark>
      <Placemark>
        <name>Loru Fabio Autotrasporti - Scavi e Movimento Terra</name>
        <address>Via Grazia Deledda 19  09010 Gonnesa (SU)</address>
        <description>Via Grazia Deledda 19  09010 Gonnesa (SU)</description>
        <styleUrl>#icon-1899-0288D1</styleUrl>
      </Placemark>
      <Placemark>
        <name>Loru Francesco</name>
        <address>Via Nazionale 288  09039 Villacidro (VS)</address>
        <description>Via Nazionale 288  09039 Villacidro (VS)</description>
        <styleUrl>#icon-1899-0288D1</styleUrl>
      </Placemark>
      <Placemark>
        <name>Losengo Autotrasporti di Losengo Giovanni</name>
        <address>Corso America 100  09032 Assemini (CA)</address>
        <description>Corso America 100  09032 Assemini (CA)</description>
        <styleUrl>#icon-1899-0288D1</styleUrl>
      </Placemark>
      <Placemark>
        <name>Lotta S.r.l.</name>
        <address>Z.I. Macchiareddu 7° strada snc  09068 Uta (CA)</address>
        <description>Z.I. Macchiareddu 7° strada snc  09068 Uta (CA)</description>
        <styleUrl>#icon-1899-0288D1</styleUrl>
      </Placemark>
      <Placemark>
        <name>Luas Eredi di Giaccu Francesco</name>
        <address>Viale Europa 14  08049 Villagrande Strisaili (NU)</address>
        <description>Viale Europa 14  08049 Villagrande Strisaili (NU)</description>
        <styleUrl>#icon-1899-0288D1</styleUrl>
      </Placemark>
      <Placemark>
        <name>Luca Accorte</name>
        <address>Poggio dei Pini Str. 70 n 1  09012 Capoterra (CA)</address>
        <description>Poggio dei Pini Str. 70 n 1  09012 Capoterra (CA)</description>
        <styleUrl>#icon-1899-0288D1</styleUrl>
      </Placemark>
      <Placemark>
        <name>Luca e Camilla Autotrasporti</name>
        <address>Via Cagliari 1  09030 Samassi (SU)</address>
        <description>Via Cagliari 1  09030 Samassi (SU)</description>
        <styleUrl>#icon-1899-0288D1</styleUrl>
      </Placemark>
      <Placemark>
        <name>Luca Melis</name>
        <address>Via Martiri di Via Fani 8  09090 Gonnosnò (OR)</address>
        <description>Via Martiri di Via Fani 8  09090 Gonnosnò (OR)</description>
        <styleUrl>#icon-1899-0288D1</styleUrl>
      </Placemark>
      <Placemark>
        <name>Luca Meloni</name>
        <address>Via Canepa 15  09056 Isili (SU)</address>
        <description>Via Canepa 15  09056 Isili (SU)</description>
        <styleUrl>#icon-1899-0288D1</styleUrl>
      </Placemark>
      <Placemark>
        <name>Luigi Bandino Salotti e Arredamenti S.R.L.</name>
        <address>Viale Monastir Km.5200  09122 Cagliari (CA)</address>
        <description>Viale Monastir Km.5200  09122 Cagliari (CA)</description>
        <styleUrl>#icon-1899-0288D1</styleUrl>
      </Placemark>
      <Placemark>
        <name>Luigi Casu</name>
        <address>Via Giorgio Melis 7  09055 Gergei (SU)</address>
        <description>Via Giorgio Melis 7  09055 Gergei (SU)</description>
        <styleUrl>#icon-1899-0288D1</styleUrl>
      </Placemark>
      <Placemark>
        <name><![CDATA[Luna Park Europa snc di Duville Davide & Daila]]></name>
        <address>Via Baronia 31  09121 Cagliari (CA)</address>
        <description>Via Baronia 31  09121 Cagliari (CA)</description>
        <styleUrl>#icon-1899-0288D1</styleUrl>
      </Placemark>
      <Placemark>
        <name>Lupinu Francesco</name>
        <address>Via Buonarroti 55  07044 Ittiri (SS)</address>
        <description>Via Buonarroti 55  07044 Ittiri (SS)</description>
        <styleUrl>#icon-1899-0288D1</styleUrl>
      </Placemark>
      <Placemark>
        <name>Lupinu Giammario</name>
        <address>Via Giotto 68  07044 Ittiri (SS)</address>
        <description>Via Giotto 68  07044 Ittiri (SS)</description>
        <styleUrl>#icon-1899-0288D1</styleUrl>
      </Placemark>
      <Placemark>
        <name><![CDATA[M & A]]></name>
        <address>via Montecarroccia 2  09016 Iglesias (SU)</address>
        <description>via Montecarroccia 2  09016 Iglesias (SU)</description>
        <styleUrl>#icon-1899-0288D1</styleUrl>
      </Placemark>
      <Placemark>
        <name>M Group S.R.L.</name>
        <address>Via del Fangario 12  09122 Cagliari (CA)</address>
        <description>Via del Fangario 12  09122 Cagliari (CA)</description>
        <styleUrl>#icon-1899-0288D1</styleUrl>
      </Placemark>
      <Placemark>
        <name><![CDATA[M&C Costruzioni e Restauri S.R.L.]]></name>
        <address>Corso America 76/B  09032 Assemini (CA)</address>
        <description>Corso America 76/B  09032 Assemini (CA)</description>
        <styleUrl>#icon-1899-0288D1</styleUrl>
      </Placemark>
      <Placemark>
        <name>M.A Officina Deiana</name>
        <address>via Arabia Saudita 20  07026 Olbia (SS)</address>
        <description>via Arabia Saudita 20  07026 Olbia (SS)</description>
        <styleUrl>#icon-1899-0288D1</styleUrl>
      </Placemark>
      <Placemark>
        <name>M.A. Trasporti Nicola Marcellino</name>
        <address>Via Monte Granatico13  09034 Villasor (SU)</address>
        <description>Via Monte Granatico13  09034 Villasor (SU)</description>
        <styleUrl>#icon-1899-0288D1</styleUrl>
      </Placemark>
      <Placemark>
        <name>M.A.T.E. di Miscali G. Andrea</name>
        <address>via g.b. cabras 8/10 - Loc. Gollai  08028 Orosei (NU)</address>
        <description>via g.b. cabras 8/10 - Loc. Gollai  08028 Orosei (NU)</description>
        <styleUrl>#icon-1899-0288D1</styleUrl>
      </Placemark>
      <Placemark>
        <name>M.B. S.R.L. Semplificata</name>
        <address><![CDATA[Loc. Pont'Ezzu  07014 Ozieri (SS)]]></address>
        <description><![CDATA[Loc. Pont'Ezzu  07014 Ozieri (SS)]]></description>
        <styleUrl>#icon-1899-0288D1</styleUrl>
      </Placemark>
      <Placemark>
        <name>M.B.C. Manca Bonifiche Costruzioni S.R.L.</name>
        <address>Via Carbonia 7  09071 Abbasanta (OR)</address>
        <description>Via Carbonia 7  09071 Abbasanta (OR)</description>
        <styleUrl>#icon-1899-0288D1</styleUrl>
      </Placemark>
      <Placemark>
        <name>M.F.B. snc di Brundu</name>
        <address>Zona Industriale Tossilo S.N.  08015 Macomer (NU)</address>
        <description>Zona Industriale Tossilo S.N.  08015 Macomer (NU)</description>
        <styleUrl>#icon-1899-0288D1</styleUrl>
      </Placemark>
      <Placemark>
        <name>M.G.A. Autotrasporti</name>
        <address>via S. Giacomo 49  09033 Decimomannu (CA)</address>
        <description>via S. Giacomo 49  09033 Decimomannu (CA)</description>
        <styleUrl>#icon-1899-0288D1</styleUrl>
      </Placemark>
      <Placemark>
        <name>M.G.A. Service di Pinna Giuseppe</name>
        <address>Via Porto Istana 32  07026 Olbia (SS)</address>
        <description>Via Porto Istana 32  07026 Olbia (SS)</description>
        <styleUrl>#icon-1899-0288D1</styleUrl>
      </Placemark>
      <Placemark>
        <name>M.K. Autotrasporti Srl</name>
        <address>Zona Industriale San Marco  07041 Alghero (SS)</address>
        <description>Zona Industriale San Marco  07041 Alghero (SS)</description>
        <styleUrl>#icon-1899-0288D1</styleUrl>
      </Placemark>
      <Placemark>
        <name>M.L. S.r.l.</name>
        <address>Via Dolcetta 14  09032 Assemini (CA)</address>
        <description>Via Dolcetta 14  09032 Assemini (CA)</description>
        <styleUrl>#icon-1899-0288D1</styleUrl>
      </Placemark>
      <Placemark>
        <name>M.P. Autotrasporti di Piredda Maria Elena</name>
        <address>Via Azara 12  09010 Pula (CA)</address>
        <description>Via Azara 12  09010 Pula (CA)</description>
        <styleUrl>#icon-1899-0288D1</styleUrl>
      </Placemark>
      <Placemark>
        <name>M.S.F. Trasporti srl</name>
        <address>Reg. Is Trincas - Cas. Post. 70 Succursale 10  09122 Cagliari (CA)</address>
        <description>Reg. Is Trincas - Cas. Post. 70 Succursale 10  09122 Cagliari (CA)</description>
        <styleUrl>#icon-1899-0288D1</styleUrl>
      </Placemark>
      <Placemark>
        <name>M.T. Autoricambi S.R.L.</name>
        <address>Largo Abruzzi  09040 Senorbì (SU)</address>
        <description>Largo Abruzzi  09040 Senorbì (SU)</description>
        <styleUrl>#icon-1899-0288D1</styleUrl>
      </Placemark>
      <Placemark>
        <name>M.T. Trasporti srl</name>
        <address>via Nazionale 94  09024 Nuraminis (CA)</address>
        <description>via Nazionale 94  09024 Nuraminis (CA)</description>
        <styleUrl>#icon-1899-0288D1</styleUrl>
      </Placemark>
      <Placemark>
        <name>M.T.A. Mugnai srl</name>
        <address>via Napoli 15  09030 Pabillonis (SU)</address>
        <description>via Napoli 15  09030 Pabillonis (SU)</description>
        <styleUrl>#icon-1899-0288D1</styleUrl>
      </Placemark>
      <Placemark>
        <name>M.T.D. S.r.l.</name>
        <address><![CDATA[Loc. S'Ascia  07040 Siligo (SS)]]></address>
        <description><![CDATA[Loc. S'Ascia  07040 Siligo (SS)]]></description>
        <styleUrl>#icon-1899-0288D1</styleUrl>
      </Placemark>
      <Placemark>
        <name>M.T.S. Truck srl</name>
        <address><![CDATA[via dell'Artigianato 12  09028 Sestu (CA)]]></address>
        <description><![CDATA[via dell'Artigianato 12  09028 Sestu (CA)]]></description>
        <styleUrl>#icon-1899-0288D1</styleUrl>
      </Placemark>
      <Placemark>
        <name>M.Taras T. Srl</name>
        <address>Via Indipendenza 15  07020 Buddusò (SS)</address>
        <description>Via Indipendenza 15  07020 Buddusò (SS)</description>
        <styleUrl>#icon-1899-0288D1</styleUrl>
      </Placemark>
      <Placemark>
        <name>Ma.Be. S.R.L.S.</name>
        <address>Regione Pertusa  07013 Mores (SS)</address>
        <description>Regione Pertusa  07013 Mores (SS)</description>
        <styleUrl>#icon-1899-0288D1</styleUrl>
      </Placemark>
      <Placemark>
        <name><![CDATA[Ma.Pa. Servizi Logistici di Cheratzu M. & Carta P. snc]]></name>
        <address>Via Nuoro 63  09074 Ghilarza (OR)</address>
        <description>Via Nuoro 63  09074 Ghilarza (OR)</description>
        <styleUrl>#icon-1899-0288D1</styleUrl>
      </Placemark>
      <Placemark>
        <name>MA.PI. di Piras Massimiliano Aldo</name>
        <address>via Grazia Deledda 42 A  09062 Sadali (SU)</address>
        <description>via Grazia Deledda 42 A  09062 Sadali (SU)</description>
        <styleUrl>#icon-1899-0288D1</styleUrl>
      </Placemark>
      <Placemark>
        <name>MA.RO.FA. Ricambi</name>
        <address>via Andrea Costa 32  09028 Sestu (CA)</address>
        <description>via Andrea Costa 32  09028 Sestu (CA)</description>
        <styleUrl>#icon-1899-0288D1</styleUrl>
      </Placemark>
      <Placemark>
        <name>Ma.Ro.Fa. Ricambi snc dei F.lli Puddu Fausto e Martina</name>
        <address>via Andrea Costa 32  09028 Sestu (CA)</address>
        <description>via Andrea Costa 32  09028 Sestu (CA)</description>
        <styleUrl>#icon-1899-0288D1</styleUrl>
      </Placemark>
      <Placemark>
        <name>Macis Maurizio</name>
        <address>Via Trieste 82  09032 Assemini (CA)</address>
        <description>Via Trieste 82  09032 Assemini (CA)</description>
        <styleUrl>#icon-1899-0288D1</styleUrl>
      </Placemark>
      <Placemark>
        <name>Madeddu Alessandra</name>
        <address>Via A.ligas 15  09048 Sinnai (CA)</address>
        <description>Via A.ligas 15  09048 Sinnai (CA)</description>
        <styleUrl>#icon-1899-0288D1</styleUrl>
      </Placemark>
      <Placemark>
        <name>Madeddu Gianfranco</name>
        <address>Via Oslo 34  09032 Assemini (CA)</address>
        <description>Via Oslo 34  09032 Assemini (CA)</description>
        <styleUrl>#icon-1899-0288D1</styleUrl>
      </Placemark>
      <Placemark>
        <name>Mader srl</name>
        <address>Zona Is Arenas - Via Is Arenas 9  09040 Donori (SU)</address>
        <description>Zona Is Arenas - Via Is Arenas 9  09040 Donori (SU)</description>
        <styleUrl>#icon-1899-0288D1</styleUrl>
      </Placemark>
      <Placemark>
        <name>Maffei Sarda Silicati S.P.A.</name>
        <address>Zona Industriale  07030 Florinas (SS)</address>
        <description>Zona Industriale  07030 Florinas (SS)</description>
        <styleUrl>#icon-1899-0288D1</styleUrl>
      </Placemark>
      <Placemark>
        <name>Magari Luciano</name>
        <address><![CDATA[Località Genna S'Arritzu  08045 Lanusei (NU)]]></address>
        <description><![CDATA[Località Genna S'Arritzu  08045 Lanusei (NU)]]></description>
        <styleUrl>#icon-1899-0288D1</styleUrl>
      </Placemark>
      <Placemark>
        <name>Magari Ramon</name>
        <address>via Don G. Muntoni 10  08031 Aritzo (NU)</address>
        <description>via Don G. Muntoni 10  08031 Aritzo (NU)</description>
        <styleUrl>#icon-1899-0288D1</styleUrl>
      </Placemark>
      <Placemark>
        <name>Maior Logistica S.r.l.</name>
        <address>Strada 5 traversa c  09032 Assemini (CA)</address>
        <description>Strada 5 traversa c  09032 Assemini (CA)</description>
        <styleUrl>#icon-1899-0288D1</styleUrl>
      </Placemark>
      <Placemark>
        <name>Mallica Cristian</name>
        <address>VIA STRADA 6/1  09092 ARBOREA (OR)</address>
        <description>VIA STRADA 6/1  09092 ARBOREA (OR)</description>
        <styleUrl>#icon-1899-0288D1</styleUrl>
      </Placemark>
      <Placemark>
        <name>Malloru Salvatore</name>
        <address>Via dei Giardini 25  09040 Burcei (CA)</address>
        <description>Via dei Giardini 25  09040 Burcei (CA)</description>
        <styleUrl>#icon-1899-0288D1</styleUrl>
      </Placemark>
      <Placemark>
        <name>Malloru Severino Legna da Ardere</name>
        <address>via Leonardo da Vinci 71  09040 Burcei (CA)</address>
        <description>via Leonardo da Vinci 71  09040 Burcei (CA)</description>
        <styleUrl>#icon-1899-0288D1</styleUrl>
      </Placemark>
      <Placemark>
        <name>Mallus Roberto</name>
        <address><![CDATA[Strada Comunale Is Meris 12 M  09045 Quartu Sant'Elena (CA)]]></address>
        <description><![CDATA[Strada Comunale Is Meris 12 M  09045 Quartu Sant'Elena (CA)]]></description>
        <styleUrl>#icon-1899-0288D1</styleUrl>
      </Placemark>
      <Placemark>
        <name>Malune Alessandro</name>
        <address>Via Nuoro 148  08025 Oliena (NU)</address>
        <description>Via Nuoro 148  08025 Oliena (NU)</description>
        <styleUrl>#icon-1899-0288D1</styleUrl>
      </Placemark>
      <Placemark>
        <name>Mameli Nicola</name>
        <address>Via dei 1000 26  09032 Assemini (CA)</address>
        <description>Via dei 1000 26  09032 Assemini (CA)</description>
        <styleUrl>#icon-1899-0288D1</styleUrl>
      </Placemark>
      <Placemark>
        <name>Mameli Piero</name>
        <address>Via Nuoro 30  08047 Tertenia (NU)</address>
        <description>Via Nuoro 30  08047 Tertenia (NU)</description>
        <styleUrl>#icon-1899-0288D1</styleUrl>
      </Placemark>
      <Placemark>
        <name>Mameli Stefano</name>
        <address>via Giardini 75  09026 San Sperate (SU)</address>
        <description>via Giardini 75  09026 San Sperate (SU)</description>
        <styleUrl>#icon-1899-0288D1</styleUrl>
      </Placemark>
      <Placemark>
        <name>Manca Gian Mario</name>
        <address>via Bellini 9a  09170 Oristano (OR)</address>
        <description>via Bellini 9a  09170 Oristano (OR)</description>
        <styleUrl>#icon-1899-0288D1</styleUrl>
      </Placemark>
      <Placemark>
        <name>Manca Igor Salvatore</name>
        <address>Via Mura snc  08031 Aritzo (NU)</address>
        <description>Via Mura snc  08031 Aritzo (NU)</description>
        <styleUrl>#icon-1899-0288D1</styleUrl>
      </Placemark>
      <Placemark>
        <name>Manca Mario Giovanni</name>
        <address>via Gronchi snc  07020 Buddusò (OT)</address>
        <description>via Gronchi snc  07020 Buddusò (OT)</description>
        <styleUrl>#icon-1899-0288D1</styleUrl>
      </Placemark>
      <Placemark>
        <name>Manca Maurizio Autotrasporti</name>
        <address>Viale Kennedy 17  08031 Aritzo (NU)</address>
        <description>Viale Kennedy 17  08031 Aritzo (NU)</description>
        <styleUrl>#icon-1899-0288D1</styleUrl>
      </Placemark>
      <Placemark>
        <name>Manca Riccardo Antonio</name>
        <address>Via Pres. Giovanni Gronchi 4  07020 Buddusò (SS)</address>
        <description>Via Pres. Giovanni Gronchi 4  07020 Buddusò (SS)</description>
        <styleUrl>#icon-1899-0288D1</styleUrl>
      </Placemark>
      <Placemark>
        <name>Manca Sandro Dino</name>
        <address><![CDATA[Via Sant'Ignazio 21  09098 Terralba (OR)]]></address>
        <description><![CDATA[Via Sant'Ignazio 21  09098 Terralba (OR)]]></description>
        <styleUrl>#icon-1899-0288D1</styleUrl>
      </Placemark>
      <Placemark>
        <name>Manca Trasporti S.r.l.</name>
        <address>Loc. Camedda CP 51  07044 Ittiri (SS)</address>
        <description>Loc. Camedda CP 51  07044 Ittiri (SS)</description>
        <styleUrl>#icon-1899-0288D1</styleUrl>
      </Placemark>
      <Placemark>
        <name>Manconi Efren</name>
        <address>Via Sarrabus 3  09121 Cagliari (CA)</address>
        <description>Via Sarrabus 3  09121 Cagliari (CA)</description>
        <styleUrl>#icon-1899-0288D1</styleUrl>
      </Placemark>
      <Placemark>
        <name>Manconi Trasporti S.R.L.</name>
        <address>Via Enrico Fermi 15  08011 Bolotana (NU)</address>
        <description>Via Enrico Fermi 15  08011 Bolotana (NU)</description>
        <styleUrl>#icon-1899-0288D1</styleUrl>
      </Placemark>
      <Placemark>
        <name>Mancosu Fulvio</name>
        <address>Via Filippo Turati 10  09030 SAMASSI (CA)</address>
        <description>Via Filippo Turati 10  09030 SAMASSI (CA)</description>
        <styleUrl>#icon-1899-0288D1</styleUrl>
      </Placemark>
      <Placemark>
        <name>Mancuso Melillo</name>
        <address>Via Venezia 3  09032 Assemini (CA)</address>
        <description>Via Venezia 3  09032 Assemini (CA)</description>
        <styleUrl>#icon-1899-0288D1</styleUrl>
      </Placemark>
      <Placemark>
        <name>Mancuso Rosario</name>
        <address>Via P. Mascagni n. 7  09010 Uta (CA)</address>
        <description>Via P. Mascagni n. 7  09010 Uta (CA)</description>
        <styleUrl>#icon-1899-0288D1</styleUrl>
      </Placemark>
      <Placemark>
        <name>Mandis Carlo</name>
        <address>Via Marabini 13  09036 Guspini (SU)</address>
        <description>Via Marabini 13  09036 Guspini (SU)</description>
        <styleUrl>#icon-1899-0288D1</styleUrl>
      </Placemark>
      <Placemark>
        <name>Mandis Mario</name>
        <address>Via Roma 59  09025 Sanluri (SU)</address>
        <description>Via Roma 59  09025 Sanluri (SU)</description>
        <styleUrl>#icon-1899-0288D1</styleUrl>
      </Placemark>
      <Placemark>
        <name>Manis e Vincis S.A.S.</name>
        <address>Loc. Terras Noas  09033 Decimomannu (CA)</address>
        <description>Loc. Terras Noas  09033 Decimomannu (CA)</description>
        <styleUrl>#icon-1899-0288D1</styleUrl>
      </Placemark>
      <Placemark>
        <name>Manis Vito</name>
        <address>via Vico Municipio 13  09055 Gergei (SU)</address>
        <description>via Vico Municipio 13  09055 Gergei (SU)</description>
        <styleUrl>#icon-1899-0288D1</styleUrl>
      </Placemark>
      <Placemark>
        <name>Mannu Pier Franco</name>
        <address>Via Nino Bixio 15  07020 Buddusò (SS)</address>
        <description>Via Nino Bixio 15  07020 Buddusò (SS)</description>
        <styleUrl>#icon-1899-0288D1</styleUrl>
      </Placemark>
      <Placemark>
        <name>Mans Pintus S.r.l.</name>
        <address><![CDATA[Via Cagliari 157  09045 Quartu Sant'Elena (CA)]]></address>
        <description><![CDATA[Via Cagliari 157  09045 Quartu Sant'Elena (CA)]]></description>
        <styleUrl>#icon-1899-0288D1</styleUrl>
      </Placemark>
      <Placemark>
        <name>Manuele Floris</name>
        <address>Via Cagliari 17  09025 Sanluri (CA)</address>
        <description>Via Cagliari 17  09025 Sanluri (CA)</description>
        <styleUrl>#icon-1899-0288D1</styleUrl>
      </Placemark>
      <Placemark>
        <name>Manunta Srl</name>
        <address>Piazza Crispi 21  07026 Olbia (OT)</address>
        <description>Piazza Crispi 21  07026 Olbia (OT)</description>
        <styleUrl>#icon-1899-0288D1</styleUrl>
      </Placemark>
      <Placemark>
        <name>Maoddi Gianluca</name>
        <address>Via Antonio Gramsci 3  09057 Nuragus (SU)</address>
        <description>Via Antonio Gramsci 3  09057 Nuragus (SU)</description>
        <styleUrl>#icon-1899-0288D1</styleUrl>
      </Placemark>
      <Placemark>
        <name>Mar Free Logistic S.r.l.</name>
        <address>Loc. IS Assindigus  09010 Villaspeciosa (CA)</address>
        <description>Loc. IS Assindigus  09010 Villaspeciosa (CA)</description>
        <styleUrl>#icon-1899-0288D1</styleUrl>
      </Placemark>
      <Placemark>
        <name>Marci e Faedda S.R.L.</name>
        <address><![CDATA[Via Pola 9  09045 Quartu Sant'Elena (CA)]]></address>
        <description><![CDATA[Via Pola 9  09045 Quartu Sant'Elena (CA)]]></description>
        <styleUrl>#icon-1899-0288D1</styleUrl>
      </Placemark>
      <Placemark>
        <name>Marci Michele</name>
        <address>Via Nazionale 129  09033 Decimomannu (CA)</address>
        <description>Via Nazionale 129  09033 Decimomannu (CA)</description>
        <styleUrl>#icon-1899-0288D1</styleUrl>
      </Placemark>
      <Placemark>
        <name>Marcia autotrasporti Srl</name>
        <address>Via Caravaggio 7  09025 Sanluri (VS)</address>
        <description>Via Caravaggio 7  09025 Sanluri (VS)</description>
        <styleUrl>#icon-1899-0288D1</styleUrl>
      </Placemark>
      <Placemark>
        <name>Marcialis Giorgio</name>
        <address>Corso Italia 9  09059 Nurri (CA)</address>
        <description>Corso Italia 9  09059 Nurri (CA)</description>
        <styleUrl>#icon-1899-0288D1</styleUrl>
      </Placemark>
      <Placemark>
        <name>Marco Carboni S.R.L.</name>
        <address>Strada Provinciale 2 Km. 0400  09028 Sestu (CA)</address>
        <description>Strada Provinciale 2 Km. 0400  09028 Sestu (CA)</description>
        <styleUrl>#icon-1899-0288D1</styleUrl>
      </Placemark>
      <Placemark>
        <name>Marco Usai</name>
        <address>Via Terranova 17  09072 Cabras (OR)</address>
        <description>Via Terranova 17  09072 Cabras (OR)</description>
        <styleUrl>#icon-1899-0288D1</styleUrl>
      </Placemark>
      <Placemark>
        <name>Marianna Aramu</name>
        <address><![CDATA[Via Sant'Ignazio 29  09098 Terralba (OR)]]></address>
        <description><![CDATA[Via Sant'Ignazio 29  09098 Terralba (OR)]]></description>
        <styleUrl>#icon-1899-0288D1</styleUrl>
      </Placemark>
      <Placemark>
        <name>Mariano Andrea</name>
        <address>Via Ruanda 77 Z.I. Sett. 7  07026 Olbia (SS)</address>
        <description>Via Ruanda 77 Z.I. Sett. 7  07026 Olbia (SS)</description>
        <styleUrl>#icon-1899-0288D1</styleUrl>
      </Placemark>
      <Placemark>
        <name>Mariano Stocchino</name>
        <address><![CDATA[Via F. Ciusa 37  09045 Quartu Sant'Elena (CA)]]></address>
        <description><![CDATA[Via F. Ciusa 37  09045 Quartu Sant'Elena (CA)]]></description>
        <styleUrl>#icon-1899-0288D1</styleUrl>
      </Placemark>
      <Placemark>
        <name>Marica Antonello Autotrasporti</name>
        <address>Via Flumendosa 42  09048 Sinnai (CA)</address>
        <description>Via Flumendosa 42  09048 Sinnai (CA)</description>
        <styleUrl>#icon-1899-0288D1</styleUrl>
      </Placemark>
      <Placemark>
        <name>Marine Service di Spissu Francolino</name>
        <address>Viale Ticca 19  09122 Cagliari (CA)</address>
        <description>Viale Ticca 19  09122 Cagliari (CA)</description>
        <styleUrl>#icon-1899-0288D1</styleUrl>
      </Placemark>
      <Placemark>
        <name>Marino Antonio Autotrasporti</name>
        <address>Via Bellini 56  07026 Olbia (OT)</address>
        <description>Via Bellini 56  07026 Olbia (OT)</description>
        <styleUrl>#icon-1899-0288D1</styleUrl>
      </Placemark>
      <Placemark>
        <name>Mario Mura</name>
        <address>Via Su Pranu 22  09020 Gesturi (SU)</address>
        <description>Via Su Pranu 22  09020 Gesturi (SU)</description>
        <styleUrl>#icon-1899-0288D1</styleUrl>
      </Placemark>
      <Placemark>
        <name>Marisol Srl Semplificata Unipersonale</name>
        <address>Via Gabon 8  07026 Olbia (SS)</address>
        <description>Via Gabon 8  07026 Olbia (SS)</description>
        <styleUrl>#icon-1899-0288D1</styleUrl>
      </Placemark>
      <Placemark>
        <name>Marongiu Fausto</name>
        <address>via Palermo 18  09028 Sestu (CA)</address>
        <description>via Palermo 18  09028 Sestu (CA)</description>
        <styleUrl>#icon-1899-0288D1</styleUrl>
      </Placemark>
      <Placemark>
        <name>Marongiu Giampiero</name>
        <address>Via Giusti 10  09038 Serramanna (SU)</address>
        <description>Via Giusti 10  09038 Serramanna (SU)</description>
        <styleUrl>#icon-1899-0288D1</styleUrl>
      </Placemark>
      <Placemark>
        <name>Marongiu Gianluca</name>
        <address>Via Nuova 33  09026 San Sperate (SU)</address>
        <description>Via Nuova 33  09026 San Sperate (SU)</description>
        <styleUrl>#icon-1899-0288D1</styleUrl>
      </Placemark>
      <Placemark>
        <name>Marongiu Giuseppe Officina Meccanica</name>
        <address>via dei Giunchi 8 - Zona Artig. Is Spinargius  09026 San Sperate (CA)</address>
        <description>via dei Giunchi 8 - Zona Artig. Is Spinargius  09026 San Sperate (CA)</description>
        <styleUrl>#icon-1899-0288D1</styleUrl>
      </Placemark>
      <Placemark>
        <name>Marongiu Luigi Antonio</name>
        <address>Via Bobetti 5  09038 Serramanna (SU)</address>
        <description>Via Bobetti 5  09038 Serramanna (SU)</description>
        <styleUrl>#icon-1899-0288D1</styleUrl>
      </Placemark>
      <Placemark>
        <name>Marongiu Mirko</name>
        <address>Via Genova 19  09033 Decimomannu (CA)</address>
        <description>Via Genova 19  09033 Decimomannu (CA)</description>
        <styleUrl>#icon-1899-0288D1</styleUrl>
      </Placemark>
      <Placemark>
        <name>Marongiu Nicola Mario</name>
        <address>Via delle Aquile 8  09069 Maracalagonis (CA)</address>
        <description>Via delle Aquile 8  09069 Maracalagonis (CA)</description>
        <styleUrl>#icon-1899-0288D1</styleUrl>
      </Placemark>
      <Placemark>
        <name><![CDATA[Marras Costruzioni & C. S.r.l.]]></name>
        <address>Via Gallura 8  08030 Gergei (NU)</address>
        <description>Via Gallura 8  08030 Gergei (NU)</description>
        <styleUrl>#icon-1899-0288D1</styleUrl>
      </Placemark>
      <Placemark>
        <name>Marras Giacomo</name>
        <address>Via dei Gracchi 12 A  09042 Monserrato (CA)</address>
        <description>Via dei Gracchi 12 A  09042 Monserrato (CA)</description>
        <styleUrl>#icon-1899-0288D1</styleUrl>
      </Placemark>
      <Placemark>
        <name>Marras Mario</name>
        <address>Via Matteotti 54  09047 Selargius (CA)</address>
        <description>Via Matteotti 54  09047 Selargius (CA)</description>
        <styleUrl>#icon-1899-0288D1</styleUrl>
      </Placemark>
      <Placemark>
        <name>Marras Matteo</name>
        <address>Via Gherardo delle Notti 5  09121 Cagliari (CA)</address>
        <description>Via Gherardo delle Notti 5  09121 Cagliari (CA)</description>
        <styleUrl>#icon-1899-0288D1</styleUrl>
      </Placemark>
      <Placemark>
        <name>Marras Mattia</name>
        <address>via Carlo Alberto dalla Chiesa 54  09069 Maracalagonis (CA)</address>
        <description>via Carlo Alberto dalla Chiesa 54  09069 Maracalagonis (CA)</description>
        <styleUrl>#icon-1899-0288D1</styleUrl>
      </Placemark>
      <Placemark>
        <name>Marras Pier Luigi</name>
        <address>Via Tenente Corda Giulio 46  09027 Serrenti (VS)</address>
        <description>Via Tenente Corda Giulio 46  09027 Serrenti (VS)</description>
        <styleUrl>#icon-1899-0288D1</styleUrl>
      </Placemark>
      <Placemark>
        <name>Marras Roberto</name>
        <address>Via Serpentara 94  09012 Capoterra (CA)</address>
        <description>Via Serpentara 94  09012 Capoterra (CA)</description>
        <styleUrl>#icon-1899-0288D1</styleUrl>
      </Placemark>
      <Placemark>
        <name>Marras Sergio</name>
        <address>Via Alghero 8  09044 Quartucciu (CA)</address>
        <description>Via Alghero 8  09044 Quartucciu (CA)</description>
        <styleUrl>#icon-1899-0288D1</styleUrl>
      </Placemark>
      <Placemark>
        <name>Marras Simone</name>
        <address>via Enrico Fermi 104  08022 Dorgali (NU)</address>
        <description>via Enrico Fermi 104  08022 Dorgali (NU)</description>
        <styleUrl>#icon-1899-0288D1</styleUrl>
      </Placemark>
      <Placemark>
        <name>Marras Trasporti Snc</name>
        <address>Via Bixio 28  09032 Assemini (CA)</address>
        <description>Via Bixio 28  09032 Assemini (CA)</description>
        <styleUrl>#icon-1899-0288D1</styleUrl>
      </Placemark>
      <Placemark>
        <name>Marras Walter</name>
        <address>Via Linosa 36  09012 Capoterra (CA)</address>
        <description>Via Linosa 36  09012 Capoterra (CA)</description>
        <styleUrl>#icon-1899-0288D1</styleUrl>
      </Placemark>
      <Placemark>
        <name>Marratzu Pasquale</name>
        <address>Via Trieste 11  08020 Sarule (NU)</address>
        <description>Via Trieste 11  08020 Sarule (NU)</description>
        <styleUrl>#icon-1899-0288D1</styleUrl>
      </Placemark>
      <Placemark>
        <name>Marrone Alessandro</name>
        <address>Via San Sebastiano 1  07020 Buddusò (OT)</address>
        <description>Via San Sebastiano 1  07020 Buddusò (OT)</description>
        <styleUrl>#icon-1899-0288D1</styleUrl>
      </Placemark>
      <Placemark>
        <name>Marrone Pietro</name>
        <address>via Grazia Deledda 16  07020 Buddusò (OT)</address>
        <description>via Grazia Deledda 16  07020 Buddusò (OT)</description>
        <styleUrl>#icon-1899-0288D1</styleUrl>
      </Placemark>
      <Placemark>
        <name>Marrone Srl</name>
        <address>Via San Quirico 18  07020 Buddusò (SS)</address>
        <description>Via San Quirico 18  07020 Buddusò (SS)</description>
        <styleUrl>#icon-1899-0288D1</styleUrl>
      </Placemark>
      <Placemark>
        <name>Marsi S.R.L.S.</name>
        <address>Viale Elmas 142  09122 Cagliari (CA)</address>
        <description>Viale Elmas 142  09122 Cagliari (CA)</description>
        <styleUrl>#icon-1899-0288D1</styleUrl>
      </Placemark>
      <Placemark>
        <name>Martini Antonio 
Scavi e movimento terra</name>
        <address>Via monte santo 81  09050 PULA (CA)</address>
        <description>Via monte santo 81  09050 PULA (CA)</description>
        <styleUrl>#icon-1899-0288D1</styleUrl>
      </Placemark>
      <Placemark>
        <name>Martis Fabio</name>
        <address>Strada 6  09092 Arborea (OR)</address>
        <description>Strada 6  09092 Arborea (OR)</description>
        <styleUrl>#icon-1899-0288D1</styleUrl>
      </Placemark>
      <Placemark>
        <name>Martis Fabrizio</name>
        <address>Via Roma 329  09020 Villamar (SU)</address>
        <description>Via Roma 329  09020 Villamar (SU)</description>
        <styleUrl>#icon-1899-0288D1</styleUrl>
      </Placemark>
      <Placemark>
        <name>Martis Roberto</name>
        <address>Via Roma 299  09020 Villamar (VS)</address>
        <description>Via Roma 299  09020 Villamar (VS)</description>
        <styleUrl>#icon-1899-0288D1</styleUrl>
      </Placemark>
      <Placemark>
        <name>Masala Alessia</name>
        <address>Via Ugo Foscolo 11  09128 Cagliari (CA)</address>
        <description>Via Ugo Foscolo 11  09128 Cagliari (CA)</description>
        <styleUrl>#icon-1899-0288D1</styleUrl>
      </Placemark>
      <Placemark>
        <name>Masala Carlo</name>
        <address>via Barone Rossi 19  09122 Cagliari (CA)</address>
        <description>via Barone Rossi 19  09122 Cagliari (CA)</description>
        <styleUrl>#icon-1899-0288D1</styleUrl>
      </Placemark>
      <Placemark>
        <name>Masala Francesco</name>
        <address>Via Santesu 34/B  09020 Villamar (CA)</address>
        <description>Via Santesu 34/B  09020 Villamar (CA)</description>
        <styleUrl>#icon-1899-0288D1</styleUrl>
      </Placemark>
      <Placemark>
        <name>Masala Massimo</name>
        <address>via Adige 7  09012 Capoterra (CA)</address>
        <description>via Adige 7  09012 Capoterra (CA)</description>
        <styleUrl>#icon-1899-0288D1</styleUrl>
      </Placemark>
      <Placemark>
        <name>Masala Salvatore</name>
        <address>Zona Artigiana  09070 Narbolia (OR)</address>
        <description>Zona Artigiana  09070 Narbolia (OR)</description>
        <styleUrl>#icon-1899-0288D1</styleUrl>
      </Placemark>
      <Placemark>
        <name>Masan S.R.L.</name>
        <address>Strada Provinciale 120 Sestu Elmas Km.2800  09028 Sestu (CA)</address>
        <description>Strada Provinciale 120 Sestu Elmas Km.2800  09028 Sestu (CA)</description>
        <styleUrl>#icon-1899-0288D1</styleUrl>
      </Placemark>
      <Placemark>
        <name>Mascia Alessandro</name>
        <address>Via Montesabotino 35  09028 Sestu (CA)</address>
        <description>Via Montesabotino 35  09028 Sestu (CA)</description>
        <styleUrl>#icon-1899-0288D1</styleUrl>
      </Placemark>
      <Placemark>
        <name>Mascia Andrea</name>
        <address>Via Vivaldi 45  09039 Villacidro (SU)</address>
        <description>Via Vivaldi 45  09039 Villacidro (SU)</description>
        <styleUrl>#icon-1899-0288D1</styleUrl>
      </Placemark>
      <Placemark>
        <name>Mascia Antonio</name>
        <address>Via Rossini 24  09040 Maracalagonis (CA)</address>
        <description>Via Rossini 24  09040 Maracalagonis (CA)</description>
        <styleUrl>#icon-1899-0288D1</styleUrl>
      </Placemark>
      <Placemark>
        <name>Mascia autotrasporti Snc</name>
        <address>Via Montelinas 18  09040 Siurgus Donigala (SU)</address>
        <description>Via Montelinas 18  09040 Siurgus Donigala (SU)</description>
        <styleUrl>#icon-1899-0288D1</styleUrl>
      </Placemark>
      <Placemark>
        <name>Mascia Emanuele</name>
        <address>Via Guglielmo Marconi 21/23  09040 Barrali (SU)</address>
        <description>Via Guglielmo Marconi 21/23  09040 Barrali (SU)</description>
        <styleUrl>#icon-1899-0288D1</styleUrl>
      </Placemark>
      <Placemark>
        <name>Mascia Ivan</name>
        <address>Via Vittorio Emanuele III 81  09022 Lunamatrona (SU)</address>
        <description>Via Vittorio Emanuele III 81  09022 Lunamatrona (SU)</description>
        <styleUrl>#icon-1899-0288D1</styleUrl>
      </Placemark>
      <Placemark>
        <name>Mascia Ivan Gianluca</name>
        <address><![CDATA[Strada Comunale De Is Arenas 14  09045 Quartu Sant'Elena (CA)]]></address>
        <description><![CDATA[Strada Comunale De Is Arenas 14  09045 Quartu Sant'Elena (CA)]]></description>
        <styleUrl>#icon-1899-0288D1</styleUrl>
      </Placemark>
      <Placemark>
        <name>Mascia Simone</name>
        <address>Loc. Zona Serrianedda SNC  09047 Selargius (CA)</address>
        <description>Loc. Zona Serrianedda SNC  09047 Selargius (CA)</description>
        <styleUrl>#icon-1899-0288D1</styleUrl>
      </Placemark>
      <Placemark>
        <name>Massa Antonio</name>
        <address>Via Nenni. 7  09036 Guspini (SU)</address>
        <description>Via Nenni. 7  09036 Guspini (SU)</description>
        <styleUrl>#icon-1899-0288D1</styleUrl>
      </Placemark>
      <Placemark>
        <name>Massa Sergio autotrasporti</name>
        <address>Via Sardegna 15  09018 Sarroch (CA)</address>
        <description>Via Sardegna 15  09018 Sarroch (CA)</description>
        <styleUrl>#icon-1899-0288D1</styleUrl>
      </Placemark>
      <Placemark>
        <name>Massimo Porcu costruzioni srl</name>
        <address>Corso Italia 46  09092 Arborea (OR)</address>
        <description>Corso Italia 46  09092 Arborea (OR)</description>
        <styleUrl>#icon-1899-0288D1</styleUrl>
      </Placemark>
      <Placemark>
        <name>Massimo Trapletti</name>
        <address>Località Capizza di Vacca Villa 31  07028 Santa Teresa Gallura (SS)</address>
        <description>Località Capizza di Vacca Villa 31  07028 Santa Teresa Gallura (SS)</description>
        <styleUrl>#icon-1899-0288D1</styleUrl>
      </Placemark>
      <Placemark>
        <name>Mast Medical Srl</name>
        <address>Via Umberto Cossu snc - Z. IND.LE  09044 Quartucciu (CA)</address>
        <description>Via Umberto Cossu snc - Z. IND.LE  09044 Quartucciu (CA)</description>
        <styleUrl>#icon-1899-0288D1</styleUrl>
      </Placemark>
      <Placemark>
        <name>Mastio Riccardo</name>
        <address>Via Su Sule 2  08020 Sarule (NU)</address>
        <description>Via Su Sule 2  08020 Sarule (NU)</description>
        <styleUrl>#icon-1899-0288D1</styleUrl>
      </Placemark>
      <Placemark>
        <name><![CDATA[Matedil di Casula Mario Casula Andrea & F.lli S.n.c]]></name>
        <address>Corso Europa snc  09072 Cabras (OR)</address>
        <description>Corso Europa snc  09072 Cabras (OR)</description>
        <styleUrl>#icon-1899-0288D1</styleUrl>
      </Placemark>
      <Placemark>
        <name>Matt S.R.L.S.</name>
        <address>Via Buozzi 25  09028 Sestu (CA)</address>
        <description>Via Buozzi 25  09028 Sestu (CA)</description>
        <styleUrl>#icon-1899-0288D1</styleUrl>
      </Placemark>
      <Placemark>
        <name>Matta Gionata</name>
        <address>Strada XIII Ovest 8  09092 Arborea (OR)</address>
        <description>Strada XIII Ovest 8  09092 Arborea (OR)</description>
        <styleUrl>#icon-1899-0288D1</styleUrl>
      </Placemark>
      <Placemark>
        <name>Matta Mangimi di Matta Salvatore</name>
        <address>via S.Costantino 40  09076 Sedilo (OR)</address>
        <description>via S.Costantino 40  09076 Sedilo (OR)</description>
        <styleUrl>#icon-1899-0288D1</styleUrl>
      </Placemark>
      <Placemark>
        <name>Matta Mangimi S.R.L.</name>
        <address>Via Martiri della Libertà  09076 Sedilo (OR)</address>
        <description>Via Martiri della Libertà  09076 Sedilo (OR)</description>
        <styleUrl>#icon-1899-0288D1</styleUrl>
      </Placemark>
      <Placemark>
        <name>Matta Renato</name>
        <address>Via Concordia 6  09026 San Sperate (SU)</address>
        <description>Via Concordia 6  09026 San Sperate (SU)</description>
        <styleUrl>#icon-1899-0288D1</styleUrl>
      </Placemark>
      <Placemark>
        <name>Mattana Alessandro</name>
        <address>Via La Nurra 5  09032 Assemini (CA)</address>
        <description>Via La Nurra 5  09032 Assemini (CA)</description>
        <styleUrl>#icon-1899-0288D1</styleUrl>
      </Placemark>
      <Placemark>
        <name>Mattana Alessandro</name>
        <address>Via Matteotti 36  09032 Assemini (CA)</address>
        <description>Via Matteotti 36  09032 Assemini (CA)</description>
        <styleUrl>#icon-1899-0288D1</styleUrl>
      </Placemark>
      <Placemark>
        <name>Mattana Emanuele</name>
        <address><![CDATA[via Torino 16  09045 Quartu Sant'Elena (CA)]]></address>
        <description><![CDATA[via Torino 16  09045 Quartu Sant'Elena (CA)]]></description>
        <styleUrl>#icon-1899-0288D1</styleUrl>
      </Placemark>
      <Placemark>
        <name>Mattana Francesco</name>
        <address>Via Sassari 50  09032 Assemini (CA)</address>
        <description>Via Sassari 50  09032 Assemini (CA)</description>
        <styleUrl>#icon-1899-0288D1</styleUrl>
      </Placemark>
      <Placemark>
        <name>Mattana Francesco</name>
        <address>Via Virgilio 5  09042 Monserrato (CA)</address>
        <description>Via Virgilio 5  09042 Monserrato (CA)</description>
        <styleUrl>#icon-1899-0288D1</styleUrl>
      </Placemark>
      <Placemark>
        <name>Matteo Cocco</name>
        <address>Via Cimitero 33  09034 Villasor (SU)</address>
        <description>Via Cimitero 33  09034 Villasor (SU)</description>
        <styleUrl>#icon-1899-0288D1</styleUrl>
      </Placemark>
      <Placemark>
        <name>Matteo Fava</name>
        <address>Via Tazzoli 68  09047 Selargius (CA)</address>
        <description>Via Tazzoli 68  09047 Selargius (CA)</description>
        <styleUrl>#icon-1899-0288D1</styleUrl>
      </Placemark>
      <Placemark>
        <name>MATTEO TINTIS</name>
        <address>VIA SAN SALVATORE  60  09047 Selargius (CA)</address>
        <description>VIA SAN SALVATORE  60  09047 Selargius (CA)</description>
        <styleUrl>#icon-1899-0288D1</styleUrl>
      </Placemark>
      <Placemark>
        <name>Maurandi Emanuele</name>
        <address>Via Chiavari 4  09014 Carloforte (CI)</address>
        <description>Via Chiavari 4  09014 Carloforte (CI)</description>
        <styleUrl>#icon-1899-0288D1</styleUrl>
      </Placemark>
      <Placemark>
        <name>Maurizio Peddis</name>
        <address>Via Chiesa 43  09020 Ussana (SU)</address>
        <description>Via Chiesa 43  09020 Ussana (SU)</description>
        <styleUrl>#icon-1899-0288D1</styleUrl>
      </Placemark>
      <Placemark>
        <name>Maurizio Rosas</name>
        <address>Via Foscolo 11  09016 Iglesias (SU)</address>
        <description>Via Foscolo 11  09016 Iglesias (SU)</description>
        <styleUrl>#icon-1899-0288D1</styleUrl>
      </Placemark>
      <Placemark>
        <name>Maurizio Sitzia</name>
        <address>Via Luigi Pirandello  09048 Sinnai (CA)</address>
        <description>Via Luigi Pirandello  09048 Sinnai (CA)</description>
        <styleUrl>#icon-1899-0288D1</styleUrl>
      </Placemark>
      <Placemark>
        <name>Maurizio Uccheddu</name>
        <address>Loc Is Puxeddus  09010 San Giovanni Suergiu (SU)</address>
        <description>Loc Is Puxeddus  09010 San Giovanni Suergiu (SU)</description>
        <styleUrl>#icon-1899-0288D1</styleUrl>
      </Placemark>
      <Placemark>
        <name>Mauro Messina Trasporti S.r.l.</name>
        <address>Via Nazionale snc Zona P.i.P.  09013 Carbonia (CI)</address>
        <description>Via Nazionale snc Zona P.i.P.  09013 Carbonia (CI)</description>
        <styleUrl>#icon-1899-0288D1</styleUrl>
      </Placemark>
      <Placemark>
        <name>Mauro Orrù</name>
        <address>Via Segariu 62  09040 Guasila (SU)</address>
        <description>Via Segariu 62  09040 Guasila (SU)</description>
        <styleUrl>#icon-1899-0288D1</styleUrl>
      </Placemark>
      <Placemark>
        <name>Mavex Autoricambi S.r.l.</name>
        <address>Zona Industriale Predda Niedda Strada 32  07100 Sassari (SS)</address>
        <description>Zona Industriale Predda Niedda Strada 32  07100 Sassari (SS)</description>
        <styleUrl>#icon-1899-0288D1</styleUrl>
      </Placemark>
      <Placemark>
        <name>Mazzella Giampaolo</name>
        <address><![CDATA[Via Barletta 51  09045 Quartu Sant'Elena (CA)]]></address>
        <description><![CDATA[Via Barletta 51  09045 Quartu Sant'Elena (CA)]]></description>
        <styleUrl>#icon-1899-0288D1</styleUrl>
      </Placemark>
      <Placemark>
        <name>MC Trasporti di Mattia Cau</name>
        <address>Via Vittorio Emanuele III 84  09022 Lunamatrona (SU)</address>
        <description>Via Vittorio Emanuele III 84  09022 Lunamatrona (SU)</description>
        <styleUrl>#icon-1899-0288D1</styleUrl>
      </Placemark>
      <Placemark>
        <name>MDM Trasporti Srl</name>
        <address>via Iglesias 21  09028 Sestu (CA)</address>
        <description>via Iglesias 21  09028 Sestu (CA)</description>
        <styleUrl>#icon-1899-0288D1</styleUrl>
      </Placemark>
      <Placemark>
        <name>Me.di.trans Autotrasporti di Meloni Diego</name>
        <address>via Cagliari 14  09012 Capoterra (CA)</address>
        <description>via Cagliari 14  09012 Capoterra (CA)</description>
        <styleUrl>#icon-1899-0288D1</styleUrl>
      </Placemark>
      <Placemark>
        <name>Medda Carlo</name>
        <address>Via Serrenti 23  09040 Guasila (SU)</address>
        <description>Via Serrenti 23  09040 Guasila (SU)</description>
        <styleUrl>#icon-1899-0288D1</styleUrl>
      </Placemark>
      <Placemark>
        <name>Medda Francesco</name>
        <address>Via Pontielli 34  09025 Sanluri (SU)</address>
        <description>Via Pontielli 34  09025 Sanluri (SU)</description>
        <styleUrl>#icon-1899-0288D1</styleUrl>
      </Placemark>
      <Placemark>
        <name>Medda Roberto</name>
        <address>Viale Colombo 34  09040 Guasila (SU)</address>
        <description>Viale Colombo 34  09040 Guasila (SU)</description>
        <styleUrl>#icon-1899-0288D1</styleUrl>
      </Placemark>
      <Placemark>
        <name>Medda Ubaldo</name>
        <address>Via Mannu 4/A  09020 Pauli Arbarei (SU)</address>
        <description>Via Mannu 4/A  09020 Pauli Arbarei (SU)</description>
        <styleUrl>#icon-1899-0288D1</styleUrl>
      </Placemark>
      <Placemark>
        <name>Medical Service Società Cooperativa</name>
        <address>Via Fratelli Bandiera 34  09134 Cagliari (CA)</address>
        <description>Via Fratelli Bandiera 34  09134 Cagliari (CA)</description>
        <styleUrl>#icon-1899-0288D1</styleUrl>
      </Placemark>
      <Placemark>
        <name>Medifrost Service S.R.L.</name>
        <address><![CDATA[Via is Ammostus 21  09045 Quartu Sant'Elena (CA)]]></address>
        <description><![CDATA[Via is Ammostus 21  09045 Quartu Sant'Elena (CA)]]></description>
        <styleUrl>#icon-1899-0288D1</styleUrl>
      </Placemark>
      <Placemark>
        <name>Mei Gabriele</name>
        <address>Via Castello 35  09010 Villamassargia (SU)</address>
        <description>Via Castello 35  09010 Villamassargia (SU)</description>
        <styleUrl>#icon-1899-0288D1</styleUrl>
      </Placemark>
      <Placemark>
        <name>Melas Maria Giovanna</name>
        <address>via Daga 8  09040 Selegas (SU)</address>
        <description>via Daga 8  09040 Selegas (SU)</description>
        <styleUrl>#icon-1899-0288D1</styleUrl>
      </Placemark>
      <Placemark>
        <name>Meli Fabio</name>
        <address>Via Papa Giovanni XXIII 283  09096 Santa Giusta (OR)</address>
        <description>Via Papa Giovanni XXIII 283  09096 Santa Giusta (OR)</description>
        <styleUrl>#icon-1899-0288D1</styleUrl>
      </Placemark>
      <Placemark>
        <name><![CDATA[Melis & C Service Coop arl]]></name>
        <address>Viale Porto Torres 119 Int. 12 c/o C. Comm. Azzurro  07100 Sassari (SS)</address>
        <description>Viale Porto Torres 119 Int. 12 c/o C. Comm. Azzurro  07100 Sassari (SS)</description>
        <styleUrl>#icon-1899-0288D1</styleUrl>
      </Placemark>
      <Placemark>
        <name>Melis Andrea</name>
        <address>via San Lorenzo 21  09020 Villamar (SU)</address>
        <description>via San Lorenzo 21  09020 Villamar (SU)</description>
        <styleUrl>#icon-1899-0288D1</styleUrl>
      </Placemark>
      <Placemark>
        <name>Melis Andrea</name>
        <address>Via Roma 23  09040 Ortacesus (SU)</address>
        <description>Via Roma 23  09040 Ortacesus (SU)</description>
        <styleUrl>#icon-1899-0288D1</styleUrl>
      </Placemark>
      <Placemark>
        <name>Melis Antonio</name>
        <address>Via Cassiodoro 10  09042 Monserrato (CA)</address>
        <description>Via Cassiodoro 10  09042 Monserrato (CA)</description>
        <styleUrl>#icon-1899-0288D1</styleUrl>
      </Placemark>
      <Placemark>
        <name>Melis Fabrizio</name>
        <address>via Sacco 122  09032 Assemini (CA)</address>
        <description>via Sacco 122  09032 Assemini (CA)</description>
        <styleUrl>#icon-1899-0288D1</styleUrl>
      </Placemark>
      <Placemark>
        <name>Melis Federico</name>
        <address>Via San Lorenzo 15  09028 Sestu (CA)</address>
        <description>Via San Lorenzo 15  09028 Sestu (CA)</description>
        <styleUrl>#icon-1899-0288D1</styleUrl>
      </Placemark>
      <Placemark>
        <name>Melis Fratellli snc di Alessandro e Stefano</name>
        <address>via Cagliari 10  09038 Serramanna (SU)</address>
        <description>via Cagliari 10  09038 Serramanna (SU)</description>
        <styleUrl>#icon-1899-0288D1</styleUrl>
      </Placemark>
      <Placemark>
        <name>Melis Gianluigi</name>
        <address>Via Nazionale 222  09027 Serrenti (SU)</address>
        <description>Via Nazionale 222  09027 Serrenti (SU)</description>
        <styleUrl>#icon-1899-0288D1</styleUrl>
      </Placemark>
      <Placemark>
        <name>Melis Giorgio Off. Scania</name>
        <address>Via Giua  09122 Cagliari (CA)</address>
        <description>Via Giua  09122 Cagliari (CA)</description>
        <styleUrl>#icon-1899-0288D1</styleUrl>
      </Placemark>
      <Placemark>
        <name>Melis Giuseppe</name>
        <address>via Manurita 22  09126 Cagliari (CA)</address>
        <description>via Manurita 22  09126 Cagliari (CA)</description>
        <styleUrl>#icon-1899-0288D1</styleUrl>
      </Placemark>
      <Placemark>
        <name>Melis Maurizio</name>
        <address>Via Casteldoria 7  09042 Monserrato (CA)</address>
        <description>Via Casteldoria 7  09042 Monserrato (CA)</description>
        <styleUrl>#icon-1899-0288D1</styleUrl>
      </Placemark>
      <Placemark>
        <name>Melis Roberto</name>
        <address>Via Renzo Laconi 14  09055 Gergei (SU)</address>
        <description>Via Renzo Laconi 14  09055 Gergei (SU)</description>
        <styleUrl>#icon-1899-0288D1</styleUrl>
      </Placemark>
      <Placemark>
        <name>Melis Sandro</name>
        <address>Viale Repubblica 157  09170 Oristano (OR)</address>
        <description>Viale Repubblica 157  09170 Oristano (OR)</description>
        <styleUrl>#icon-1899-0288D1</styleUrl>
      </Placemark>
      <Placemark>
        <name>Melis Semlova Tatiana Srl</name>
        <address><![CDATA[Via dell'Artigianato  09030 Samassi (SU)]]></address>
        <description><![CDATA[Via dell'Artigianato  09030 Samassi (SU)]]></description>
        <styleUrl>#icon-1899-0288D1</styleUrl>
      </Placemark>
      <Placemark>
        <name>Melis Trasporti S.r.l.</name>
        <address>VIA GALILEI 22  09010 Portoscuso (CA)</address>
        <description>VIA GALILEI 22  09010 Portoscuso (CA)</description>
        <styleUrl>#icon-1899-0288D1</styleUrl>
      </Placemark>
      <Placemark>
        <name>Melis Trasporti snc</name>
        <address>via Galilei 22  09010 Portoscuso (CI)</address>
        <description>via Galilei 22  09010 Portoscuso (CI)</description>
        <styleUrl>#icon-1899-0288D1</styleUrl>
      </Placemark>
      <Placemark>
        <name>Melis Trasporti Srl</name>
        <address>Viale Repubblica 157  09170 Oristano (OR)</address>
        <description>Viale Repubblica 157  09170 Oristano (OR)</description>
        <styleUrl>#icon-1899-0288D1</styleUrl>
      </Placemark>
      <Placemark>
        <name>Meloni Giovanni</name>
        <address>Via Molara 1  09012 Capoterra (CA)</address>
        <description>Via Molara 1  09012 Capoterra (CA)</description>
        <styleUrl>#icon-1899-0288D1</styleUrl>
      </Placemark>
      <Placemark>
        <name>Meloni Giuseppe</name>
        <address>Via Ponti Pedra 42  09098 Terralba (OR)</address>
        <description>Via Ponti Pedra 42  09098 Terralba (OR)</description>
        <styleUrl>#icon-1899-0288D1</styleUrl>
      </Placemark>
      <Placemark>
        <name>Meloni Massimino</name>
        <address><![CDATA[Via Regina Elena 83  09097 San Nicolò d'Arcidano (OR)]]></address>
        <description><![CDATA[Via Regina Elena 83  09097 San Nicolò d'Arcidano (OR)]]></description>
        <styleUrl>#icon-1899-0288D1</styleUrl>
      </Placemark>
      <Placemark>
        <name>Meloni Mauro</name>
        <address>via Ponte Romano 7  09033 Decimomannu (CA)</address>
        <description>via Ponte Romano 7  09033 Decimomannu (CA)</description>
        <styleUrl>#icon-1899-0288D1</styleUrl>
      </Placemark>
      <Placemark>
        <name>Meloni Raffaele</name>
        <address><![CDATA[Via Vespucci n. 12  09040 Sant'Andrea Frius (CA)]]></address>
        <description><![CDATA[Via Vespucci n. 12  09040 Sant'Andrea Frius (CA)]]></description>
        <styleUrl>#icon-1899-0288D1</styleUrl>
      </Placemark>
      <Placemark>
        <name>Meloni srl</name>
        <address>Corso Umberto I 3  09074 Ghilarza (OR)</address>
        <description>Corso Umberto I 3  09074 Ghilarza (OR)</description>
        <styleUrl>#icon-1899-0288D1</styleUrl>
      </Placemark>
      <Placemark>
        <name>Mereu Andrea</name>
        <address>Via Fratelli Cervi 30  09028 Sestu (CA)</address>
        <description>Via Fratelli Cervi 30  09028 Sestu (CA)</description>
        <styleUrl>#icon-1899-0288D1</styleUrl>
      </Placemark>
      <Placemark>
        <name>Mereu Franca</name>
        <address>via Rossini 7  09023 Monastir (SU)</address>
        <description>via Rossini 7  09023 Monastir (SU)</description>
        <styleUrl>#icon-1899-0288D1</styleUrl>
      </Placemark>
      <Placemark>
        <name>Mereu Gabriele</name>
        <address>Località Is Crus  09028 Sestu (CA)</address>
        <description>Località Is Crus  09028 Sestu (CA)</description>
        <styleUrl>#icon-1899-0288D1</styleUrl>
      </Placemark>
      <Placemark>
        <name>Mereu Massimo</name>
        <address><![CDATA[Località Sant'Agostino 1  08040 Girasole (NU)]]></address>
        <description><![CDATA[Località Sant'Agostino 1  08040 Girasole (NU)]]></description>
        <styleUrl>#icon-1899-0288D1</styleUrl>
      </Placemark>
      <Placemark>
        <name>Mereu Maurizio Antonio</name>
        <address>Via Lanusei 35  09023 Monastir (SU)</address>
        <description>Via Lanusei 35  09023 Monastir (SU)</description>
        <styleUrl>#icon-1899-0288D1</styleUrl>
      </Placemark>
      <Placemark>
        <name>Mereu Salvatore</name>
        <address>Via G. Manca 99D  09098 Terralba (OR)</address>
        <description>Via G. Manca 99D  09098 Terralba (OR)</description>
        <styleUrl>#icon-1899-0288D1</styleUrl>
      </Placemark>
      <Placemark>
        <name>Mereu Sandro</name>
        <address>Via Progresso 58  09023 Monastir (CA)</address>
        <description>Via Progresso 58  09023 Monastir (CA)</description>
        <styleUrl>#icon-1899-0288D1</styleUrl>
      </Placemark>
      <Placemark>
        <name>Mereu Sardegna Trivellazioni Srl</name>
        <description>39.69520337183851, 9.593030845749336</description>
        <styleUrl>#icon-1899-0288D1</styleUrl>
        <Point>
          <coordinates>
            9.59303084574934,39.6952033718385,0
          </coordinates>
        </Point>
      </Placemark>
      <Placemark>
        <name>Meridional Beton di Piras Attilio e C. S.A.S.</name>
        <address>Via Baccasara Km.1500  08048 Tortolì (NU)</address>
        <description>Via Baccasara Km.1500  08048 Tortolì (NU)</description>
        <styleUrl>#icon-1899-0288D1</styleUrl>
      </Placemark>
      <Placemark>
        <name>Mesina Company S.R.L.</name>
        <address>Via Caniga 58  07100 Sassari (SS)</address>
        <description>Via Caniga 58  07100 Sassari (SS)</description>
        <styleUrl>#icon-1899-0288D1</styleUrl>
      </Placemark>
      <Placemark>
        <name>Metal Tonimar srl</name>
        <address>via 1 Maggio snc  09040 Mandas (CA)</address>
        <description>via 1 Maggio snc  09040 Mandas (CA)</description>
        <styleUrl>#icon-1899-0288D1</styleUrl>
      </Placemark>
      <Placemark>
        <name>Metalla srl</name>
        <address>SS 131 km 16800  09026 San Sperate (SU)</address>
        <description>SS 131 km 16800  09026 San Sperate (SU)</description>
        <styleUrl>#icon-1899-0288D1</styleUrl>
      </Placemark>
      <Placemark>
        <name>MF Servizi Società Cooperativa</name>
        <address>via Dottor Andrea Foddai 1  09016 Iglesias (SU)</address>
        <description>via Dottor Andrea Foddai 1  09016 Iglesias (SU)</description>
        <styleUrl>#icon-1899-0288D1</styleUrl>
      </Placemark>
      <Placemark>
        <name>Mf Srl</name>
        <address>Loc. Monte Terli  08048 Tortolì (NU)</address>
        <description>Loc. Monte Terli  08048 Tortolì (NU)</description>
        <styleUrl>#icon-1899-0288D1</styleUrl>
      </Placemark>
      <Placemark>
        <name>MF Transport Srl</name>
        <address>Via Albert Eistein 7  09122 Cagliari (CA)</address>
        <description>Via Albert Eistein 7  09122 Cagliari (CA)</description>
        <styleUrl>#icon-1899-0288D1</styleUrl>
      </Placemark>
      <Placemark>
        <name>Mica Trasporti di Mulas Michele</name>
        <address>Via Leonardo Da Vinci 9  07010 Benetutti (SS)</address>
        <description>Via Leonardo Da Vinci 9  07010 Benetutti (SS)</description>
        <styleUrl>#icon-1899-0288D1</styleUrl>
      </Placemark>
      <Placemark>
        <name>Michael Belmonte</name>
        <address><![CDATA[Vico Eleonora d'Arborea 15  09033 Decimomannu (CA)]]></address>
        <description><![CDATA[Vico Eleonora d'Arborea 15  09033 Decimomannu (CA)]]></description>
        <styleUrl>#icon-1899-0288D1</styleUrl>
      </Placemark>
      <Placemark>
        <name>Michela Serra</name>
        <address>Via San Giovanni 15A  08020 Irgoli (NU)</address>
        <description>Via San Giovanni 15A  08020 Irgoli (NU)</description>
        <styleUrl>#icon-1899-0288D1</styleUrl>
      </Placemark>
      <Placemark>
        <name>Michele Di Benedetto</name>
        <address>Viale Monastir 59  09122 Cagliari (CA)</address>
        <description>Viale Monastir 59  09122 Cagliari (CA)</description>
        <styleUrl>#icon-1899-0288D1</styleUrl>
      </Placemark>
      <Placemark>
        <name>Michele Loche</name>
        <address>via Cagliari 29  09010 Villaspeciosa (SU)</address>
        <description>via Cagliari 29  09010 Villaspeciosa (SU)</description>
        <styleUrl>#icon-1899-0288D1</styleUrl>
      </Placemark>
      <Placemark>
        <name>Mig Autotrasporti s.r.l.</name>
        <address><![CDATA[Strada Comunale De Is Arenas 14  09045 Quartu Sant'Elena (CA)]]></address>
        <description><![CDATA[Strada Comunale De Is Arenas 14  09045 Quartu Sant'Elena (CA)]]></description>
        <styleUrl>#icon-1899-0288D1</styleUrl>
      </Placemark>
      <Placemark>
        <name>Migheli Angelo</name>
        <address>via Giorgio Asproni 26  07033 Osilo (SS)</address>
        <description>via Giorgio Asproni 26  07033 Osilo (SS)</description>
        <styleUrl>#icon-1899-0288D1</styleUrl>
      </Placemark>
      <Placemark>
        <name>Migheli Antonio</name>
        <address>Via Asilo Infantile n. 4  07033 Osilo (SS)</address>
        <description>Via Asilo Infantile n. 4  07033 Osilo (SS)</description>
        <styleUrl>#icon-1899-0288D1</styleUrl>
      </Placemark>
      <Placemark>
        <name>Milia Piero</name>
        <address>Via Ilaria Alpi 16  09023 Monastir (SU)</address>
        <description>Via Ilaria Alpi 16  09023 Monastir (SU)</description>
        <styleUrl>#icon-1899-0288D1</styleUrl>
      </Placemark>
      <Placemark>
        <name>Milia srl</name>
        <description>40.28532789776162, 8.84829286012252</description>
        <styleUrl>#icon-1899-0288D1</styleUrl>
        <Point>
          <coordinates>
            8.84829286012252,40.2853278977616,0
          </coordinates>
        </Point>
      </Placemark>
      <Placemark>
        <name>Mindset Logistic di Corrado Bisesti</name>
        <address>Via Alfredino Rampi 34  09134 Cagliari (CA)</address>
        <description>Via Alfredino Rampi 34  09134 Cagliari (CA)</description>
        <styleUrl>#icon-1899-0288D1</styleUrl>
      </Placemark>
      <Placemark>
        <name>Mineral Trasp SAS di Loru e Pisu Massimo</name>
        <address>via G. Matteotti 34  09028 Sestu (CA)</address>
        <description>via G. Matteotti 34  09028 Sestu (CA)</description>
        <styleUrl>#icon-1899-0288D1</styleUrl>
      </Placemark>
      <Placemark>
        <name>Mistretta Gaspare</name>
        <address>Via Vico Segni5  08048 Tortolì (NU)</address>
        <description>Via Vico Segni5  08048 Tortolì (NU)</description>
        <styleUrl>#icon-1899-0288D1</styleUrl>
      </Placemark>
      <Placemark>
        <name>MK Autotrasporti C/Terzi</name>
        <address>via Don Minzoni 181  07041 Alghero (SS)</address>
        <description>via Don Minzoni 181  07041 Alghero (SS)</description>
        <styleUrl>#icon-1899-0288D1</styleUrl>
      </Placemark>
      <Placemark>
        <name>MKA s.r.l.</name>
        <address>Via Case sparse Corteirosci snc (Box 24 - V.Villacidro)  09010 Decimoputzu (SU)</address>
        <description>Via Case sparse Corteirosci snc (Box 24 - V.Villacidro)  09010 Decimoputzu (SU)</description>
        <styleUrl>#icon-1899-0288D1</styleUrl>
      </Placemark>
      <Placemark>
        <name>Mocci Nicola</name>
        <address>via Parrocchia 111  09035 Gonnosfanadiga (VS)</address>
        <description>via Parrocchia 111  09035 Gonnosfanadiga (VS)</description>
        <styleUrl>#icon-1899-0288D1</styleUrl>
      </Placemark>
      <Placemark>
        <name>Mocci Sisinnio</name>
        <address><![CDATA[Località Sodd'e Pani  09039 Villacidro (SU)]]></address>
        <description><![CDATA[Località Sodd'e Pani  09039 Villacidro (SU)]]></description>
        <styleUrl>#icon-1899-0288D1</styleUrl>
      </Placemark>
      <Placemark>
        <name>Mocco Gianluca</name>
        <address><![CDATA[Via degli Abeti 38  09045 Quartu Sant'Elena (CA)]]></address>
        <description><![CDATA[Via degli Abeti 38  09045 Quartu Sant'Elena (CA)]]></description>
        <styleUrl>#icon-1899-0288D1</styleUrl>
      </Placemark>
      <Placemark>
        <name>Modaismeralda Srls</name>
        <address>Via Corea 65  07026 Olbia (OT)</address>
        <description>Via Corea 65  07026 Olbia (OT)</description>
        <styleUrl>#icon-1899-0288D1</styleUrl>
      </Placemark>
      <Placemark>
        <name>MODO SRL (Poltronesofà)</name>
        <address>VIA MUSIO 13  07043 BONNANARO (SS)</address>
        <description>VIA MUSIO 13  07043 BONNANARO (SS)</description>
        <styleUrl>#icon-1899-0288D1</styleUrl>
      </Placemark>
      <Placemark>
        <name>Moi Francesca</name>
        <address><![CDATA[Via Stradella 39a  09045 Quartu Sant'Elena (CA)]]></address>
        <description><![CDATA[Via Stradella 39a  09045 Quartu Sant'Elena (CA)]]></description>
        <styleUrl>#icon-1899-0288D1</styleUrl>
      </Placemark>
      <Placemark>
        <name>Moi Giovanni</name>
        <address>Via Don Peppino Diana 20  09044 Quartucciu (CA)</address>
        <description>Via Don Peppino Diana 20  09044 Quartucciu (CA)</description>
        <styleUrl>#icon-1899-0288D1</styleUrl>
      </Placemark>
      <Placemark>
        <name>Moi Marcello</name>
        <address>vico San Narcisio 7a  09040 Furtei (SU)</address>
        <description>vico San Narcisio 7a  09040 Furtei (SU)</description>
        <styleUrl>#icon-1899-0288D1</styleUrl>
      </Placemark>
      <Placemark>
        <name>Moi Mario</name>
        <address>via Riu Mannu23  09032 Assemini (CA)</address>
        <description>via Riu Mannu23  09032 Assemini (CA)</description>
        <styleUrl>#icon-1899-0288D1</styleUrl>
      </Placemark>
      <Placemark>
        <name>Moi Oscar</name>
        <address>Via Euro 24  09121 Cagliari (CA)</address>
        <description>Via Euro 24  09121 Cagliari (CA)</description>
        <styleUrl>#icon-1899-0288D1</styleUrl>
      </Placemark>
      <Placemark>
        <name><![CDATA[Mondo Cereali di Piga Raimondo & C. snc]]></name>
        <address>Zona Artigianale  09020 Samatzai (SU)</address>
        <description>Zona Artigianale  09020 Samatzai (SU)</description>
        <styleUrl>#icon-1899-0288D1</styleUrl>
      </Placemark>
      <Placemark>
        <name>Monelli Group Snc</name>
        <address>Viale Umberto Ticca 11  09122 Cagliari (CA)</address>
        <description>Viale Umberto Ticca 11  09122 Cagliari (CA)</description>
        <styleUrl>#icon-1899-0288D1</styleUrl>
      </Placemark>
      <Placemark>
        <name>Monica Pani</name>
        <address>Via Is Carrubeddas 12  09068 Uta (CA)</address>
        <description>Via Is Carrubeddas 12  09068 Uta (CA)</description>
        <styleUrl>#icon-1899-0288D1</styleUrl>
      </Placemark>
      <Placemark>
        <name><![CDATA[Monni Vitalino & Salvatore]]></name>
        <address>p.za Repubblica 4  09040 Burcei (CA)</address>
        <description>p.za Repubblica 4  09040 Burcei (CA)</description>
        <styleUrl>#icon-1899-0288D1</styleUrl>
      </Placemark>
      <Placemark>
        <name>Monte Trasporti Srl</name>
        <address>C.so Vittorio Emanuele 124  07100 Sassari (SS)</address>
        <description>C.so Vittorio Emanuele 124  07100 Sassari (SS)</description>
        <styleUrl>#icon-1899-0288D1</styleUrl>
      </Placemark>
      <Placemark>
        <name>Monti di Mannu S.R.L.S.</name>
        <address>Strada Vicinale Monti di Mannu 7  07100 Sassari (SS)</address>
        <description>Strada Vicinale Monti di Mannu 7  07100 Sassari (SS)</description>
        <styleUrl>#icon-1899-0288D1</styleUrl>
      </Placemark>
      <Placemark>
        <name>Montis Felice</name>
        <address>Via Ennio Porrino 7  09040 Settimo San Pietro (CA)</address>
        <description>Via Ennio Porrino 7  09040 Settimo San Pietro (CA)</description>
        <styleUrl>#icon-1899-0288D1</styleUrl>
      </Placemark>
      <Placemark>
        <name>Montis Gianluca</name>
        <address>Via Ninnasuni 8/A  09048 Sinnai (CA)</address>
        <description>Via Ninnasuni 8/A  09048 Sinnai (CA)</description>
        <styleUrl>#icon-1899-0288D1</styleUrl>
      </Placemark>
      <Placemark>
        <name>Moreddu Giovanni Simon</name>
        <address>Via Puggioni 8/A  08020 Lula (NU)</address>
        <description>Via Puggioni 8/A  08020 Lula (NU)</description>
        <styleUrl>#icon-1899-0288D1</styleUrl>
      </Placemark>
      <Placemark>
        <name>Morette Marco</name>
        <address>Via IV Novembre 1  08012 Bortigali (NU)</address>
        <description>Via IV Novembre 1  08012 Bortigali (NU)</description>
        <styleUrl>#icon-1899-0288D1</styleUrl>
      </Placemark>
      <Placemark>
        <name>Moro Giuliano</name>
        <address>Via Pala de Funtana 3  08030 Gadoni (NU)</address>
        <description>Via Pala de Funtana 3  08030 Gadoni (NU)</description>
        <styleUrl>#icon-1899-0288D1</styleUrl>
      </Placemark>
      <Placemark>
        <name>Moro Lorenzo</name>
        <address>Via Lorenzo Stara 2  08026 Orani (NU)</address>
        <description>Via Lorenzo Stara 2  08026 Orani (NU)</description>
        <styleUrl>#icon-1899-0288D1</styleUrl>
      </Placemark>
      <Placemark>
        <name>Mossa Rafaele</name>
        <address>Via Massimiliano Kolbe 20  09032 Assemini (CA)</address>
        <description>Via Massimiliano Kolbe 20  09032 Assemini (CA)</description>
        <styleUrl>#icon-1899-0288D1</styleUrl>
      </Placemark>
      <Placemark>
        <name>Mosseddu Leonardo</name>
        <address>Via Piemonte2  09170 Oristano (OR)</address>
        <description>Via Piemonte2  09170 Oristano (OR)</description>
        <styleUrl>#icon-1899-0288D1</styleUrl>
      </Placemark>
      <Placemark>
        <name>Mostallino Massimiliano</name>
        <address>Via Arno 2/A  09032 Assemini (CA)</address>
        <description>Via Arno 2/A  09032 Assemini (CA)</description>
        <styleUrl>#icon-1899-0288D1</styleUrl>
      </Placemark>
      <Placemark>
        <name>Motalino Gianpaolo</name>
        <address>Via Gianmaria Angioi 6  09034 Villasor (SU)</address>
        <description>Via Gianmaria Angioi 6  09034 Villasor (SU)</description>
        <styleUrl>#icon-1899-0288D1</styleUrl>
      </Placemark>
      <Placemark>
        <name>Motomar Sarda S.R.L.</name>
        <address>Via dei Calafati 22  09123 Cagliari (CA)</address>
        <description>Via dei Calafati 22  09123 Cagliari (CA)</description>
        <styleUrl>#icon-1899-0288D1</styleUrl>
      </Placemark>
      <Placemark>
        <name>MP srls</name>
        <address>Loc. Bau Mannu  09012 Capoterra (CA)</address>
        <description>Loc. Bau Mannu  09012 Capoterra (CA)</description>
        <styleUrl>#icon-1899-0288D1</styleUrl>
      </Placemark>
      <Placemark>
        <name>MS Trasporti Srls</name>
        <address>Via Imperatore Giustiniano 13  09028 Sestu (CA)</address>
        <description>Via Imperatore Giustiniano 13  09028 Sestu (CA)</description>
        <styleUrl>#icon-1899-0288D1</styleUrl>
      </Placemark>
      <Placemark>
        <name><![CDATA[MTF Sardegna snc Trasporti e Logistica di Sanna Michele & C.]]></name>
        <address><![CDATA[via Sardegna 33  09097 San Nicolò d'Arcidano (OR)]]></address>
        <description><![CDATA[via Sardegna 33  09097 San Nicolò d'Arcidano (OR)]]></description>
        <styleUrl>#icon-1899-0288D1</styleUrl>
      </Placemark>
      <Placemark>
        <name>MTL Trasporti e Logistica S.R.L.</name>
        <address>Zona Industriale Grogastu I III Strada 59  09032 Assemini (CA)</address>
        <description>Zona Industriale Grogastu I III Strada 59  09032 Assemini (CA)</description>
        <styleUrl>#icon-1899-0288D1</styleUrl>
      </Placemark>
      <Placemark>
        <name>Mu.Le Srl</name>
        <address>Via Mascagni 43  09018 Sarroch (CA)</address>
        <description>Via Mascagni 43  09018 Sarroch (CA)</description>
        <styleUrl>#icon-1899-0288D1</styleUrl>
      </Placemark>
      <Placemark>
        <name>Muceli Fabio</name>
        <address>Via Emilio Lussu 15  08046 Perdasdefogu (NU)</address>
        <description>Via Emilio Lussu 15  08046 Perdasdefogu (NU)</description>
        <styleUrl>#icon-1899-0288D1</styleUrl>
      </Placemark>
      <Placemark>
        <name>Muceli Nino</name>
        <address>Viale Marconi 124  08045 Lanusei (NU)</address>
        <description>Viale Marconi 124  08045 Lanusei (NU)</description>
        <styleUrl>#icon-1899-0288D1</styleUrl>
      </Placemark>
      <Placemark>
        <name>Muggittu Andrea</name>
        <address>Via De Amicis 16  08024 Mamoiada (NU)</address>
        <description>Via De Amicis 16  08024 Mamoiada (NU)</description>
        <styleUrl>#icon-1899-0288D1</styleUrl>
      </Placemark>
      <Placemark>
        <name>Mugnai Alberto</name>
        <address>Via Congregazione 10  09030 Pabillonis (VS)</address>
        <description>Via Congregazione 10  09030 Pabillonis (VS)</description>
        <styleUrl>#icon-1899-0288D1</styleUrl>
      </Placemark>
      <Placemark>
        <name>Mulas Faustino</name>
        <address>Via Rooswelt Snc  07020 Buddusò (SS)</address>
        <description>Via Rooswelt Snc  07020 Buddusò (SS)</description>
        <styleUrl>#icon-1899-0288D1</styleUrl>
      </Placemark>
      <Placemark>
        <name>Mulas Francesco</name>
        <address>via Garibaldi 28  07020 Buddusò (SS)</address>
        <description>via Garibaldi 28  07020 Buddusò (SS)</description>
        <styleUrl>#icon-1899-0288D1</styleUrl>
      </Placemark>
      <Placemark>
        <name>Mulas Mauro</name>
        <address>Via Monserrato 126  09028 Sestu (CA)</address>
        <description>Via Monserrato 126  09028 Sestu (CA)</description>
        <styleUrl>#icon-1899-0288D1</styleUrl>
      </Placemark>
      <Placemark>
        <name>Mulas Nicolò</name>
        <address>Via Lollove 151  08100 Nuoro (NU)</address>
        <description>Via Lollove 151  08100 Nuoro (NU)</description>
        <styleUrl>#icon-1899-0288D1</styleUrl>
      </Placemark>
      <Placemark>
        <name>Mulè Alfonso</name>
        <address>Via Tintoreto 11  09121 Cagliari (CA)</address>
        <description>Via Tintoreto 11  09121 Cagliari (CA)</description>
        <styleUrl>#icon-1899-0288D1</styleUrl>
      </Placemark>
      <Placemark>
        <name>Mulino Demelas snc</name>
        <description>39.94614672606612, 8.94379440879686</description>
        <styleUrl>#icon-1899-0288D1</styleUrl>
        <Point>
          <coordinates>
            8.94379440879686,39.9461467260661,0
          </coordinates>
        </Point>
      </Placemark>
      <Placemark>
        <name>Mulliri Nicola</name>
        <address>viale Marconi  09040 Mandas (SU)</address>
        <description>viale Marconi  09040 Mandas (SU)</description>
        <styleUrl>#icon-1899-0288D1</styleUrl>
      </Placemark>
      <Placemark>
        <name>Multi Servizi Ambiente Soc Coop</name>
        <address>Via Ospedale 18  09122 Cagliari (CA)</address>
        <description>Via Ospedale 18  09122 Cagliari (CA)</description>
        <styleUrl>#icon-1899-0288D1</styleUrl>
      </Placemark>
      <Placemark>
        <name>Multinu Enrico</name>
        <address>Via Brigata Sassari 6  07016 Pattada (SS)</address>
        <description>Via Brigata Sassari 6  07016 Pattada (SS)</description>
        <styleUrl>#icon-1899-0288D1</styleUrl>
      </Placemark>
      <Placemark>
        <name>Mulvoni Costruzioni Snc di Michele e Giuseppe</name>
        <address>Viale Aldo Moro 32  08032 Desulo (NU)</address>
        <description>Viale Aldo Moro 32  08032 Desulo (NU)</description>
        <styleUrl>#icon-1899-0288D1</styleUrl>
      </Placemark>
      <Placemark>
        <name>Mulvoni Giovanni Giuseppe</name>
        <address>Via Fermi  09050 Pula (CA)</address>
        <description>Via Fermi  09050 Pula (CA)</description>
        <styleUrl>#icon-1899-0288D1</styleUrl>
      </Placemark>
      <Placemark>
        <name>Mura Alberto</name>
        <address>via Pietro Ghitti 44  08020 Ottana (NU)</address>
        <description>via Pietro Ghitti 44  08020 Ottana (NU)</description>
        <styleUrl>#icon-1899-0288D1</styleUrl>
      </Placemark>
      <Placemark>
        <name>Mura Antonio</name>
        <address>Via Umbria 5  08022 Dorgali (NU)</address>
        <description>Via Umbria 5  08022 Dorgali (NU)</description>
        <styleUrl>#icon-1899-0288D1</styleUrl>
      </Placemark>
      <Placemark>
        <name>Mura Aureliano</name>
        <address>Via Balilla 31  09134 Cagliari (CA)</address>
        <description>Via Balilla 31  09134 Cagliari (CA)</description>
        <styleUrl>#icon-1899-0288D1</styleUrl>
      </Placemark>
      <Placemark>
        <name>Mura Emilio</name>
        <address>Via Robert Coch 24  09121 Cagliari (CA)</address>
        <description>Via Robert Coch 24  09121 Cagliari (CA)</description>
        <styleUrl>#icon-1899-0288D1</styleUrl>
      </Placemark>
      <Placemark>
        <name>Mura Gianluigi</name>
        <address>Via Piero Schiavazzi 46/E  09126 Cagliari (CA)</address>
        <description>Via Piero Schiavazzi 46/E  09126 Cagliari (CA)</description>
        <styleUrl>#icon-1899-0288D1</styleUrl>
      </Placemark>
      <Placemark>
        <name>Mura Luca</name>
        <address>Via Macomer 15  09032 Assemini (CA)</address>
        <description>Via Macomer 15  09032 Assemini (CA)</description>
        <styleUrl>#icon-1899-0288D1</styleUrl>
      </Placemark>
      <Placemark>
        <name>Mura Marcantonio</name>
        <address><![CDATA[Via Duca D'Aosta 49  07016 Pattada (SS)]]></address>
        <description><![CDATA[Via Duca D'Aosta 49  07016 Pattada (SS)]]></description>
        <styleUrl>#icon-1899-0288D1</styleUrl>
      </Placemark>
      <Placemark>
        <name>Mura Mattia</name>
        <address>Via Oristano 2  09010 Villamassargia (SU)</address>
        <description>Via Oristano 2  09010 Villamassargia (SU)</description>
        <styleUrl>#icon-1899-0288D1</styleUrl>
      </Placemark>
      <Placemark>
        <name>Mura Mirko</name>
        <address>Via Bellini16  09028 Sestu (CA)</address>
        <description>Via Bellini16  09028 Sestu (CA)</description>
        <styleUrl>#icon-1899-0288D1</styleUrl>
      </Placemark>
      <Placemark>
        <name>Mura Nicola</name>
        <address>via Gramsci 3  07012 Bonorva (SS)</address>
        <description>via Gramsci 3  07012 Bonorva (SS)</description>
        <styleUrl>#icon-1899-0288D1</styleUrl>
      </Placemark>
      <Placemark>
        <name>Mura Omar</name>
        <address>Via delle Acacie 140  09126 Cagliari (CA)</address>
        <description>Via delle Acacie 140  09126 Cagliari (CA)</description>
        <styleUrl>#icon-1899-0288D1</styleUrl>
      </Placemark>
      <Placemark>
        <name>Mura Pierpaolo</name>
        <address>Via Baccelli 206  09098 Terralba (OR)</address>
        <description>Via Baccelli 206  09098 Terralba (OR)</description>
        <styleUrl>#icon-1899-0288D1</styleUrl>
      </Placemark>
      <Placemark>
        <name>Mura Trasporti S.R.L.</name>
        <address>Via Caterina Segurana 47  09134 Cagliari (CA)</address>
        <description>Via Caterina Segurana 47  09134 Cagliari (CA)</description>
        <styleUrl>#icon-1899-0288D1</styleUrl>
      </Placemark>
      <Placemark>
        <name>Mura Vittorio Bernardino</name>
        <address>via Colombo 15  08046 Perdasdefogu (OG)</address>
        <description>via Colombo 15  08046 Perdasdefogu (OG)</description>
        <styleUrl>#icon-1899-0288D1</styleUrl>
      </Placemark>
      <Placemark>
        <name>Mureddu S.R.L.</name>
        <address><![CDATA[Località Sant'Elena  08029 Siniscola (NU)]]></address>
        <description><![CDATA[Località Sant'Elena  08029 Siniscola (NU)]]></description>
        <styleUrl>#icon-1899-0288D1</styleUrl>
      </Placemark>
      <Placemark>
        <name>Mureddu Salvatore Srl</name>
        <address>Via Bologna 4  08029 Siniscola (NU)</address>
        <description>Via Bologna 4  08029 Siniscola (NU)</description>
        <styleUrl>#icon-1899-0288D1</styleUrl>
      </Placemark>
      <Placemark>
        <name>Murgia Alessandro</name>
        <address>Via Principe di Piemonte 166  09010 Giba (SU)</address>
        <description>Via Principe di Piemonte 166  09010 Giba (SU)</description>
        <styleUrl>#icon-1899-0288D1</styleUrl>
      </Placemark>
      <Placemark>
        <name>Murgia Christian</name>
        <address>Via Su Pranu 5  09020 Genuri (SU)</address>
        <description>Via Su Pranu 5  09020 Genuri (SU)</description>
        <styleUrl>#icon-1899-0288D1</styleUrl>
      </Placemark>
      <Placemark>
        <name>Murgia Duilio</name>
        <address>via G. Di Vittorio 37  09015 Domusnovas (CI)</address>
        <description>via G. Di Vittorio 37  09015 Domusnovas (CI)</description>
        <styleUrl>#icon-1899-0288D1</styleUrl>
      </Placemark>
      <Placemark>
        <name>Murgia Federico</name>
        <address><![CDATA[Via deggli Anthurium 12  09045 Quartu Sant'Elena (CA)]]></address>
        <description><![CDATA[Via deggli Anthurium 12  09045 Quartu Sant'Elena (CA)]]></description>
        <styleUrl>#icon-1899-0288D1</styleUrl>
      </Placemark>
      <Placemark>
        <name>Murgia Francesco</name>
        <address>Via del tramonto 7  09023 Monastir (SU)</address>
        <description>Via del tramonto 7  09023 Monastir (SU)</description>
        <styleUrl>#icon-1899-0288D1</styleUrl>
      </Placemark>
      <Placemark>
        <name>Murgia Giacomo</name>
        <address>Via Santa Suia10  09026 San Sperate (SU)</address>
        <description>Via Santa Suia10  09026 San Sperate (SU)</description>
        <styleUrl>#icon-1899-0288D1</styleUrl>
      </Placemark>
      <Placemark>
        <name>Murgia Ignazio</name>
        <address><![CDATA[Via Silvio Pellico 20  09045 Quartu Sant'Elena (CA)]]></address>
        <description><![CDATA[Via Silvio Pellico 20  09045 Quartu Sant'Elena (CA)]]></description>
        <styleUrl>#icon-1899-0288D1</styleUrl>
      </Placemark>
      <Placemark>
        <name>Murgia Maurizio</name>
        <address>Via Campo Pisano 16  09121 Cagliari (CA)</address>
        <description>Via Campo Pisano 16  09121 Cagliari (CA)</description>
        <styleUrl>#icon-1899-0288D1</styleUrl>
      </Placemark>
      <Placemark>
        <name>Murgia Roberta</name>
        <address>Località Pauli 1  08020 SEULO (SU)</address>
        <description>Località Pauli 1  08020 SEULO (SU)</description>
        <styleUrl>#icon-1899-0288D1</styleUrl>
      </Placemark>
      <Placemark>
        <name>Murgia Roberto</name>
        <address>Via Carlo Felice 152  09025 Sanluri (SU)</address>
        <description>Via Carlo Felice 152  09025 Sanluri (SU)</description>
        <styleUrl>#icon-1899-0288D1</styleUrl>
      </Placemark>
      <Placemark>
        <name>Murgia Salvatore</name>
        <address><![CDATA[Viale Colombo 78  09045 Quartu Sant'Elena (CA)]]></address>
        <description><![CDATA[Viale Colombo 78  09045 Quartu Sant'Elena (CA)]]></description>
        <styleUrl>#icon-1899-0288D1</styleUrl>
      </Placemark>
      <Placemark>
        <name>Murgia Sergio S.R.L.</name>
        <address>Via Madrid 5  09094 Marrubiu (OR)</address>
        <description>Via Madrid 5  09094 Marrubiu (OR)</description>
        <styleUrl>#icon-1899-0288D1</styleUrl>
      </Placemark>
      <Placemark>
        <name>Murgia Simone</name>
        <address>09039 Villacidro (SU)</address>
        <description>09039 Villacidro (SU)</description>
        <styleUrl>#icon-1899-0288D1</styleUrl>
      </Placemark>
      <Placemark>
        <name>Murgia Tamara Jenni</name>
        <address>Via Magenta 61  09015 Domusnovas (SU)</address>
        <description>Via Magenta 61  09015 Domusnovas (SU)</description>
        <styleUrl>#icon-1899-0288D1</styleUrl>
      </Placemark>
      <Placemark>
        <name>Murgia Trasporti di Mereu Franca e C. s.a.s</name>
        <address>via Rossini 7  09023 Monastir (CA)</address>
        <description>via Rossini 7  09023 Monastir (CA)</description>
        <styleUrl>#icon-1899-0288D1</styleUrl>
      </Placemark>
      <Placemark>
        <name>Murino Trasporti S.R.L.</name>
        <address>Via Nazionale 12  08040 Cardedu (NU)</address>
        <description>Via Nazionale 12  08040 Cardedu (NU)</description>
        <styleUrl>#icon-1899-0288D1</styleUrl>
      </Placemark>
      <Placemark>
        <name>Murroni Davide</name>
        <address>Via Sicilia 15  09028 Sestu (CA)</address>
        <description>Via Sicilia 15  09028 Sestu (CA)</description>
        <styleUrl>#icon-1899-0288D1</styleUrl>
      </Placemark>
      <Placemark>
        <name>Murru Andrea</name>
        <address>Via Michelangelo 3A  09023 Monastir (CA)</address>
        <description>Via Michelangelo 3A  09023 Monastir (CA)</description>
        <styleUrl>#icon-1899-0288D1</styleUrl>
      </Placemark>
      <Placemark>
        <name>Murru Gianni</name>
        <address>Via Benvenuto Lobina 6  09121 Cagliari (CA)</address>
        <description>Via Benvenuto Lobina 6  09121 Cagliari (CA)</description>
        <styleUrl>#icon-1899-0288D1</styleUrl>
      </Placemark>
      <Placemark>
        <name>Murru Michele</name>
        <address>Via Vivaldi 42  09040 Maracalagonis (CA)</address>
        <description>Via Vivaldi 42  09040 Maracalagonis (CA)</description>
        <styleUrl>#icon-1899-0288D1</styleUrl>
      </Placemark>
      <Placemark>
        <name>Murru Paola</name>
        <address>Via Mandrolisai 55  09121 Cagliari (CA)</address>
        <description>Via Mandrolisai 55  09121 Cagliari (CA)</description>
        <styleUrl>#icon-1899-0288D1</styleUrl>
      </Placemark>
      <Placemark>
        <name>Murru Pietro Paolo</name>
        <address>Via Paolo Ruffini 7  09131 Cagliari (CA)</address>
        <description>Via Paolo Ruffini 7  09131 Cagliari (CA)</description>
        <styleUrl>#icon-1899-0288D1</styleUrl>
      </Placemark>
      <Placemark>
        <name>Murru Trasporti s.r.l.</name>
        <address><![CDATA[Via Eleonora D'Arborea 2/1  08047 Tertenia (OG)]]></address>
        <description><![CDATA[Via Eleonora D'Arborea 2/1  08047 Tertenia (OG)]]></description>
        <styleUrl>#icon-1899-0288D1</styleUrl>
      </Placemark>
      <Placemark>
        <name>Musacchio Giuseppe</name>
        <address>Via Mannu 7  09026 San Sperate (SU)</address>
        <description>Via Mannu 7  09026 San Sperate (SU)</description>
        <styleUrl>#icon-1899-0288D1</styleUrl>
      </Placemark>
      <Placemark>
        <name>Muscarella Sebastiano</name>
        <address>Via Giovanni Falcone 4  09041 Dolianova (SU)</address>
        <description>Via Giovanni Falcone 4  09041 Dolianova (SU)</description>
        <styleUrl>#icon-1899-0288D1</styleUrl>
      </Placemark>
      <Placemark>
        <name>Muscas Fabiano</name>
        <address>Via Flumentepido 10  09121 Cagliari (CA)</address>
        <description>Via Flumentepido 10  09121 Cagliari (CA)</description>
        <styleUrl>#icon-1899-0288D1</styleUrl>
      </Placemark>
      <Placemark>
        <name>Muscas Giuseppe</name>
        <address>Via Toscana 7  09040 Senorbì (SU)</address>
        <description>Via Toscana 7  09040 Senorbì (SU)</description>
        <styleUrl>#icon-1899-0288D1</styleUrl>
      </Placemark>
      <Placemark>
        <name>Muscas Giuseppe</name>
        <address>Z.I. - Strada C2 snc  09039 Villacidro (SU)</address>
        <description>Z.I. - Strada C2 snc  09039 Villacidro (SU)</description>
        <styleUrl>#icon-1899-0288D1</styleUrl>
      </Placemark>
      <Placemark>
        <name>Muscas Micaela</name>
        <address>Via Ardenne 4  09122 CAGLIARI (CA)</address>
        <description>Via Ardenne 4  09122 CAGLIARI (CA)</description>
        <styleUrl>#icon-1899-0288D1</styleUrl>
      </Placemark>
      <Placemark>
        <name>Muscas Sergio</name>
        <address><![CDATA[Via delle Gemme 42  09045 Quartu Sant'Elena (CA)]]></address>
        <description><![CDATA[Via delle Gemme 42  09045 Quartu Sant'Elena (CA)]]></description>
        <styleUrl>#icon-1899-0288D1</styleUrl>
      </Placemark>
      <Placemark>
        <name>Muscas Sisinnio</name>
        <address>via Flumendosa 30  09039 Villacidro (VS)</address>
        <description>via Flumendosa 30  09039 Villacidro (VS)</description>
        <styleUrl>#icon-1899-0288D1</styleUrl>
      </Placemark>
      <Placemark>
        <name>Muscheri Roberto</name>
        <address>Via Lubiana 320  09013 Carbonia (CI)</address>
        <description>Via Lubiana 320  09013 Carbonia (CI)</description>
        <styleUrl>#icon-1899-0288D1</styleUrl>
      </Placemark>
      <Placemark>
        <name>Musina Pasquale</name>
        <address>Via Raffaello 12  08027 Orgosolo (NU)</address>
        <description>Via Raffaello 12  08027 Orgosolo (NU)</description>
        <styleUrl>#icon-1899-0288D1</styleUrl>
      </Placemark>
      <Placemark>
        <name>Musiu Mirco</name>
        <address>Via Cernaia 17  09047 SELARGIUS (CA)</address>
        <description>Via Cernaia 17  09047 SELARGIUS (CA)</description>
        <styleUrl>#icon-1899-0288D1</styleUrl>
      </Placemark>
      <Placemark>
        <name>Musselli Service di Musselli Manlio</name>
        <address>Zona Industriale Tempio Pausania  07029 Tempio Pausania (SS)</address>
        <description>Zona Industriale Tempio Pausania  07029 Tempio Pausania (SS)</description>
        <styleUrl>#icon-1899-0288D1</styleUrl>
      </Placemark>
      <Placemark>
        <name>MV Costruzioni Generali Srl</name>
        <address>via Repubblica 31  09028 Sestu (CA)</address>
        <description>via Repubblica 31  09028 Sestu (CA)</description>
        <styleUrl>#icon-1899-0288D1</styleUrl>
      </Placemark>
      <Placemark>
        <name>MV Trasporti srl</name>
        <address>Via Roma 200  09020 Villamar (VS)</address>
        <description>Via Roma 200  09020 Villamar (VS)</description>
        <styleUrl>#icon-1899-0288D1</styleUrl>
      </Placemark>
      <Placemark>
        <name>N3L srl</name>
        <address>via San Martino 13  08100 Nuoro (NU)</address>
        <description>via San Martino 13  08100 Nuoro (NU)</description>
        <styleUrl>#icon-1899-0288D1</styleUrl>
      </Placemark>
      <Placemark>
        <name>Nateri Emanuele</name>
        <address>Via Della Libertà 32  09032 Assemini (CA)</address>
        <description>Via Della Libertà 32  09032 Assemini (CA)</description>
        <styleUrl>#icon-1899-0288D1</styleUrl>
      </Placemark>
      <Placemark>
        <name>Naturalis Società Agricola S.R.L.</name>
        <address><![CDATA[Località Mitza Fagoni snc  09097 San Nicolò d'Arcidano (OR)]]></address>
        <description><![CDATA[Località Mitza Fagoni snc  09097 San Nicolò d'Arcidano (OR)]]></description>
        <styleUrl>#icon-1899-0288D1</styleUrl>
      </Placemark>
      <Placemark>
        <name>NCF di Nadaiu Giuseppe</name>
        <address>Via Dante Alighieri 16  07010 Nule (SS)</address>
        <description>Via Dante Alighieri 16  07010 Nule (SS)</description>
        <styleUrl>#icon-1899-0288D1</styleUrl>
      </Placemark>
      <Placemark>
        <name>Neon Sardegna S.R.L.</name>
        <address>Località San Lorenzo  09122 Cagliari (CA)</address>
        <description>Località San Lorenzo  09122 Cagliari (CA)</description>
        <styleUrl>#icon-1899-0288D1</styleUrl>
      </Placemark>
      <Placemark>
        <name>New Car Mm S.R.L.</name>
        <address>Via Goffredo Mameli 3  09068 Uta (CA)</address>
        <description>Via Goffredo Mameli 3  09068 Uta (CA)</description>
        <styleUrl>#icon-1899-0288D1</styleUrl>
      </Placemark>
      <Placemark>
        <name>New Service di Fabiano Sollai</name>
        <address>Via Margotti 3B  09040 Senorbì (SU)</address>
        <description>Via Margotti 3B  09040 Senorbì (SU)</description>
        <styleUrl>#icon-1899-0288D1</styleUrl>
      </Placemark>
      <Placemark>
        <name>NEW TRAVEL S.R.L.S.</name>
        <address>via Mirabello 8  09098 TERRALBA (OR)</address>
        <description>via Mirabello 8  09098 TERRALBA (OR)</description>
        <styleUrl>#icon-1899-0288D1</styleUrl>
      </Placemark>
      <Placemark>
        <name>Nfm Transport di Lai Federico</name>
        <address>Via Don Minzoni 12  09020 Ussana (SU)</address>
        <description>Via Don Minzoni 12  09020 Ussana (SU)</description>
        <styleUrl>#icon-1899-0288D1</styleUrl>
      </Placemark>
      <Placemark>
        <name>Nicholas Pilloni</name>
        <address>Via San Nicolò 95  09047 Selargius (CA)</address>
        <description>Via San Nicolò 95  09047 Selargius (CA)</description>
        <styleUrl>#icon-1899-0288D1</styleUrl>
      </Placemark>
      <Placemark>
        <name>Nicolae Cirnu</name>
        <address>Via Binza e Cresia 17  08028 Orosei (NU)</address>
        <description>Via Binza e Cresia 17  08028 Orosei (NU)</description>
        <styleUrl>#icon-1899-0288D1</styleUrl>
      </Placemark>
      <Placemark>
        <name>Nicolas srl</name>
        <address>via Sassari snc  08020 Oniferi (NU)</address>
        <description>via Sassari snc  08020 Oniferi (NU)</description>
        <styleUrl>#icon-1899-0288D1</styleUrl>
      </Placemark>
      <Placemark>
        <name>Nicolmass autotrasporti Mancosu Andrea</name>
        <address>Via Fonni 11  09042 Monserrato (CA)</address>
        <description>Via Fonni 11  09042 Monserrato (CA)</description>
        <styleUrl>#icon-1899-0288D1</styleUrl>
      </Placemark>
      <Placemark>
        <name>Nicotrasporti di Melis Nicola</name>
        <address>Via Parini 14  09040 Maracalagonis (CA)</address>
        <description>Via Parini 14  09040 Maracalagonis (CA)</description>
        <styleUrl>#icon-1899-0288D1</styleUrl>
      </Placemark>
      <Placemark>
        <name>Nieddu Marco</name>
        <address>via B. Croce 7  08100 Nuoro (NU)</address>
        <description>via B. Croce 7  08100 Nuoro (NU)</description>
        <styleUrl>#icon-1899-0288D1</styleUrl>
      </Placemark>
      <Placemark>
        <name>Nioi Efisio Autotrasporti</name>
        <address>Loc Piscina cabriolu  09032 Assemini (CA)</address>
        <description>Loc Piscina cabriolu  09032 Assemini (CA)</description>
        <styleUrl>#icon-1899-0288D1</styleUrl>
      </Placemark>
      <Placemark>
        <name>Nioi Piergiorgio</name>
        <address>Via Cagliari 396  09032 Assemini (CA)</address>
        <description>Via Cagliari 396  09032 Assemini (CA)</description>
        <styleUrl>#icon-1899-0288D1</styleUrl>
      </Placemark>
      <Placemark>
        <name>NO.VA. Service S.R.L.</name>
        <address>Via Grecale 13  09126 Cagliari (CA)</address>
        <description>Via Grecale 13  09126 Cagliari (CA)</description>
        <styleUrl>#icon-1899-0288D1</styleUrl>
      </Placemark>
      <Placemark>
        <name>Nocco Daniele</name>
        <address>Vico Europa 9  08030 Gadoni (NU)</address>
        <description>Vico Europa 9  08030 Gadoni (NU)</description>
        <styleUrl>#icon-1899-0288D1</styleUrl>
      </Placemark>
      <Placemark>
        <name>Nocco Luca Autotrasporti</name>
        <address>Vico Risorgimento 9  09080 Mogorella (OR)</address>
        <description>Vico Risorgimento 9  09080 Mogorella (OR)</description>
        <styleUrl>#icon-1899-0288D1</styleUrl>
      </Placemark>
      <Placemark>
        <name>Nocco Trasporti sas</name>
        <address>via Nazionale 12  09038 Serramanna (VS)</address>
        <description>via Nazionale 12  09038 Serramanna (VS)</description>
        <styleUrl>#icon-1899-0288D1</styleUrl>
      </Placemark>
      <Placemark>
        <name>Nocella Massimiliano</name>
        <address>Via Gaetano Donizetti 4  09016 Iglesias (SU)</address>
        <description>Via Gaetano Donizetti 4  09016 Iglesias (SU)</description>
        <styleUrl>#icon-1899-0288D1</styleUrl>
      </Placemark>
      <Placemark>
        <name>Nolo Rent S.R.L.</name>
        <address>Viale Monastir 238  09122 Cagliari (CA)</address>
        <description>Viale Monastir 238  09122 Cagliari (CA)</description>
        <styleUrl>#icon-1899-0288D1</styleUrl>
      </Placemark>
      <Placemark>
        <name>Non Solo Vetro di Mereu Fabio</name>
        <address><![CDATA[Via S'Isca 14  09034 Villasor (SU)]]></address>
        <description><![CDATA[Via S'Isca 14  09034 Villasor (SU)]]></description>
        <styleUrl>#icon-1899-0288D1</styleUrl>
      </Placemark>
      <Placemark>
        <name>Nonna Antoniana S.r.l.</name>
        <address><![CDATA[Viale Europa 54  09045 Quartu Sant'Elena (CA)]]></address>
        <description><![CDATA[Viale Europa 54  09045 Quartu Sant'Elena (CA)]]></description>
        <styleUrl>#icon-1899-0288D1</styleUrl>
      </Placemark>
      <Placemark>
        <name>Nonne Giovanni Emanuele</name>
        <address>Via Emilio Lussu 52  08039 Tonara (NU)</address>
        <description>Via Emilio Lussu 52  08039 Tonara (NU)</description>
        <styleUrl>#icon-1899-0288D1</styleUrl>
      </Placemark>
      <Placemark>
        <name>Nonne Michele</name>
        <address><![CDATA[Località' Berlingheri  09010 Siliqua (SU)]]></address>
        <description><![CDATA[Località' Berlingheri  09010 Siliqua (SU)]]></description>
        <styleUrl>#icon-1899-0288D1</styleUrl>
      </Placemark>
      <Placemark>
        <name>Nonnis Mauro</name>
        <address>Via del Risorgimento 92  09134 Cagliari (CA)</address>
        <description>Via del Risorgimento 92  09134 Cagliari (CA)</description>
        <styleUrl>#icon-1899-0288D1</styleUrl>
      </Placemark>
      <Placemark>
        <name>NOOOOOOOOOOOOOO Autotrasporti Cabras</name>
        <address>Via Porto Botte 54  09042 Monserrato (CA)</address>
        <description>Via Porto Botte 54  09042 Monserrato (CA)</description>
        <styleUrl>#icon-1899-0288D1</styleUrl>
      </Placemark>
      <Placemark>
        <name>Nord Car Srl</name>
        <address>Via Enzo Ferrari 1  07014 Ozieri (SS)</address>
        <description>Via Enzo Ferrari 1  07014 Ozieri (SS)</description>
        <styleUrl>#icon-1899-0288D1</styleUrl>
      </Placemark>
      <Placemark>
        <name>Nord Sollevamenti S.R.L.</name>
        <address>Via Z.I.Predda Niedda Trav. Str.38  07100 Sassari (SS)</address>
        <description>Via Z.I.Predda Niedda Trav. Str.38  07100 Sassari (SS)</description>
        <styleUrl>#icon-1899-0288D1</styleUrl>
      </Placemark>
      <Placemark>
        <name>Novambiente S.R.L.S.</name>
        <address>Zona Industriale Predda Niedda Strada 24 4  07100 Sassari (SS)</address>
        <description>Zona Industriale Predda Niedda Strada 24 4  07100 Sassari (SS)</description>
        <styleUrl>#icon-1899-0288D1</styleUrl>
      </Placemark>
      <Placemark>
        <name>NTC Costruzioni Generali srl</name>
        <address><![CDATA[via Dante 144  09045 Quartu Sant'Elena (CA)]]></address>
        <description><![CDATA[via Dante 144  09045 Quartu Sant'Elena (CA)]]></description>
        <styleUrl>#icon-1899-0288D1</styleUrl>
      </Placemark>
      <Placemark>
        <name>Nucleo Protezione Civile</name>
        <address>Via Dante  08030 Atzara (NU)</address>
        <description>Via Dante  08030 Atzara (NU)</description>
        <styleUrl>#icon-1899-0288D1</styleUrl>
      </Placemark>
      <Placemark>
        <name><![CDATA[Nugortrans Due di Gusai Luigi & C. S.N.C.]]></name>
        <address>Località Prato Sardo  08100 Nuoro (NU)</address>
        <description>Località Prato Sardo  08100 Nuoro (NU)</description>
        <styleUrl>#icon-1899-0288D1</styleUrl>
      </Placemark>
      <Placemark>
        <name>Nuova Agricola Sud s.r.l.</name>
        <address><![CDATA[Via Eleonora D'Arborea 19  09070 San Nicolò d'Arcidano (OR)]]></address>
        <description><![CDATA[Via Eleonora D'Arborea 19  09070 San Nicolò d'Arcidano (OR)]]></description>
        <styleUrl>#icon-1899-0288D1</styleUrl>
      </Placemark>
      <Placemark>
        <name>Nuova Alba S.R.L.S.</name>
        <address>Via Don Gavino Lai 12/B  08100 Nuoro (NU)</address>
        <description>Via Don Gavino Lai 12/B  08100 Nuoro (NU)</description>
        <styleUrl>#icon-1899-0288D1</styleUrl>
      </Placemark>
      <Placemark>
        <name><![CDATA[Nuova Angius & Concu Snc]]></name>
        <address>Corso IV Novembre  08038 Sorgono (NU)</address>
        <description>Corso IV Novembre  08038 Sorgono (NU)</description>
        <styleUrl>#icon-1899-0288D1</styleUrl>
      </Placemark>
      <Placemark>
        <name>Nuova Aroni Trasporti SRLS</name>
        <address>Viale Monastir 159  09122 Cagliari (CA)</address>
        <description>Viale Monastir 159  09122 Cagliari (CA)</description>
        <styleUrl>#icon-1899-0288D1</styleUrl>
      </Placemark>
      <Placemark>
        <name>Nuova Cossu Carni S.R.L.S.</name>
        <address>Regione Mesu e Jagas  07047 Thiesi (SS)</address>
        <description>Regione Mesu e Jagas  07047 Thiesi (SS)</description>
        <styleUrl>#icon-1899-0288D1</styleUrl>
      </Placemark>
      <Placemark>
        <name>Nuova GMA di Argiolas Alberto</name>
        <address>via Spinelli snc  09040 Settimo San Pietro (CA)</address>
        <description>via Spinelli snc  09040 Settimo San Pietro (CA)</description>
        <styleUrl>#icon-1899-0288D1</styleUrl>
      </Placemark>
      <Placemark>
        <name>Nuova ICOM S.R.L.</name>
        <address>Traversa A di Via V Strada  09032 Assemini (CA)</address>
        <description>Traversa A di Via V Strada  09032 Assemini (CA)</description>
        <styleUrl>#icon-1899-0288D1</styleUrl>
      </Placemark>
      <Placemark>
        <name>Nuova Ideal Bevande S.R.L.</name>
        <description>39.28699287857746, 8.998261327820789</description>
        <styleUrl>#icon-1899-0288D1</styleUrl>
        <Point>
          <coordinates>
            8.99826132782079,39.2869928785775,0
          </coordinates>
        </Point>
      </Placemark>
      <Placemark>
        <name>Nuova Mediterranea Frutta S.R.L.</name>
        <address>Via delle Libellule 9  09131 Cagliari (CA)</address>
        <description>Via delle Libellule 9  09131 Cagliari (CA)</description>
        <styleUrl>#icon-1899-0288D1</styleUrl>
      </Placemark>
      <Placemark>
        <name>Nuova Milan Scavi</name>
        <address>Zona industriale PIP  09010 Musei (CI)</address>
        <description>Zona industriale PIP  09010 Musei (CI)</description>
        <styleUrl>#icon-1899-0288D1</styleUrl>
      </Placemark>
      <Placemark>
        <name>Nuovi Europei S.r.l.s</name>
        <address><![CDATA[Via dei Pittori Europei 48  09045 Quartu Sant'Elena (CA)]]></address>
        <description><![CDATA[Via dei Pittori Europei 48  09045 Quartu Sant'Elena (CA)]]></description>
        <styleUrl>#icon-1899-0288D1</styleUrl>
      </Placemark>
      <Placemark>
        <name>Nuraedil di Andrea Pias Sas</name>
        <address>Zona P.i.p Is Perderas  09024 Nuraminis (SU)</address>
        <description>Zona P.i.p Is Perderas  09024 Nuraminis (SU)</description>
        <styleUrl>#icon-1899-0288D1</styleUrl>
      </Placemark>
      <Placemark>
        <name>Nuvoli Alberto</name>
        <address><![CDATA[Via Sant'Anatoria 30  07100 Sassari (SS)]]></address>
        <description><![CDATA[Via Sant'Anatoria 30  07100 Sassari (SS)]]></description>
        <styleUrl>#icon-1899-0288D1</styleUrl>
      </Placemark>
      <Placemark>
        <name>O.C.R.I. S.R.L.</name>
        <address>Via E. Segré  09067 Elmas (CA)</address>
        <description>Via E. Segré  09067 Elmas (CA)</description>
        <styleUrl>#icon-1899-0288D1</styleUrl>
      </Placemark>
      <Placemark>
        <name>O.D.R. Di Francesco Pireddu</name>
        <address>Via Armando Diaz 28  09012 Capoterra (CA)</address>
        <description>Via Armando Diaz 28  09012 Capoterra (CA)</description>
        <styleUrl>#icon-1899-0288D1</styleUrl>
      </Placemark>
      <Placemark>
        <name>O.EMME S.R.L.S.</name>
        <address>via Santo Stefano 11 A  09042 Monserrato (CA)</address>
        <description>via Santo Stefano 11 A  09042 Monserrato (CA)</description>
        <styleUrl>#icon-1899-0288D1</styleUrl>
      </Placemark>
      <Placemark>
        <name>O.M.A.F  S.R.L.</name>
        <address>Vico Cappuccini 8  09090 Siris (OR)</address>
        <description>Vico Cappuccini 8  09090 Siris (OR)</description>
        <styleUrl>#icon-1899-0288D1</styleUrl>
      </Placemark>
      <Placemark>
        <name>O.P. Agricola Campidanese Soc. Coop.</name>
        <address>via Pirelli snc  09098 Terralba (OR)</address>
        <description>via Pirelli snc  09098 Terralba (OR)</description>
        <styleUrl>#icon-1899-0288D1</styleUrl>
      </Placemark>
      <Placemark>
        <name>O.R.M.IA. di Orrù Lorenzina</name>
        <address>via Planargia 56  09044 Quartucciu (CA)</address>
        <description>via Planargia 56  09044 Quartucciu (CA)</description>
        <styleUrl>#icon-1899-0288D1</styleUrl>
      </Placemark>
      <Placemark>
        <name>O.R.V.C. di Atzara Antonello</name>
        <address>S.s. 554  09047 Selargius (CA)</address>
        <description>S.s. 554  09047 Selargius (CA)</description>
        <styleUrl>#icon-1899-0288D1</styleUrl>
      </Placemark>
      <Placemark>
        <name>Obinu Luigi</name>
        <address>Via R. Morandi 1  09094 Marrubiu (OR)</address>
        <description>Via R. Morandi 1  09094 Marrubiu (OR)</description>
        <styleUrl>#icon-1899-0288D1</styleUrl>
      </Placemark>
      <Placemark>
        <name>Obinu Trasporti di Paolo Obinu</name>
        <address>Strada 26 ovest  09092 Arborea (OR)</address>
        <description>Strada 26 ovest  09092 Arborea (OR)</description>
        <styleUrl>#icon-1899-0288D1</styleUrl>
      </Placemark>
      <Placemark>
        <name>Off. Veicoli Industriali Napolitano Pietro Luigi</name>
        <address>Zona Industriale Predda Niedda Nord Strada 29  07100 Sassari (SS)</address>
        <description>Zona Industriale Predda Niedda Nord Strada 29  07100 Sassari (SS)</description>
        <styleUrl>#icon-1899-0288D1</styleUrl>
      </Placemark>
      <Placemark>
        <name>Officina Caboni Alessandro</name>
        <address>Via Pirandello 1  09025 Sanluri (VS)</address>
        <description>Via Pirandello 1  09025 Sanluri (VS)</description>
        <styleUrl>#icon-1899-0288D1</styleUrl>
      </Placemark>
      <Placemark>
        <name>Officina Carvi Srls</name>
        <address>Via delle Miniere 18  09030 Elmas (CA)</address>
        <description>Via delle Miniere 18  09030 Elmas (CA)</description>
        <styleUrl>#icon-1899-0288D1</styleUrl>
      </Placemark>
      <Placemark>
        <name>Officina Ciudino Pierstefano</name>
        <address>Loc. Naseddu Z. industriale  07021 Arzachena (OT)</address>
        <description>Loc. Naseddu Z. industriale  07021 Arzachena (OT)</description>
        <styleUrl>#icon-1899-0288D1</styleUrl>
      </Placemark>
      <Placemark>
        <name>Officina Due P Meccanica</name>
        <address>Via Cherubini 40 Traversa via Barcellona  07026 Olbia (SS)</address>
        <description>Via Cherubini 40 Traversa via Barcellona  07026 Olbia (SS)</description>
        <styleUrl>#icon-1899-0288D1</styleUrl>
      </Placemark>
      <Placemark>
        <name>Officina Elettrauto Cadelano Efisio</name>
        <address><![CDATA[Via Sa Serrixedda 2  09045 Quartu Sant'Elena (CA)]]></address>
        <description><![CDATA[Via Sa Serrixedda 2  09045 Quartu Sant'Elena (CA)]]></description>
        <styleUrl>#icon-1899-0288D1</styleUrl>
      </Placemark>
      <Placemark>
        <name>Officina F.lli Cappai</name>
        <address>Zona industriale Bonu Trau  08015 Macomer (NU)</address>
        <description>Zona industriale Bonu Trau  08015 Macomer (NU)</description>
        <styleUrl>#icon-1899-0288D1</styleUrl>
      </Placemark>
      <Placemark>
        <name><![CDATA[Officina L'Autotreno di Coronas Sandro]]></name>
        <address>Zona Industriale Lotto 5  08029 Siniscola (NU)</address>
        <description>Zona Industriale Lotto 5  08029 Siniscola (NU)</description>
        <styleUrl>#icon-1899-0288D1</styleUrl>
      </Placemark>
      <Placemark>
        <name>Officina Lisci</name>
        <address>Zona Industriale strada C2 Bis  09039 Villacidro (VS)</address>
        <description>Zona Industriale strada C2 Bis  09039 Villacidro (VS)</description>
        <styleUrl>#icon-1899-0288D1</styleUrl>
      </Placemark>
      <Placemark>
        <name>Officina Mecc. Valter Service di Galliero Valter</name>
        <address>Via Oliveto 47/C  09040 Selegas (SU)</address>
        <description>Via Oliveto 47/C  09040 Selegas (SU)</description>
        <styleUrl>#icon-1899-0288D1</styleUrl>
      </Placemark>
      <Placemark>
        <name>Officina Meccanica Catta Giuseppe</name>
        <address>Loc. Dionnigheddu snc  07020 Buddusò (OT)</address>
        <description>Loc. Dionnigheddu snc  07020 Buddusò (OT)</description>
        <styleUrl>#icon-1899-0288D1</styleUrl>
      </Placemark>
      <Placemark>
        <name>Officina Meccanica Demuru Antonio</name>
        <address>Via Montebello  08030 Meana Sardo (NU)</address>
        <description>Via Montebello  08030 Meana Sardo (NU)</description>
        <styleUrl>#icon-1899-0288D1</styleUrl>
      </Placemark>
      <Placemark>
        <name>Officina Meccanica di Davide Orrù</name>
        <address>via lazio 1  09056 Isili (SU)</address>
        <description>via lazio 1  09056 Isili (SU)</description>
        <styleUrl>#icon-1899-0288D1</styleUrl>
      </Placemark>
      <Placemark>
        <name><![CDATA[Officina Meccanica di Marongiu Stefano & C. S.A.S.]]></name>
        <address>Zona Industriale Via Agnelli 14  09010 Villaspeciosa (SU)</address>
        <description>Zona Industriale Via Agnelli 14  09010 Villaspeciosa (SU)</description>
        <styleUrl>#icon-1899-0288D1</styleUrl>
      </Placemark>
      <Placemark>
        <name>Officina Meccanica G.M.A. di R. Putzu Sas</name>
        <address>Via del Commercio Zona Artigianale  09027 Serrenti (SU)</address>
        <description>Via del Commercio Zona Artigianale  09027 Serrenti (SU)</description>
        <styleUrl>#icon-1899-0288D1</styleUrl>
      </Placemark>
      <Placemark>
        <name>Officina Meccanica Giorgio Melis e Figli Srl</name>
        <address>Via Giua snc  09122 CAGLIARI (CA)</address>
        <description>Via Giua snc  09122 CAGLIARI (CA)</description>
        <styleUrl>#icon-1899-0288D1</styleUrl>
      </Placemark>
      <Placemark>
        <name>Officina Meccanica Gommista di Sulis Damiano</name>
        <address>Zona Ind.Nuragus S.S. 197  08030 Nuragus (CA)</address>
        <description>Zona Ind.Nuragus S.S. 197  08030 Nuragus (CA)</description>
        <styleUrl>#icon-1899-0288D1</styleUrl>
      </Placemark>
      <Placemark>
        <name>Officina Meccanica Industriale Italo Gallus</name>
        <address>viale Elmas 140  09122 Cagliari (CA)</address>
        <description>viale Elmas 140  09122 Cagliari (CA)</description>
        <styleUrl>#icon-1899-0288D1</styleUrl>
      </Placemark>
      <Placemark>
        <name>Officina Meccanica Marci Michele</name>
        <address>Via Balilla 125  09134 Cagliari (CA)</address>
        <description>Via Balilla 125  09134 Cagliari (CA)</description>
        <styleUrl>#icon-1899-0288D1</styleUrl>
      </Placemark>
      <Placemark>
        <name>Officina Meccanica Mec Diesel srl</name>
        <address><![CDATA[via Macomer 8  09045 Quartu Sant'Elena (CA)]]></address>
        <description><![CDATA[via Macomer 8  09045 Quartu Sant'Elena (CA)]]></description>
        <styleUrl>#icon-1899-0288D1</styleUrl>
      </Placemark>
      <Placemark>
        <name>Officina Meccanica Pintus Valentino sas</name>
        <address>via Roma 258  09020 Ussana (SU)</address>
        <description>via Roma 258  09020 Ussana (SU)</description>
        <styleUrl>#icon-1899-0288D1</styleUrl>
      </Placemark>
      <Placemark>
        <name><![CDATA[Officina Meccanica Tradori & Tocco s.n.c.]]></name>
        <address>viale Gugliemo Marconi 103  09131 Cagliari (CA)</address>
        <description>viale Gugliemo Marconi 103  09131 Cagliari (CA)</description>
        <styleUrl>#icon-1899-0288D1</styleUrl>
      </Placemark>
      <Placemark>
        <name>Officina Nannini snc</name>
        <address>Località Maricoxina snc  08045 Lanusei (OG)</address>
        <description>Località Maricoxina snc  08045 Lanusei (OG)</description>
        <styleUrl>#icon-1899-0288D1</styleUrl>
      </Placemark>
      <Placemark>
        <name>Officina Orunesu Srl</name>
        <address>Via Seyschelles 34  07026 Olbia (SS)</address>
        <description>Via Seyschelles 34  07026 Olbia (SS)</description>
        <styleUrl>#icon-1899-0288D1</styleUrl>
      </Placemark>
      <Placemark>
        <name>Officina Pala Davide</name>
        <address>Via Mario Betti 40  09067 Elmas (CA)</address>
        <description>Via Mario Betti 40  09067 Elmas (CA)</description>
        <styleUrl>#icon-1899-0288D1</styleUrl>
      </Placemark>
      <Placemark>
        <name>Officina Palmas S.r.l.</name>
        <address>S.S. 131 km 40300  09027 Serrenti (VS)</address>
        <description>S.S. 131 km 40300  09027 Serrenti (VS)</description>
        <styleUrl>#icon-1899-0288D1</styleUrl>
      </Placemark>
      <Placemark>
        <name>Officina Pellati Felice</name>
        <address>via Pigafetta 35  07046 Porto Torres (SS)</address>
        <description>via Pigafetta 35  07046 Porto Torres (SS)</description>
        <styleUrl>#icon-1899-0288D1</styleUrl>
      </Placemark>
      <Placemark>
        <name>Officina Pellati S.N.C. di Massimo e Pierangelo Pellati</name>
        <address>Via Pigafetta 35  07046 Porto Torres (SS)</address>
        <description>Via Pigafetta 35  07046 Porto Torres (SS)</description>
        <styleUrl>#icon-1899-0288D1</styleUrl>
      </Placemark>
      <Placemark>
        <name>Officina Pirastu Cesare</name>
        <address>via Amsterdam snc  09170 Oristano (OR)</address>
        <description>via Amsterdam snc  09170 Oristano (OR)</description>
        <styleUrl>#icon-1899-0288D1</styleUrl>
      </Placemark>
      <Placemark>
        <name>Officina Rettifiche Meccaniche Fanni Società Cooperativa</name>
        <address>Via del Commercio 31  09122 Cagliari (CA)</address>
        <description>Via del Commercio 31  09122 Cagliari (CA)</description>
        <styleUrl>#icon-1899-0288D1</styleUrl>
      </Placemark>
      <Placemark>
        <name>Officina Riparazioni Auto Caboni Giampaolo</name>
        <description>39.56062897903936, 8.910888328882844</description>
        <styleUrl>#icon-1899-0288D1</styleUrl>
        <Point>
          <coordinates>
            8.91088832888284,39.5606289790394,0
          </coordinates>
        </Point>
      </Placemark>
      <Placemark>
        <name>Officina Usai Pietrino Snc</name>
        <address>Via Corea 28  07026 Olbia (SS)</address>
        <description>Via Corea 28  07026 Olbia (SS)</description>
        <styleUrl>#icon-1899-0288D1</styleUrl>
      </Placemark>
      <Placemark>
        <name>Officine Ferrocar S.R.L.</name>
        <address>Via Pauli Tabentis snc  09170 Santa Giusta (OR)</address>
        <description>Via Pauli Tabentis snc  09170 Santa Giusta (OR)</description>
        <styleUrl>#icon-1899-0288D1</styleUrl>
      </Placemark>
      <Placemark>
        <name>Officine Uras S.R.L.</name>
        <address>Via delle Miniere 5/7  09067 Elmas (CA)</address>
        <description>Via delle Miniere 5/7  09067 Elmas (CA)</description>
        <styleUrl>#icon-1899-0288D1</styleUrl>
      </Placemark>
      <Placemark>
        <name>Oggianu Giovanni</name>
        <address>Via Antioco Manca 1  08018 Sindia (NU)</address>
        <description>Via Antioco Manca 1  08018 Sindia (NU)</description>
        <styleUrl>#icon-1899-0288D1</styleUrl>
      </Placemark>
      <Placemark>
        <name>Ogliastra Ambiente srl</name>
        <address>Via Umberto I 33  08045 Lanusei (OG)</address>
        <description>Via Umberto I 33  08045 Lanusei (OG)</description>
        <styleUrl>#icon-1899-0288D1</styleUrl>
      </Placemark>
      <Placemark>
        <name>Oilmec - Costruzioni Oleodinamiche S.R.L. Denominazione Abbreviata Oilmec S.R.L.</name>
        <address>via della Nautica 4  09122 Cagliari (CA)</address>
        <description>via della Nautica 4  09122 Cagliari (CA)</description>
        <styleUrl>#icon-1899-0288D1</styleUrl>
      </Placemark>
      <Placemark>
        <name>Olandflor di Perra Marco</name>
        <address>Loc. S. Anna 1  09010 Villamassargia (SU)</address>
        <description>Loc. S. Anna 1  09010 Villamassargia (SU)</description>
        <styleUrl>#icon-1899-0288D1</styleUrl>
      </Placemark>
      <Placemark>
        <name>Olimar Autotrasporti</name>
        <address>Quinta Strada - Località Macchiareddu  09032 Assemini (CA)</address>
        <description>Quinta Strada - Località Macchiareddu  09032 Assemini (CA)</description>
        <styleUrl>#icon-1899-0288D1</styleUrl>
      </Placemark>
      <Placemark>
        <name>Olla Giuseppe</name>
        <address>via Levi 15  09015 Domusnovas (SU)</address>
        <description>via Levi 15  09015 Domusnovas (SU)</description>
        <styleUrl>#icon-1899-0288D1</styleUrl>
      </Placemark>
      <Placemark>
        <name>Ollanu Claudio</name>
        <address>Località Motti  09055 Gergei (SU)</address>
        <description>Località Motti  09055 Gergei (SU)</description>
        <styleUrl>#icon-1899-0288D1</styleUrl>
      </Placemark>
      <Placemark>
        <name>Ollargiu Amedeo</name>
        <address>Località Murtera  09039 Villacidro (CA)</address>
        <description>Località Murtera  09039 Villacidro (CA)</description>
        <styleUrl>#icon-1899-0288D1</styleUrl>
      </Placemark>
      <Placemark>
        <name>Oltremare Trasporti Srl</name>
        <address>Traversa Strada Vicinale San Giorgio Giagumona 4  07100 Li Punti (SS)</address>
        <description>Traversa Strada Vicinale San Giorgio Giagumona 4  07100 Li Punti (SS)</description>
        <styleUrl>#icon-1899-0288D1</styleUrl>
      </Placemark>
      <Placemark>
        <name>OMBS Service di Boi Salvatore</name>
        <description>39.26543030062997, 9.192848064248553</description>
        <styleUrl>#icon-1899-0288D1</styleUrl>
        <Point>
          <coordinates>
            9.19284806424855,39.26543030063,0
          </coordinates>
        </Point>
      </Placemark>
      <Placemark>
        <name>OMMI Snc</name>
        <address>Zona Industriale Tossilo  08015 Macomer (NU)</address>
        <description>Zona Industriale Tossilo  08015 Macomer (NU)</description>
        <styleUrl>#icon-1899-0288D1</styleUrl>
      </Placemark>
      <Placemark>
        <name>One Service srls</name>
        <address>via Samuele Utzeri 22  09126 Cagliari (CA)</address>
        <description>via Samuele Utzeri 22  09126 Cagliari (CA)</description>
        <styleUrl>#icon-1899-0288D1</styleUrl>
      </Placemark>
      <Placemark>
        <name>Onidi Trasporti di Giampiero Onidi</name>
        <address>Via Gramsci 67/B  09036 Guspini (VS)</address>
        <description>Via Gramsci 67/B  09036 Guspini (VS)</description>
        <styleUrl>#icon-1899-0288D1</styleUrl>
      </Placemark>
      <Placemark>
        <name>Onnis Bruno</name>
        <address>via Barbagia 10  09020 Samatzai (SU)</address>
        <description>via Barbagia 10  09020 Samatzai (SU)</description>
        <styleUrl>#icon-1899-0288D1</styleUrl>
      </Placemark>
      <Placemark>
        <name>Onnis Elia</name>
        <address>Via Roma 15  09040 Furtei (SU)</address>
        <description>Via Roma 15  09040 Furtei (SU)</description>
        <styleUrl>#icon-1899-0288D1</styleUrl>
      </Placemark>
      <Placemark>
        <name>Onnis Giuseppe</name>
        <description>39.48495328481456, 8.906624424124251</description>
        <styleUrl>#icon-1899-0288D1</styleUrl>
        <Point>
          <coordinates>
            8.90662442412425,39.4849532848146,0
          </coordinates>
        </Point>
      </Placemark>
      <Placemark>
        <name>Open Service Group S.R.L.</name>
        <address>Via Monte Sabotino 17/A  09122 Cagliari (CA)</address>
        <description>Via Monte Sabotino 17/A  09122 Cagliari (CA)</description>
        <styleUrl>#icon-1899-0288D1</styleUrl>
      </Placemark>
      <Placemark>
        <name>Open Service Soc. Coop</name>
        <address>Viale Monastir km 4800  09122 Cagliari (CA)</address>
        <description>Viale Monastir km 4800  09122 Cagliari (CA)</description>
        <styleUrl>#icon-1899-0288D1</styleUrl>
      </Placemark>
      <Placemark>
        <name>Opere Geotecniche S.r.l.</name>
        <address>Via San Gemiliano (S.S. 131 km 15500)  09023 Monastir (CA)</address>
        <description>Via San Gemiliano (S.S. 131 km 15500)  09023 Monastir (CA)</description>
        <styleUrl>#icon-1899-0288D1</styleUrl>
      </Placemark>
      <Placemark>
        <name>Opere M.A.N.</name>
        <address><![CDATA[Zona industriale Pill'e Matta  09044 Quartucciu (CA)]]></address>
        <description><![CDATA[Zona industriale Pill'e Matta  09044 Quartucciu (CA)]]></description>
        <styleUrl>#icon-1899-0288D1</styleUrl>
      </Placemark>
      <Placemark>
        <name>Operti Vincenzo</name>
        <address>Via S.Andrea 11  09124 Cagliari (CA)</address>
        <description>Via S.Andrea 11  09124 Cagliari (CA)</description>
        <styleUrl>#icon-1899-0288D1</styleUrl>
      </Placemark>
      <Placemark>
        <name>Oppo Pietro</name>
        <address>Via Marco Polo 34  09070 Paulilatino (OR)</address>
        <description>Via Marco Polo 34  09070 Paulilatino (OR)</description>
        <styleUrl>#icon-1899-0288D1</styleUrl>
      </Placemark>
      <Placemark>
        <name>Oppo Srl</name>
        <address>Via Vespucci 1  09074 Ghilarza (OR)</address>
        <description>Via Vespucci 1  09074 Ghilarza (OR)</description>
        <styleUrl>#icon-1899-0288D1</styleUrl>
      </Placemark>
      <Placemark>
        <name>Orap Srl</name>
        <address><![CDATA[Via Sant'Eulalia 3  09067 Elmas (CA)]]></address>
        <description><![CDATA[Via Sant'Eulalia 3  09067 Elmas (CA)]]></description>
        <styleUrl>#icon-1899-0288D1</styleUrl>
      </Placemark>
      <Placemark>
        <name>Orgiu Marco</name>
        <address>Via Vittorio Emanuele II 44  09090 Masullas (OR)</address>
        <description>Via Vittorio Emanuele II 44  09090 Masullas (OR)</description>
        <styleUrl>#icon-1899-0288D1</styleUrl>
      </Placemark>
      <Placemark>
        <name>Origa Alessandro ditta individuale</name>
        <address>Via Satta 13  09041 Dolianova (SU)</address>
        <description>Via Satta 13  09041 Dolianova (SU)</description>
        <styleUrl>#icon-1899-0288D1</styleUrl>
      </Placemark>
      <Placemark>
        <name>Oristano Inerti S.R.L.</name>
        <address>Località Pranu e Cixiri  09170 Oristano (OR)</address>
        <description>Località Pranu e Cixiri  09170 Oristano (OR)</description>
        <styleUrl>#icon-1899-0288D1</styleUrl>
      </Placemark>
      <Placemark>
        <name>Orrù Andrea</name>
        <address>Via del Progresso  09095 Mogoro (OR)</address>
        <description>Via del Progresso  09095 Mogoro (OR)</description>
        <styleUrl>#icon-1899-0288D1</styleUrl>
      </Placemark>
      <Placemark>
        <name>Orrù Francesco Autotrasporti</name>
        <address>Via San Salvatore 8  09058 Nurallao (SU)</address>
        <description>Via San Salvatore 8  09058 Nurallao (SU)</description>
        <styleUrl>#icon-1899-0288D1</styleUrl>
      </Placemark>
      <Placemark>
        <name>Orrù Massimiliano</name>
        <address>Località Bruncu Teula  09010 San Giovanni Suergiu (SU)</address>
        <description>Località Bruncu Teula  09010 San Giovanni Suergiu (SU)</description>
        <styleUrl>#icon-1899-0288D1</styleUrl>
      </Placemark>
      <Placemark>
        <name>Orrù Mirko</name>
        <address>via Tchaikovski 13  09028 Sestu (CA)</address>
        <description>via Tchaikovski 13  09028 Sestu (CA)</description>
        <styleUrl>#icon-1899-0288D1</styleUrl>
      </Placemark>
      <Placemark>
        <name>Orrù Mirko Federico</name>
        <address>Via Marconi 97  09032 Assemini (CA)</address>
        <description>Via Marconi 97  09032 Assemini (CA)</description>
        <styleUrl>#icon-1899-0288D1</styleUrl>
      </Placemark>
      <Placemark>
        <name>Orrù Pierpaolo</name>
        <address>Via Camposanto n. 8  09023 Monastir (CA)</address>
        <description>Via Camposanto n. 8  09023 Monastir (CA)</description>
        <styleUrl>#icon-1899-0288D1</styleUrl>
      </Placemark>
      <Placemark>
        <name>Orrù Pierpaolo Trasporti Srl</name>
        <address>Via Camposanto 8  09023 Monastir (CA)</address>
        <description>Via Camposanto 8  09023 Monastir (CA)</description>
        <styleUrl>#icon-1899-0288D1</styleUrl>
      </Placemark>
      <Placemark>
        <name>Ortu Alessandro</name>
        <address>Via Mannu 65b  09070 Oristano (OR)</address>
        <description>Via Mannu 65b  09070 Oristano (OR)</description>
        <styleUrl>#icon-1899-0288D1</styleUrl>
      </Placemark>
      <Placemark>
        <name>Ortu Antonello</name>
        <address>Via Oberdan 31  09070 Milis (OR)</address>
        <description>Via Oberdan 31  09070 Milis (OR)</description>
        <styleUrl>#icon-1899-0288D1</styleUrl>
      </Placemark>
      <Placemark>
        <name>Ortu Antonio</name>
        <address>via delle Azzalee 91  09047 Selargius (CA)</address>
        <description>via delle Azzalee 91  09047 Selargius (CA)</description>
        <styleUrl>#icon-1899-0288D1</styleUrl>
      </Placemark>
      <Placemark>
        <name>Ortu Antonio e C. S.N.C.</name>
        <address><![CDATA[Via dell'Industria 9  09027 Serrenti (SU)]]></address>
        <description><![CDATA[Via dell'Industria 9  09027 Serrenti (SU)]]></description>
        <styleUrl>#icon-1899-0288D1</styleUrl>
      </Placemark>
      <Placemark>
        <name>Ortu Giovanni</name>
        <address>via Pergolesi 22  09025 Sanluri (VS)</address>
        <description>via Pergolesi 22  09025 Sanluri (VS)</description>
        <styleUrl>#icon-1899-0288D1</styleUrl>
      </Placemark>
      <Placemark>
        <name>Ortu Giuseppe</name>
        <address>Via Amedeo di Savoia 9  09013 Carbonia (CI)</address>
        <description>Via Amedeo di Savoia 9  09013 Carbonia (CI)</description>
        <styleUrl>#icon-1899-0288D1</styleUrl>
      </Placemark>
      <Placemark>
        <name>Ortu Pierpaolo Autotrasporti</name>
        <address>Via Canalis 36  07033 Osilo (SS)</address>
        <description>Via Canalis 36  07033 Osilo (SS)</description>
        <styleUrl>#icon-1899-0288D1</styleUrl>
      </Placemark>
      <Placemark>
        <name>Ottavio Melis</name>
        <address>Via Garibaldi 49a  09010 Siliqua (SU)</address>
        <description>Via Garibaldi 49a  09010 Siliqua (SU)</description>
        <styleUrl>#icon-1899-0288D1</styleUrl>
      </Placemark>
      <Placemark>
        <name>Ottico Tour di Ottico Antonio</name>
        <address>Via Vincenzo Bellini 48  09047 Selargius (CA)</address>
        <description>Via Vincenzo Bellini 48  09047 Selargius (CA)</description>
        <styleUrl>#icon-1899-0288D1</styleUrl>
      </Placemark>
      <Placemark>
        <name><![CDATA[P&P Logistica S.r.l.]]></name>
        <address>Via Pierluigi da Palestrina 13  09028 Sestu (CA)</address>
        <description>Via Pierluigi da Palestrina 13  09028 Sestu (CA)</description>
        <styleUrl>#icon-1899-0288D1</styleUrl>
      </Placemark>
      <Placemark>
        <name><![CDATA[P. & T. Autotrasporti s.n.c.]]></name>
        <address>Via Liguria 12  09032 Assemini (CA)</address>
        <description>Via Liguria 12  09032 Assemini (CA)</description>
        <styleUrl>#icon-1899-0288D1</styleUrl>
      </Placemark>
      <Placemark>
        <name>P.A.D. SERVIZI LOGISTICI S.R.L.</name>
        <address><![CDATA[Via Delle Viole 31  09045 Quartu Sant'Elena (CA)]]></address>
        <description><![CDATA[Via Delle Viole 31  09045 Quartu Sant'Elena (CA)]]></description>
        <styleUrl>#icon-1899-0288D1</styleUrl>
      </Placemark>
      <Placemark>
        <name><![CDATA[P.C. del F.lli Cadelano E. & C. Snc]]></name>
        <address>Via Boito 28  09048 Sinnai (CA)</address>
        <description>Via Boito 28  09048 Sinnai (CA)</description>
        <styleUrl>#icon-1899-0288D1</styleUrl>
      </Placemark>
      <Placemark>
        <name>P.E.E. Transport srls</name>
        <address>Via Abruzzi 37  09122 Cagliari (CA)</address>
        <description>Via Abruzzi 37  09122 Cagliari (CA)</description>
        <styleUrl>#icon-1899-0288D1</styleUrl>
      </Placemark>
      <Placemark>
        <name><![CDATA[P.G.M. Auto S.A.S. di Mario Puggioni & C.]]></name>
        <address>Via Mazzola  08022 Dorgali (NU)</address>
        <description>Via Mazzola  08022 Dorgali (NU)</description>
        <styleUrl>#icon-1899-0288D1</styleUrl>
      </Placemark>
      <Placemark>
        <name>P.M.P. autotrasporti di f.lli Deligia S.r.l.</name>
        <address>Via Vittorio Emanuele 23  09080 Allai (OR)</address>
        <description>Via Vittorio Emanuele 23  09080 Allai (OR)</description>
        <styleUrl>#icon-1899-0288D1</styleUrl>
      </Placemark>
      <Placemark>
        <name>P.N.P. Project S.R.L.S.</name>
        <address>Via Michelangelo 4  09023 Monastir (CA)</address>
        <description>Via Michelangelo 4  09023 Monastir (CA)</description>
        <styleUrl>#icon-1899-0288D1</styleUrl>
      </Placemark>
      <Placemark>
        <name>P.R. Motori Service s.r.l.</name>
        <address>Via Macomer 7  09010 Santadi (CI)</address>
        <description>Via Macomer 7  09010 Santadi (CI)</description>
        <styleUrl>#icon-1899-0288D1</styleUrl>
      </Placemark>
      <Placemark>
        <name>P.S. Impianti Srl</name>
        <address>Via A. Einstein 11  09041 Dolianova (SU)</address>
        <description>Via A. Einstein 11  09041 Dolianova (SU)</description>
        <styleUrl>#icon-1899-0288D1</styleUrl>
      </Placemark>
      <Placemark>
        <name>P.S.M. Autotrasporti e Movimento Terra di Pinna Salvatore Massimiliano</name>
        <address>Loc. Su Cannoni snc  09010 Portoscuso (CA)</address>
        <description>Loc. Su Cannoni snc  09010 Portoscuso (CA)</description>
        <styleUrl>#icon-1899-0288D1</styleUrl>
      </Placemark>
      <Placemark>
        <name>Paba Giovanni</name>
        <address>Via A. Maxia  08031 Aritzo (NU)</address>
        <description>Via A. Maxia  08031 Aritzo (NU)</description>
        <styleUrl>#icon-1899-0288D1</styleUrl>
      </Placemark>
      <Placemark>
        <name>Padricelli Roberto Autonoleggiatore</name>
        <address>Via Gherardini 2  09010 Carbonia (CA)</address>
        <description>Via Gherardini 2  09010 Carbonia (CA)</description>
        <styleUrl>#icon-1899-0288D1</styleUrl>
      </Placemark>
      <Placemark>
        <name>Padru Trivellazioni S.R.L.</name>
        <address>Vicolo Monte Acuto 2  07020 Padru (SS)</address>
        <description>Vicolo Monte Acuto 2  07020 Padru (SS)</description>
        <styleUrl>#icon-1899-0288D1</styleUrl>
      </Placemark>
      <Placemark>
        <name>Pagani Michela</name>
        <address><![CDATA[Via Chianciano 48  09045 Quartu Sant'Elena (CA)]]></address>
        <description><![CDATA[Via Chianciano 48  09045 Quartu Sant'Elena (CA)]]></description>
        <styleUrl>#icon-1899-0288D1</styleUrl>
      </Placemark>
      <Placemark>
        <name>Pala Alessio</name>
        <address>Via bari 16  09012 Capoterra (CA)</address>
        <description>Via bari 16  09012 Capoterra (CA)</description>
        <styleUrl>#icon-1899-0288D1</styleUrl>
      </Placemark>
      <Placemark>
        <name>Pala e Curreli S.R.L.S.</name>
        <address>Via Teulada s.n.  09012 Capoterra (CA)</address>
        <description>Via Teulada s.n.  09012 Capoterra (CA)</description>
        <styleUrl>#icon-1899-0288D1</styleUrl>
      </Placemark>
      <Placemark>
        <name>Pala Gianluca</name>
        <address>Viale Matteotti 42  09094 Marrubiu (OR)</address>
        <description>Viale Matteotti 42  09094 Marrubiu (OR)</description>
        <styleUrl>#icon-1899-0288D1</styleUrl>
      </Placemark>
      <Placemark>
        <name>Pala Horse A.S.D.</name>
        <description>40.97978786431265, 9.514423481850061</description>
        <styleUrl>#icon-1899-0288D1</styleUrl>
        <Point>
          <coordinates>
            9.51442348185006,40.9797878643126,0
          </coordinates>
        </Point>
      </Placemark>
      <Placemark>
        <name>Simonetti Simone Spa - Officina autorizzata Renault Trucks - Sede Tramatza</name>
        <styleUrl>#icon-1899-0288D1-nodesc</styleUrl>
        <Point>
          <coordinates>
            8.6457909,39.9913244,0
          </coordinates>
        </Point>
      </Placemark>
    </Folder>
    <Folder>
      <name>Livello senza titolo</name>
    </Folder>
    <Folder>
      <name>Indicazioni stradali da Autotrasporti Porcu Mario a Autotrasporti Porcu Mario</name>
      <Placemark>
        <name>Indicazioni stradali da Autotrasporti Porcu Mario a Autotrasporti Porcu Mario</name>
        <styleUrl>#line-1267FF-5000-nodesc</styleUrl>
        <LineString>
          <tessellate>1</tessellate>
          <coordinates>
            9.57696,39.41895,0
          </coordinates>
        </LineString>
      </Placemark>
      <Placemark>
        <name>Autotrasporti Porcu Mario</name>
        <styleUrl>#icon-1899-DB4436-nodesc</styleUrl>
        <Point>
          <coordinates>
            9.5769622,39.4189482,0
          </coordinates>
        </Point>
      </Placemark>
      <Placemark>
        <name>Autotrasporti Porcu Mario</name>
        <styleUrl>#icon-1899-DB4436-nodesc</styleUrl>
        <Point>
          <coordinates>
            9.5769622,39.4189482,0
          </coordinates>
        </Point>
      </Placemark>
    </Folder>
    <Folder>
      <name>Indicazioni stradali da Autotrasporti Porcu Mario a Autotrasporti Porcu Mario</name>
      <Placemark>
        <name>Indicazioni stradali da Autotrasporti Porcu Mario a Autotrasporti Porcu Mario</name>
        <styleUrl>#line-1267FF-5000-nodesc</styleUrl>
        <LineString>
          <tessellate>1</tessellate>
          <coordinates>
            9.57696,39.41895,0
          </coordinates>
        </LineString>
      </Placemark>
      <Placemark>
        <name>Autotrasporti Porcu Mario</name>
        <styleUrl>#icon-1899-DB4436-nodesc</styleUrl>
        <Point>
          <coordinates>
            9.5769622,39.4189482,0
          </coordinates>
        </Point>
      </Placemark>
      <Placemark>
        <name>Autotrasporti Porcu Mario</name>
        <styleUrl>#icon-1899-DB4436-nodesc</styleUrl>
        <Point>
          <coordinates>
            9.5769622,39.4189482,0
          </coordinates>
        </Point>
      </Placemark>
    </Folder>
    <Folder>
      <name>Indicazioni stradali da Autotrasporti Porcu Mario a Autotrasporti Porcu Mario</name>
      <Placemark>
        <name>Indicazioni stradali da Autotrasporti Porcu Mario a Autotrasporti Porcu Mario</name>
        <styleUrl>#line-1267FF-5000-nodesc</styleUrl>
        <LineString>
          <tessellate>1</tessellate>
          <coordinates>
            9.57696,39.41895,0
          </coordinates>
        </LineString>
      </Placemark>
      <Placemark>
        <name>Autotrasporti Porcu Mario</name>
        <styleUrl>#icon-1899-DB4436-nodesc</styleUrl>
        <Point>
          <coordinates>
            9.5769622,39.4189482,0
          </coordinates>
        </Point>
      </Placemark>
      <Placemark>
        <name>Autotrasporti Porcu Mario</name>
        <styleUrl>#icon-1899-DB4436-nodesc</styleUrl>
        <Point>
          <coordinates>
            9.5769622,39.4189482,0
          </coordinates>
        </Point>
      </Placemark>
    </Folder>
  </Document>
</kml>
